Match ID,Map,Player,Team,Agent,2K,3K,4K,5K,1v1,1v2,1v3,1v4,1v5,ECON,PL,DE
312765,Icebox,MAGNUM,KC,Killjoy,3,1,1,0,0,0,0,0,0,62,1,1
312765,Icebox,sh1n,KC,Sage,3,1,0,0,0,0,0,0,0,39,2,1
312765,Icebox,marteen,KC,Jett,4,2,0,0,0,0,0,0,0,53,0,0
312765,Icebox,tomaszy,KC,Viper,2,0,0,0,1,0,0,0,0,40,0,0
312765,Icebox,N4RRATE,KC,Gekko,1,2,2,0,1,1,0,0,0,92,4,1
312765,Icebox,Autumn,FPX,Jett,2,1,0,0,0,0,0,0,0,45,0,1
312765,Icebox,Life,FPX,Reyna,3,1,0,1,1,0,0,0,0,80,0,0
312765,Icebox,BerLIN,FPX,Omen,1,1,0,0,1,0,0,0,0,40,1,0
312765,Icebox,AAAAY,FPX,Gekko,4,0,0,0,0,0,0,0,0,53,7,0
312765,Icebox,Lysoar,FPX,Viper,3,0,0,0,0,0,0,0,0,43,0,0
312765,Lotus,MAGNUM,KC,Killjoy,3,2,0,0,0,0,0,0,0,68,0,0
312765,Lotus,sh1n,KC,Omen,1,3,1,0,0,0,0,0,0,61,2,0
312765,Lotus,marteen,KC,Raze,0,1,0,0,0,0,0,0,0,40,0,0
312765,Lotus,tomaszy,KC,Viper,3,0,0,0,2,0,0,0,0,54,2,1
312765,Lotus,N4RRATE,KC,Fade,8,1,1,0,0,0,0,0,0,83,5,2
312765,Lotus,Autumn,FPX,Raze,4,0,1,0,0,0,0,0,0,55,0,0
312765,Lotus,Life,FPX,Chamber,5,0,0,0,1,0,0,0,0,56,0,0
312765,Lotus,BerLIN,FPX,Omen,3,0,0,0,0,0,0,0,0,36,3,0
312765,Lotus,AAAAY,FPX,Gekko,3,1,0,0,1,0,0,0,0,54,8,1
312765,Lotus,Lysoar,FPX,Viper,1,1,0,0,0,0,0,0,0,51,0,1
312766,Icebox,Lakia,GEN,Gekko,1,0,0,0,0,0,0,0,0,26,6,0
312766,Icebox,Munchkin,GEN,Kayo,4,1,0,0,0,0,0,0,0,60,2,1
312766,Icebox,t3xture,GEN,Jett,6,2,0,0,0,1,0,0,0,67,0,0
312766,Icebox,Meteor,GEN,Killjoy,1,2,0,0,0,0,0,0,0,44,0,0
312766,Icebox,Karon,GEN,Viper,4,1,0,0,1,1,0,0,0,57,1,1
312766,Icebox,saadhak,LOUD,Killjoy,5,1,0,0,0,0,0,0,0,64,3,1
312766,Icebox,Quick,LOUD,Jett,4,1,0,0,0,0,0,0,0,43,0,1
312766,Icebox,tuyz,LOUD,Harbor,0,2,0,0,0,0,0,0,0,43,4,1
312766,Icebox,cauanzin,LOUD,Sova,4,0,0,0,0,0,0,0,0,39,0,0
312766,Icebox,Less,LOUD,Viper,6,1,1,0,0,0,0,0,0,97,0,0
312766,Breeze,Lakia,GEN,Sova,2,0,0,0,0,0,0,0,0,28,7,0
312766,Breeze,Munchkin,GEN,Viper,3,0,1,0,0,1,0,0,0,40,0,1
312766,Breeze,t3xture,GEN,Jett,2,1,0,1,0,0,0,0,0,70,0,0
312766,Breeze,Meteor,GEN,Yoru,1,0,0,0,0,0,0,0,0,43,1,0
312766,Breeze,Karon,GEN,Astra,3,0,0,0,0,0,0,0,0,42,0,0
312766,Breeze,saadhak,LOUD,Kayo,1,0,0,0,1,0,0,0,0,47,6,0
312766,Breeze,Quick,LOUD,Jett,3,2,0,0,0,0,0,0,0,68,0,0
312766,Breeze,tuyz,LOUD,Viper,2,4,0,0,0,0,0,0,0,77,1,2
312766,Breeze,cauanzin,LOUD,Sova,2,1,0,0,0,0,0,0,0,50,0,0
312766,Breeze,Less,LOUD,Cypher,3,1,0,0,0,0,0,0,0,70,3,1
312766,Ascent,Lakia,GEN,Sova,0,0,0,0,0,0,0,0,0,27,3,0
312766,Ascent,Munchkin,GEN,Kayo,2,0,1,0,0,0,0,0,0,43,1,0
312766,Ascent,t3xture,GEN,Jett,0,1,1,0,0,0,0,0,0,58,1,0
312766,Ascent,Meteor,GEN,Killjoy,2,1,1,0,0,0,0,0,0,84,0,0
312766,Ascent,Karon,GEN,Omen,4,3,0,0,1,1,0,0,0,109,4,1
312766,Ascent,saadhak,LOUD,Kayo,2,0,0,0,0,0,0,0,0,37,0,1
312766,Ascent,Quick,LOUD,Yoru,3,1,0,0,0,0,0,0,0,49,0,0
312766,Ascent,tuyz,LOUD,Omen,3,0,1,0,0,0,0,0,0,47,0,0
312766,Ascent,cauanzin,LOUD,Breach,1,0,0,0,0,0,0,0,0,24,2,0
312766,Ascent,Less,LOUD,Viper,2,0,0,0,0,0,0,0,0,60,0,0
312767,Sunset,nobody,EDG,Sova,1,1,1,0,0,0,0,0,0,57,1,1
312767,Sunset,ZmjjKK,EDG,Raze,2,0,0,0,0,0,0,0,0,37,1,0
312767,Sunset,Haodong,EDG,Omen,2,2,0,0,0,0,0,0,0,51,1,0
312767,Sunset,Smoggy,EDG,Kayo,1,1,0,0,0,0,0,0,0,59,2,0
312767,Sunset,CHICHOO,EDG,Cypher,1,0,0,0,0,0,0,0,0,44,0,1
312767,Sunset,Monyet,PRX,Omen,4,0,0,0,0,1,0,0,0,48,1,0
312767,Sunset,mindfreak,PRX,Viper,3,4,0,0,0,0,0,0,0,71,0,0
312767,Sunset,f0rsakeN,PRX,Kayo,2,1,0,0,0,0,0,0,0,39,2,0
312767,Sunset,d4v41,PRX,Sage,2,1,0,0,1,0,0,0,0,60,1,0
312767,Sunset,something,PRX,Gekko,1,0,1,0,2,0,0,0,0,47,7,0
312767,Bind,nobody,EDG,Sova,0,0,0,0,0,0,0,0,0,27,3,1
312767,Bind,ZmjjKK,EDG,Kayo,4,1,0,0,1,0,0,0,0,54,1,0
312767,Bind,Haodong,EDG,Cypher,3,1,1,0,1,1,0,0,0,75,0,1
312767,Bind,Smoggy,EDG,Raze,4,0,0,0,1,0,0,0,0,63,0,0
312767,Bind,CHICHOO,EDG,Brimstone,3,1,1,0,0,0,0,0,0,74,2,1
312767,Bind,Monyet,PRX,Raze,3,0,0,0,0,0,0,0,0,35,0,0
312767,Bind,mindfreak,PRX,Brimstone,1,0,0,0,0,0,0,0,0,35,0,1
312767,Bind,f0rsakeN,PRX,Harbor,1,2,2,0,1,0,0,0,0,62,4,0
312767,Bind,d4v41,PRX,Fade,4,0,0,0,0,0,0,0,0,59,2,0
312767,Bind,something,PRX,Reyna,5,0,0,0,0,0,0,0,0,48,0,0
312767,Split,nobody,EDG,Skye,5,2,0,0,0,0,0,0,0,71,0,0
312767,Split,ZmjjKK,EDG,Raze,6,4,0,0,0,0,0,0,0,89,1,0
312767,Split,Haodong,EDG,Omen,1,1,0,0,2,0,0,0,0,33,0,1
312767,Split,Smoggy,EDG,Breach,5,0,0,0,1,0,0,0,0,66,4,2
312767,Split,CHICHOO,EDG,Viper,1,1,0,0,0,0,0,0,0,52,0,1
312767,Split,Monyet,PRX,Raze,3,0,0,0,1,0,0,0,0,38,3,0
312767,Split,mindfreak,PRX,Omen,3,2,0,0,0,0,0,0,0,53,2,0
312767,Split,f0rsakeN,PRX,Yoru,3,2,1,1,0,0,0,0,1,76,1,1
312767,Split,d4v41,PRX,Viper,1,1,0,0,0,0,0,0,0,38,2,0
312767,Split,something,PRX,Jett,0,0,0,0,1,0,0,0,0,37,0,0
312768,Lotus,TenZ,SEN,Omen,3,0,1,1,0,0,0,0,0,46,1,0
312768,Lotus,Sacy,SEN,Fade,2,1,0,0,1,0,0,0,0,63,3,0
312768,Lotus,Zellsis,SEN,Killjoy,2,1,1,0,0,1,0,0,0,64,2,0
312768,Lotus,johnqt,SEN,Viper,2,2,0,0,2,0,0,0,0,57,2,1
312768,Lotus,zekken,SEN,Raze,4,1,0,0,0,0,0,0,0,55,2,0
312768,Lotus,paTiTek,TH,Viper,1,2,0,0,0,0,0,0,0,44,2,0
312768,Lotus,Boo,TH,Omen,2,0,1,0,0,0,0,0,0,47,1,0
312768,Lotus,RieNs,TH,Gekko,2,0,0,0,0,0,0,0,0,38,3,1
312768,Lotus,MiniBoo,TH,Neon,5,2,0,0,0,0,0,0,0,72,1,0
312768,Lotus,benjyfishy,TH,Killjoy,0,1,0,0,1,0,0,0,0,42,2,0
312768,Sunset,TenZ,SEN,Omen,1,0,0,0,0,0,0,0,0,34,2,0
312768,Sunset,Sacy,SEN,Gekko,3,0,0,0,0,0,0,0,0,48,6,1
312768,Sunset,Zellsis,SEN,Kayo,0,0,0,0,0,0,0,0,0,22,1,0
312768,Sunset,johnqt,SEN,Cypher,1,1,0,0,0,0,0,0,0,51,1,0
312768,Sunset,zekken,SEN,Raze,4,1,0,0,0,1,0,0,0,75,1,0
312768,Sunset,paTiTek,TH,Kayo,4,0,0,0,0,0,0,0,0,61,3,3
312768,Sunset,Boo,TH,Omen,1,1,0,0,0,0,0,0,0,32,2,0
312768,Sunset,RieNs,TH,Sova,4,2,0,0,0,0,0,0,0,75,1,0
312768,Sunset,MiniBoo,TH,Neon,3,3,0,0,2,0,0,0,0,63,0,3
312768,Sunset,benjyfishy,TH,Cypher,1,0,0,0,0,0,0,0,0,56,0,1
312768,Bind,TenZ,SEN,Gekko,4,2,0,0,0,0,0,0,0,53,7,2
312768,Bind,Sacy,SEN,Skye,2,0,0,0,0,0,0,0,0,28,1,1
312768,Bind,Zellsis,SEN,Brimstone,6,0,0,0,0,1,0,0,0,75,1,1
312768,Bind,johnqt,SEN,Viper,2,0,0,0,1,0,0,0,0,43,1,0
312768,Bind,zekken,SEN,Raze,5,2,1,0,1,0,0,0,0,81,0,0
312768,Bind,paTiTek,TH,Kayo,4,0,0,0,0,0,0,0,0,42,2,1
312768,Bind,Boo,TH,Astra,2,1,0,0,1,0,0,0,0,37,1,1
312768,Bind,RieNs,TH,Sova,4,1,0,0,0,0,0,0,0,63,4,1
312768,Bind,MiniBoo,TH,Yoru,5,1,0,0,0,0,0,0,0,44,1,1
312768,Bind,benjyfishy,TH,Viper,2,0,0,0,0,0,0,0,0,31,1,0
312798,Split,TenZ,SEN,Omen,6,1,0,0,0,0,0,0,0,71,0,0
312798,Split,Sacy,SEN,Skye,2,0,0,0,0,0,0,0,0,29,5,0
312798,Split,Zellsis,SEN,Viper,4,0,0,0,0,0,0,0,0,47,3,0
312798,Split,johnqt,SEN,Cypher,2,0,0,0,0,0,0,0,0,55,0,2
312798,Split,zekken,SEN,Raze,6,3,0,0,0,0,0,0,0,81,0,2
312798,Split,MAGNUM,KC,Fade,1,0,0,0,0,0,0,0,0,25,4,0
312798,Split,sh1n,KC,Astra,3,1,0,0,0,2,0,0,0,52,1,1
312798,Split,marteen,KC,Yoru,2,1,0,0,0,0,0,0,0,45,0,1
312798,Split,tomaszy,KC,Omen,0,0,0,0,0,0,0,0,0,22,1,0
312798,Split,N4RRATE,KC,Raze,4,0,0,0,0,0,0,0,0,48,0,0
312798,Lotus,TenZ,SEN,Omen,4,1,1,0,0,0,0,0,0,61,0,0
312798,Lotus,Sacy,SEN,Fade,1,0,0,0,0,0,0,0,0,35,4,1
312798,Lotus,Zellsis,SEN,Killjoy,4,0,0,0,1,0,0,0,0,62,2,0
312798,Lotus,johnqt,SEN,Viper,3,1,0,0,0,0,0,0,0,72,2,2
312798,Lotus,zekken,SEN,Raze,4,1,0,0,0,0,0,0,0,37,0,1
312798,Lotus,MAGNUM,KC,Killjoy,1,3,0,0,0,0,0,0,0,55,1,0
312798,Lotus,sh1n,KC,Omen,3,0,0,0,0,0,0,0,0,40,1,0
312798,Lotus,marteen,KC,Raze,1,1,1,0,0,0,0,0,0,36,0,0
312798,Lotus,tomaszy,KC,Viper,2,0,0,0,0,0,0,0,0,33,1,1
312798,Lotus,N4RRATE,KC,Fade,2,3,0,0,0,0,1,0,0,57,6,1
312797,Icebox,nobody,EDG,Sova,4,1,0,0,1,0,0,0,0,66,3,0
312797,Icebox,ZmjjKK,EDG,Jett,4,3,0,0,0,0,0,0,0,80,0,0
312797,Icebox,Haodong,EDG,Viper,2,1,0,0,0,0,0,0,0,57,1,0
312797,Icebox,Smoggy,EDG,Kayo,1,0,0,0,1,0,0,0,0,41,4,1
312797,Icebox,CHICHOO,EDG,Killjoy,4,0,0,0,0,0,0,0,0,63,0,1
312797,Icebox,Lakia,GEN,Gekko,0,0,0,0,0,0,0,0,0,18,4,0
312797,Icebox,Munchkin,GEN,Kayo,2,1,0,0,0,0,0,0,0,52,2,0
312797,Icebox,t3xture,GEN,Jett,3,0,0,0,0,0,0,0,0,40,0,0
312797,Icebox,Meteor,GEN,Killjoy,3,2,0,0,0,0,0,0,0,59,0,0
312797,Icebox,Karon,GEN,Viper,3,1,0,0,1,0,1,0,0,66,0,0
312797,Split,nobody,EDG,Skye,2,0,0,0,0,1,0,0,0,35,1,1
312797,Split,ZmjjKK,EDG,Raze,2,3,1,0,0,1,0,0,0,100,0,1
312797,Split,Haodong,EDG,Omen,3,0,0,0,0,0,0,0,0,40,0,1
312797,Split,Smoggy,EDG,Breach,2,0,0,0,0,0,0,0,0,36,1,0
312797,Split,CHICHOO,EDG,Viper,1,0,0,0,0,0,0,0,0,27,0,0
312797,Split,Lakia,GEN,Skye,3,0,0,0,1,0,0,0,0,62,6,0
312797,Split,Munchkin,GEN,Viper,3,0,0,0,0,0,0,0,0,54,0,1
312797,Split,t3xture,GEN,Raze,3,1,1,1,2,0,0,0,0,56,0,1
312797,Split,Meteor,GEN,Jett,5,3,0,0,0,0,0,0,0,74,0,0
312797,Split,Karon,GEN,Omen,3,0,0,0,0,0,0,0,0,45,4,0
312797,Breeze,nobody,EDG,Sova,2,0,0,0,0,0,0,0,0,43,1,0
312797,Breeze,ZmjjKK,EDG,Jett,5,0,0,0,0,0,0,0,0,46,1,0
312797,Breeze,Haodong,EDG,Viper,1,0,0,0,0,0,0,0,0,44,0,0
312797,Breeze,Smoggy,EDG,Kayo,2,1,0,0,0,0,0,0,0,44,3,0
312797,Breeze,CHICHOO,EDG,Cypher,2,0,0,0,0,0,0,0,0,37,0,0
312797,Breeze,Lakia,GEN,Sova,3,1,0,0,0,0,0,0,0,58,5,0
312797,Breeze,Munchkin,GEN,Viper,2,1,0,0,0,0,0,0,0,41,1,0
312797,Breeze,t3xture,GEN,Jett,4,0,0,0,0,0,0,0,0,43,3,0
312797,Breeze,Meteor,GEN,Yoru,4,1,0,0,1,0,0,0,0,69,2,0
312797,Breeze,Karon,GEN,Astra,2,1,0,0,0,0,0,0,0,66,0,0
312800,Sunset,Autumn,FPX,Phoenix,4,0,0,0,0,1,0,0,0,54,0,0
312800,Sunset,Life,FPX,Chamber,1,0,1,0,0,0,1,0,0,61,0,0
312800,Sunset,BerLIN,FPX,Harbor,2,0,0,0,0,0,0,0,0,35,5,0
312800,Sunset,AAAAY,FPX,Sova,2,0,0,0,0,0,0,0,0,33,0,0
312800,Sunset,Lysoar,FPX,Viper,2,0,0,0,0,0,0,0,0,33,2,0
312800,Sunset,saadhak,LOUD,Sova,5,1,1,0,0,0,0,0,0,101,0,1
312800,Sunset,Quick,LOUD,Phoenix,5,1,0,0,0,0,0,0,0,56,0,2
312800,Sunset,tuyz,LOUD,Omen,3,0,0,0,0,0,0,0,0,53,0,0
312800,Sunset,cauanzin,LOUD,Breach,3,2,0,0,0,0,0,0,0,58,4,0
312800,Sunset,Less,LOUD,Viper,1,1,0,0,0,0,0,0,0,71,0,0
312800,Breeze,Autumn,FPX,Yoru,3,2,1,0,1,0,0,0,0,66,1,0
312800,Breeze,Life,FPX,Jett,3,1,0,0,0,0,0,0,0,62,0,0
312800,Breeze,BerLIN,FPX,Astra,0,1,0,0,0,0,0,0,0,35,3,0
312800,Breeze,AAAAY,FPX,Sova,3,0,0,0,0,0,0,0,0,37,2,1
312800,Breeze,Lysoar,FPX,Viper,5,0,0,0,0,0,0,0,0,57,3,2
312800,Breeze,saadhak,LOUD,Kayo,3,1,0,0,0,0,0,0,0,53,3,1
312800,Breeze,Quick,LOUD,Jett,3,0,0,0,0,0,0,0,0,37,0,0
312800,Breeze,tuyz,LOUD,Viper,2,0,0,0,0,0,0,0,0,49,2,2
312800,Breeze,cauanzin,LOUD,Sova,5,1,0,0,1,0,0,0,0,54,2,2
312800,Breeze,Less,LOUD,Cypher,6,2,0,0,0,0,0,0,0,65,0,0
312799,Sunset,paTiTek,TH,Kayo,0,0,0,0,0,0,0,0,0,34,2,0
312799,Sunset,Boo,TH,Omen,3,1,0,0,1,0,0,0,0,53,4,2
312799,Sunset,RieNs,TH,Sova,3,2,0,0,0,0,0,0,0,76,1,2
312799,Sunset,MiniBoo,TH,Neon,7,0,0,0,0,0,0,0,0,58,0,0
312799,Sunset,benjyfishy,TH,Cypher,3,1,0,0,0,0,0,0,0,62,0,2
312799,Sunset,Monyet,PRX,Omen,3,1,0,0,0,1,0,0,0,69,0,2
312799,Sunset,mindfreak,PRX,Viper,5,1,0,0,0,0,0,0,0,51,1,0
312799,Sunset,f0rsakeN,PRX,Kayo,3,1,1,0,0,0,0,0,0,45,2,0
312799,Sunset,d4v41,PRX,Sage,2,0,0,0,1,0,0,0,0,41,0,0
312799,Sunset,something,PRX,Gekko,2,1,0,0,0,0,0,0,0,61,9,1
312799,Lotus,paTiTek,TH,Viper,2,0,0,0,0,0,0,0,0,36,0,0
312799,Lotus,Boo,TH,Omen,3,1,0,0,0,0,0,0,0,48,0,0
312799,Lotus,RieNs,TH,Gekko,4,1,0,0,0,0,0,0,0,62,6,2
312799,Lotus,MiniBoo,TH,Neon,4,1,1,0,1,0,0,0,0,75,0,1
312799,Lotus,benjyfishy,TH,Killjoy,5,2,0,0,1,0,0,0,0,78,0,1
312799,Lotus,Monyet,PRX,Raze,4,0,0,0,1,0,0,0,0,37,0,1
312799,Lotus,mindfreak,PRX,Omen,1,1,0,0,0,0,0,0,0,41,1,0
312799,Lotus,f0rsakeN,PRX,Cypher,1,2,0,0,0,0,1,0,0,36,2,0
312799,Lotus,d4v41,PRX,Skye,1,1,0,0,0,0,0,0,0,38,6,0
312799,Lotus,something,PRX,Jett,3,1,2,0,0,0,0,0,0,78,0,0
312799,Split,paTiTek,TH,Viper,0,0,0,0,0,0,0,0,0,31,0,0
312799,Split,Boo,TH,Omen,3,0,1,0,0,0,0,0,0,48,1,0
312799,Split,RieNs,TH,Breach,1,0,1,0,0,0,0,0,0,45,1,0
312799,Split,MiniBoo,TH,Raze,1,0,0,0,0,0,0,0,0,27,0,0
312799,Split,benjyfishy,TH,Cypher,3,1,2,0,0,0,0,0,0,84,1,0
312799,Split,Monyet,PRX,Omen,3,0,0,0,0,1,0,0,0,38,0,0
312799,Split,mindfreak,PRX,Viper,0,0,0,0,0,0,0,0,0,26,0,0
312799,Split,f0rsakeN,PRX,Raze,3,1,2,0,0,0,0,0,0,77,0,2
312799,Split,d4v41,PRX,Skye,3,1,0,0,1,0,0,0,0,50,5,0
312799,Split,something,PRX,Jett,3,1,1,0,0,0,0,0,0,62,0,0
312803,Icebox,saadhak,LOUD,Killjoy,1,2,0,0,1,0,0,0,0,72,5,1
312803,Icebox,Quick,LOUD,Jett,4,0,0,0,0,0,0,0,0,61,0,0
312803,Icebox,tuyz,LOUD,Harbor,2,0,0,0,1,1,0,0,0,48,5,1
312803,Icebox,cauanzin,LOUD,Sova,4,0,0,0,0,0,0,0,0,66,2,0
312803,Icebox,Less,LOUD,Viper,3,0,0,0,0,1,0,0,0,97,0,0
312803,Icebox,nobody,EDG,Sova,1,0,0,0,0,0,0,0,0,56,1,0
312803,Icebox,ZmjjKK,EDG,Jett,1,0,0,0,0,0,0,0,0,15,1,0
312803,Icebox,Haodong,EDG,Viper,1,0,0,0,0,0,0,0,0,44,0,0
312803,Icebox,Smoggy,EDG,Kayo,3,0,1,0,0,0,0,0,0,74,1,0
312803,Icebox,CHICHOO,EDG,Killjoy,0,1,0,0,0,0,0,0,0,55,0,1
312803,Sunset,saadhak,LOUD,Sova,1,0,0,0,1,0,0,0,0,59,1,1
312803,Sunset,Quick,LOUD,Phoenix,3,4,0,0,1,0,0,0,0,127,0,0
312803,Sunset,tuyz,LOUD,Omen,1,2,0,0,0,0,0,0,0,53,0,0
312803,Sunset,cauanzin,LOUD,Breach,5,0,0,0,0,0,0,0,0,65,1,2
312803,Sunset,Less,LOUD,Viper,0,0,0,0,0,0,0,0,0,60,0,1
312803,Sunset,nobody,EDG,Sova,2,0,0,0,0,0,0,0,0,39,2,0
312803,Sunset,ZmjjKK,EDG,Raze,2,0,1,0,0,0,0,0,0,59,0,0
312803,Sunset,Haodong,EDG,Omen,0,0,0,0,0,0,0,0,0,28,1,0
312803,Sunset,Smoggy,EDG,Kayo,1,0,0,0,1,0,0,0,0,38,4,0
312803,Sunset,CHICHOO,EDG,Cypher,1,0,0,0,0,0,0,0,0,34,0,0
312802,Bind,MAGNUM,KC,Skye,2,1,1,0,0,0,0,0,0,69,3,1
312802,Bind,sh1n,KC,Omen,3,0,0,0,0,0,0,0,0,41,4,0
312802,Bind,marteen,KC,Yoru,4,0,0,0,0,0,0,0,0,46,1,0
312802,Bind,tomaszy,KC,Viper,2,0,0,0,1,0,0,0,0,46,1,1
312802,Bind,N4RRATE,KC,Raze,1,2,1,0,0,0,0,0,0,73,0,1
312802,Bind,Monyet,PRX,Raze,3,0,0,1,0,0,0,0,0,73,2,1
312802,Bind,mindfreak,PRX,Brimstone,3,2,0,0,0,0,0,0,0,51,0,0
312802,Bind,f0rsakeN,PRX,Harbor,3,1,0,0,0,0,0,0,0,47,5,0
312802,Bind,d4v41,PRX,Skye,4,0,0,0,1,0,0,0,0,46,2,1
312802,Bind,something,PRX,Reyna,3,0,0,0,0,0,0,0,0,38,0,1
312802,Lotus,MAGNUM,KC,Killjoy,4,0,0,0,0,0,0,0,0,46,0,1
312802,Lotus,sh1n,KC,Omen,2,1,0,0,0,1,0,0,0,41,1,2
312802,Lotus,marteen,KC,Raze,3,2,0,0,0,1,0,0,0,62,0,0
312802,Lotus,tomaszy,KC,Viper,4,0,0,0,0,0,0,0,0,52,1,1
312802,Lotus,N4RRATE,KC,Fade,4,1,0,0,0,0,1,0,0,89,5,2
312802,Lotus,Monyet,PRX,Astra,3,0,0,0,0,0,0,0,0,45,1,0
312802,Lotus,mindfreak,PRX,Omen,0,1,0,0,0,0,0,0,0,28,0,0
312802,Lotus,f0rsakeN,PRX,Raze,4,0,0,0,0,0,0,0,0,43,0,1
312802,Lotus,d4v41,PRX,Skye,5,0,0,0,0,0,0,0,0,66,8,0
312802,Lotus,something,PRX,Jett,2,1,0,0,1,0,0,0,0,41,1,1
312802,Ascent,MAGNUM,KC,Breach,0,2,0,0,0,1,0,0,0,37,3,0
312802,Ascent,sh1n,KC,Omen,2,0,0,0,0,0,0,0,0,34,0,0
312802,Ascent,marteen,KC,Jett,4,1,2,0,0,0,0,0,0,74,1,0
312802,Ascent,tomaszy,KC,Fade,2,2,0,0,0,0,0,0,0,37,1,1
312802,Ascent,N4RRATE,KC,Kayo,2,1,0,0,0,0,0,0,0,38,1,1
312802,Ascent,Monyet,PRX,Raze,3,2,0,0,1,0,0,0,0,48,0,0
312802,Ascent,mindfreak,PRX,Viper,2,0,0,0,0,0,0,0,0,33,0,0
312802,Ascent,f0rsakeN,PRX,Fade,5,1,0,0,0,1,0,0,0,69,2,1
312802,Ascent,d4v41,PRX,Omen,3,1,0,0,0,0,0,0,0,44,2,0
312802,Ascent,something,PRX,Gekko,4,1,0,0,0,0,0,0,0,50,4,0
312777,Split,Lakia,GEN,Skye,3,0,0,0,1,0,0,0,0,57,4,0
312777,Split,Munchkin,GEN,Viper,4,1,0,0,1,0,0,0,0,73,0,0
312777,Split,t3xture,GEN,Raze,1,1,0,0,0,0,0,0,0,61,1,0
312777,Split,Meteor,GEN,Jett,3,1,0,0,0,0,0,0,0,45,0,0
312777,Split,Karon,GEN,Omen,1,0,1,0,0,0,0,0,0,47,2,0
312777,Split,Monyet,PRX,Omen,2,3,0,0,0,0,0,0,0,64,2,0
312777,Split,mindfreak,PRX,Viper,1,0,0,0,0,0,0,0,0,29,0,0
312777,Split,f0rsakeN,PRX,Raze,2,2,0,0,0,0,0,0,0,64,1,0
312777,Split,d4v41,PRX,Skye,4,0,0,0,0,0,0,0,0,43,1,0
312777,Split,something,PRX,Jett,2,0,0,0,0,0,0,0,0,44,0,0
312777,Lotus,Lakia,GEN,Fade,3,0,0,0,2,0,0,0,0,38,4,0
312777,Lotus,Munchkin,GEN,Viper,1,2,0,0,0,0,0,0,0,71,0,0
312777,Lotus,t3xture,GEN,Raze,5,1,0,0,0,0,0,0,0,59,0,2
312777,Lotus,Meteor,GEN,Killjoy,1,1,0,0,0,0,0,0,0,72,2,1
312777,Lotus,Karon,GEN,Omen,3,1,0,0,0,0,0,0,0,54,0,1
312777,Lotus,Monyet,PRX,Raze,3,0,0,0,0,0,0,0,0,43,2,0
312777,Lotus,mindfreak,PRX,Omen,1,0,0,0,0,0,0,0,0,34,1,0
312777,Lotus,f0rsakeN,PRX,Cypher,4,0,0,0,0,0,0,0,0,47,1,1
312777,Lotus,d4v41,PRX,Skye,8,1,0,0,1,1,0,0,0,73,4,0
312777,Lotus,something,PRX,Jett,5,1,0,0,0,0,0,0,0,54,0,0
312776,Split,TenZ,SEN,Omen,3,1,0,0,0,1,0,0,0,51,3,0
312776,Split,Sacy,SEN,Skye,2,0,0,0,1,0,0,0,0,36,6,0
312776,Split,Zellsis,SEN,Viper,4,2,0,0,1,0,0,0,0,85,2,0
312776,Split,johnqt,SEN,Cypher,3,1,0,0,0,1,0,0,0,47,0,0
312776,Split,zekken,SEN,Raze,1,1,0,0,0,0,0,0,0,55,1,0
312776,Split,saadhak,LOUD,Skye,2,0,0,0,0,0,0,0,0,35,0,1
312776,Split,Quick,LOUD,Raze,2,0,0,0,0,0,0,0,0,43,0,0
312776,Split,tuyz,LOUD,Omen,3,0,0,0,0,0,0,0,0,60,0,0
312776,Split,cauanzin,LOUD,Breach,3,1,1,0,0,0,0,0,0,97,1,2
312776,Split,Less,LOUD,Viper,1,0,0,0,0,0,0,0,0,37,0,0
312776,Icebox,TenZ,SEN,Kayo,1,2,0,0,0,1,0,0,0,30,1,1
312776,Icebox,Sacy,SEN,Gekko,0,1,0,0,0,0,0,0,0,22,8,2
312776,Icebox,Zellsis,SEN,Killjoy,2,1,0,0,0,0,0,0,0,43,0,0
312776,Icebox,johnqt,SEN,Viper,3,1,1,0,1,1,0,0,0,62,2,2
312776,Icebox,zekken,SEN,Jett,2,1,0,0,0,0,0,0,0,48,0,0
312776,Icebox,saadhak,LOUD,Killjoy,5,0,1,0,0,0,0,0,0,59,8,3
312776,Icebox,Quick,LOUD,Jett,3,3,0,0,0,0,0,0,0,56,0,0
312776,Icebox,tuyz,LOUD,Harbor,3,2,0,0,0,0,0,0,0,46,0,3
312776,Icebox,cauanzin,LOUD,Sova,3,1,0,0,0,0,0,0,0,46,1,0
312776,Icebox,Less,LOUD,Viper,3,2,0,0,0,0,0,0,0,57,2,0
312776,Sunset,TenZ,SEN,Omen,2,2,0,0,1,0,0,0,0,47,0,1
312776,Sunset,Sacy,SEN,Gekko,3,1,1,0,0,0,0,1,0,57,10,0
312776,Sunset,Zellsis,SEN,Kayo,2,1,0,0,0,0,0,0,0,32,1,0
312776,Sunset,johnqt,SEN,Cypher,4,0,0,0,3,1,0,0,0,60,0,0
312776,Sunset,zekken,SEN,Raze,0,2,0,0,1,0,0,0,0,47,1,1
312776,Sunset,saadhak,LOUD,Sova,6,1,0,0,1,0,0,0,0,62,3,2
312776,Sunset,Quick,LOUD,Phoenix,8,0,1,0,0,0,0,0,0,59,2,1
312776,Sunset,tuyz,LOUD,Omen,4,2,0,0,1,0,0,0,0,50,0,0
312776,Sunset,cauanzin,LOUD,Breach,3,1,0,0,0,0,0,0,0,37,4,0
312776,Sunset,Less,LOUD,Viper,3,0,0,0,0,0,0,0,0,60,0,1
312778,Split,Lakia,GEN,Skye,1,0,0,0,0,0,0,0,0,21,3,0
312778,Split,Munchkin,GEN,Viper,4,0,0,0,1,2,0,0,0,63,1,0
312778,Split,t3xture,GEN,Raze,3,2,0,0,0,0,0,0,0,59,1,0
312778,Split,Meteor,GEN,Jett,5,1,0,0,0,0,0,0,0,76,1,1
312778,Split,Karon,GEN,Omen,2,1,0,0,0,0,0,0,0,24,2,0
312778,Split,TenZ,SEN,Omen,2,0,0,0,0,0,0,0,0,36,0,0
312778,Split,Sacy,SEN,Skye,2,0,0,0,0,0,0,0,0,46,0,0
312778,Split,Zellsis,SEN,Viper,3,2,0,0,0,0,0,0,0,74,1,0
312778,Split,johnqt,SEN,Cypher,4,1,0,0,0,0,0,0,0,66,1,0
312778,Split,zekken,SEN,Raze,3,0,0,0,0,0,0,0,0,41,1,0
312778,Lotus,Lakia,GEN,Fade,0,0,0,0,0,0,0,0,0,32,3,0
312778,Lotus,Munchkin,GEN,Viper,1,0,1,0,0,0,0,0,0,36,0,0
312778,Lotus,t3xture,GEN,Raze,1,0,0,0,0,0,0,0,0,36,1,0
312778,Lotus,Meteor,GEN,Killjoy,2,3,0,0,0,1,0,0,0,85,0,2
312778,Lotus,Karon,GEN,Omen,1,1,0,0,0,0,0,0,0,50,0,0
312778,Lotus,TenZ,SEN,Omen,0,0,0,0,0,0,0,0,0,26,1,0
312778,Lotus,Sacy,SEN,Fade,2,1,0,0,0,0,1,0,0,56,4,0
312778,Lotus,Zellsis,SEN,Killjoy,2,1,1,0,0,0,0,0,0,59,1,1
312778,Lotus,johnqt,SEN,Viper,3,2,0,0,0,0,0,0,0,73,2,2
312778,Lotus,zekken,SEN,Raze,3,2,1,0,0,1,0,0,0,91,1,0
312778,Breeze,Lakia,GEN,Sova,0,2,0,0,0,0,0,0,0,51,2,1
312778,Breeze,Munchkin,GEN,Viper,3,0,0,0,0,0,0,0,0,82,0,0
312778,Breeze,t3xture,GEN,Jett,0,1,1,0,0,0,0,0,0,76,0,1
312778,Breeze,Meteor,GEN,Yoru,4,2,0,0,0,0,0,0,0,86,0,2
312778,Breeze,Karon,GEN,Astra,0,1,0,0,0,0,0,0,0,53,2,0
312778,Breeze,TenZ,SEN,Kayo,0,0,0,0,0,0,0,0,0,19,0,0
312778,Breeze,Sacy,SEN,Sova,2,1,0,0,0,0,0,0,0,69,5,0
312778,Breeze,Zellsis,SEN,Viper,2,0,0,0,0,0,0,0,0,44,0,0
312778,Breeze,johnqt,SEN,Cypher,2,0,0,0,0,0,0,0,0,39,1,0
312778,Breeze,zekken,SEN,Jett,2,0,0,0,0,0,0,0,0,42,1,0
312780,Ascent,Monyet,PRX,Raze,1,0,1,0,0,0,0,0,0,45,0,0
312780,Ascent,mindfreak,PRX,Viper,3,1,0,0,0,0,0,0,0,42,0,1
312780,Ascent,f0rsakeN,PRX,Fade,2,1,1,0,0,0,0,0,0,52,2,0
312780,Ascent,d4v41,PRX,Omen,3,2,0,0,0,0,0,0,0,45,0,0
312780,Ascent,something,PRX,Gekko,7,1,0,0,0,1,0,0,0,70,5,0
312780,Ascent,saadhak,LOUD,Kayo,2,0,0,0,0,0,0,0,0,43,4,1
312780,Ascent,Quick,LOUD,Phoenix,4,0,0,0,0,1,0,0,0,49,0,1
312780,Ascent,tuyz,LOUD,Omen,2,3,0,0,1,0,0,0,0,76,1,0
312780,Ascent,cauanzin,LOUD,Breach,4,1,0,0,0,0,0,0,0,46,1,0
312780,Ascent,Less,LOUD,Viper,2,2,0,0,0,0,0,0,0,56,0,0
312780,Sunset,Monyet,PRX,Omen,2,0,0,0,0,0,0,0,0,44,1,1
312780,Sunset,mindfreak,PRX,Viper,4,0,1,0,0,0,0,1,0,63,0,0
312780,Sunset,f0rsakeN,PRX,Kayo,3,1,0,0,0,0,0,0,0,57,1,0
312780,Sunset,d4v41,PRX,Sage,1,1,0,0,1,0,0,0,0,46,1,0
312780,Sunset,something,PRX,Gekko,2,2,1,0,1,0,0,0,0,61,6,0
312780,Sunset,saadhak,LOUD,Sova,1,0,0,0,0,0,0,0,0,36,2,0
312780,Sunset,Quick,LOUD,Phoenix,1,0,0,0,1,0,0,0,0,32,1,2
312780,Sunset,tuyz,LOUD,Omen,4,1,0,0,0,0,0,0,0,39,0,0
312780,Sunset,cauanzin,LOUD,Breach,5,2,1,0,0,0,0,0,0,67,2,0
312780,Sunset,Less,LOUD,Viper,2,0,1,1,0,0,0,0,0,77,0,1
312781,Lotus,TenZ,SEN,Omen,10,0,0,0,0,0,0,0,0,59,3,0
312781,Lotus,Sacy,SEN,Fade,3,0,0,0,0,0,0,0,0,38,3,1
312781,Lotus,Zellsis,SEN,Killjoy,2,0,0,0,0,0,0,0,0,40,3,1
312781,Lotus,johnqt,SEN,Viper,3,2,0,0,0,1,0,0,0,53,2,0
312781,Lotus,zekken,SEN,Raze,8,2,0,0,0,0,0,0,0,69,0,1
312781,Lotus,Monyet,PRX,Raze,1,1,0,0,0,0,0,0,0,31,1,0
312781,Lotus,mindfreak,PRX,Omen,3,1,1,0,0,0,1,0,0,42,0,1
312781,Lotus,f0rsakeN,PRX,Cypher,2,2,0,0,0,1,0,0,0,42,0,0
312781,Lotus,d4v41,PRX,Skye,1,1,0,0,0,1,0,0,0,40,8,2
312781,Lotus,something,PRX,Jett,5,2,0,0,0,0,0,0,0,54,0,1
312781,Ascent,TenZ,SEN,Omen,5,0,0,0,0,1,0,0,0,57,1,0
312781,Ascent,Sacy,SEN,Sova,3,1,0,0,0,0,0,0,0,57,2,1
312781,Ascent,Zellsis,SEN,Kayo,2,0,0,0,0,0,0,0,0,38,2,1
312781,Ascent,johnqt,SEN,Killjoy,2,1,0,0,0,1,0,0,0,60,1,0
312781,Ascent,zekken,SEN,Jett,5,2,1,0,0,0,0,0,0,108,0,0
312781,Ascent,Monyet,PRX,Raze,2,0,1,0,0,0,0,1,0,48,1,0
312781,Ascent,mindfreak,PRX,Viper,3,0,0,0,0,0,0,0,0,55,0,0
312781,Ascent,f0rsakeN,PRX,Fade,3,1,0,0,0,0,0,0,0,51,3,0
312781,Ascent,d4v41,PRX,Omen,1,0,0,0,0,0,0,0,0,26,2,0
312781,Ascent,something,PRX,Gekko,1,0,0,0,0,0,0,0,0,42,2,0
312781,Split,TenZ,SEN,Omen,2,0,0,0,0,0,0,0,0,41,0,0
312781,Split,Sacy,SEN,Skye,1,2,0,0,1,0,0,0,0,41,3,0
312781,Split,Zellsis,SEN,Viper,2,0,1,0,0,0,0,1,0,49,1,0
312781,Split,johnqt,SEN,Cypher,1,0,0,0,0,0,0,0,0,53,0,0
312781,Split,zekken,SEN,Raze,1,2,0,0,0,0,0,0,0,70,0,0
312781,Split,Monyet,PRX,Raze,2,3,0,1,0,0,0,0,0,84,3,0
312781,Split,mindfreak,PRX,Omen,2,0,1,0,0,0,0,0,0,55,0,0
312781,Split,f0rsakeN,PRX,Skye,2,0,0,0,0,0,0,0,0,53,0,0
312781,Split,d4v41,PRX,Viper,5,0,0,0,0,0,0,0,0,53,0,0
312781,Split,something,PRX,Jett,2,0,0,0,0,0,0,0,0,42,0,0
312781,Sunset,TenZ,SEN,Omen,2,4,0,0,0,1,0,0,0,74,1,0
312781,Sunset,Sacy,SEN,Gekko,3,0,0,0,0,0,0,0,0,42,3,2
312781,Sunset,Zellsis,SEN,Kayo,2,1,0,0,0,0,0,0,0,59,0,0
312781,Sunset,johnqt,SEN,Cypher,5,0,0,0,1,0,0,0,0,71,0,1
312781,Sunset,zekken,SEN,Raze,6,0,1,0,0,0,0,0,0,75,0,1
312781,Sunset,Monyet,PRX,Omen,4,1,0,0,0,0,0,0,0,47,2,0
312781,Sunset,mindfreak,PRX,Viper,1,0,0,0,0,0,0,0,0,23,0,0
312781,Sunset,f0rsakeN,PRX,Kayo,2,0,0,0,0,0,0,0,0,35,1,0
312781,Sunset,d4v41,PRX,Sage,2,0,0,0,0,0,0,0,0,51,1,0
312781,Sunset,something,PRX,Gekko,2,0,0,0,0,0,0,0,0,70,3,0
312779,Breeze,Lakia,GEN,Sova,2,1,0,0,0,1,0,0,0,50,1,0
312779,Breeze,Munchkin,GEN,Viper,1,2,0,1,0,0,0,0,0,70,1,0
312779,Breeze,t3xture,GEN,Jett,4,1,0,0,1,0,0,0,0,51,2,0
312779,Breeze,Meteor,GEN,Yoru,2,1,0,0,0,0,0,0,0,41,2,0
312779,Breeze,Karon,GEN,Astra,0,3,0,0,0,0,1,0,0,68,3,1
312779,Breeze,TenZ,SEN,Kayo,2,1,1,0,0,1,0,0,0,60,2,1
312779,Breeze,Sacy,SEN,Sova,2,0,0,0,0,0,0,0,0,42,1,0
312779,Breeze,Zellsis,SEN,Viper,1,0,0,0,0,0,0,0,0,46,1,0
312779,Breeze,johnqt,SEN,Cypher,3,0,0,0,0,0,0,0,0,47,0,1
312779,Breeze,zekken,SEN,Jett,3,0,2,0,0,0,0,0,0,52,0,1
312779,Bind,Lakia,GEN,Skye,3,0,1,0,0,0,0,0,0,41,1,1
312779,Bind,Munchkin,GEN,Viper,4,1,0,0,0,0,0,0,0,47,6,0
312779,Bind,t3xture,GEN,Raze,1,0,0,0,0,0,0,0,0,32,1,1
312779,Bind,Meteor,GEN,Cypher,5,1,0,0,0,0,0,0,0,63,0,0
312779,Bind,Karon,GEN,Brimstone,4,0,0,0,0,0,0,0,0,50,1,0
312779,Bind,TenZ,SEN,Gekko,4,0,0,0,0,0,0,0,0,41,4,0
312779,Bind,Sacy,SEN,Skye,3,3,0,0,0,0,0,0,0,57,2,1
312779,Bind,Zellsis,SEN,Brimstone,4,1,0,0,1,0,0,0,0,51,1,0
312779,Bind,johnqt,SEN,Viper,3,0,0,0,0,0,0,0,0,40,0,0
312779,Bind,zekken,SEN,Raze,3,2,0,0,0,0,0,0,0,55,1,1
312779,Ascent,Lakia,GEN,Sova,3,0,0,0,2,0,0,0,0,66,3,1
312779,Ascent,Munchkin,GEN,Kayo,7,0,0,0,0,0,0,0,0,56,3,1
312779,Ascent,t3xture,GEN,Jett,2,2,0,0,0,0,0,0,0,59,0,0
312779,Ascent,Meteor,GEN,Killjoy,2,0,0,0,0,0,0,0,0,45,1,0
312779,Ascent,Karon,GEN,Omen,2,0,0,0,0,0,0,0,0,37,2,0
312779,Ascent,TenZ,SEN,Omen,5,1,0,0,0,1,0,0,0,53,1,1
312779,Ascent,Sacy,SEN,Sova,2,0,0,0,0,0,0,0,0,58,0,1
312779,Ascent,Zellsis,SEN,Kayo,2,0,0,0,0,0,0,0,0,35,2,0
312779,Ascent,johnqt,SEN,Killjoy,3,0,0,0,0,0,0,0,0,47,1,1
312779,Ascent,zekken,SEN,Jett,4,2,0,0,0,0,0,0,0,68,0,0
312779,Split,Lakia,GEN,Skye,1,0,0,0,0,1,0,0,0,26,1,1
312779,Split,Munchkin,GEN,Viper,1,1,0,0,0,1,0,0,0,30,2,1
312779,Split,t3xture,GEN,Raze,5,2,0,0,0,0,0,0,0,63,0,0
312779,Split,Meteor,GEN,Jett,3,1,1,0,1,0,0,0,0,59,0,1
312779,Split,Karon,GEN,Omen,5,1,0,0,0,0,0,0,0,55,1,1
312779,Split,TenZ,SEN,Omen,2,2,0,0,0,1,0,0,0,51,0,0
312779,Split,Sacy,SEN,Skye,3,0,0,0,0,0,0,0,0,46,6,1
312779,Split,Zellsis,SEN,Viper,3,0,0,0,0,0,0,0,0,48,1,0
312779,Split,johnqt,SEN,Cypher,6,0,0,0,1,0,0,0,0,64,1,0
312779,Split,zekken,SEN,Raze,6,1,2,0,0,1,0,0,0,92,0,0
312779,Icebox,Lakia,GEN,Gekko,1,1,1,0,1,0,0,0,0,60,6,1
312779,Icebox,Munchkin,GEN,Kayo,3,1,0,0,1,0,0,0,0,42,2,0
312779,Icebox,t3xture,GEN,Jett,4,1,0,0,0,0,0,0,0,56,0,0
312779,Icebox,Meteor,GEN,Killjoy,0,0,0,0,0,0,0,0,0,40,0,0
312779,Icebox,Karon,GEN,Viper,1,0,0,0,0,0,0,0,0,52,1,0
312779,Icebox,TenZ,SEN,Kayo,5,0,0,0,0,0,0,0,0,66,0,0
312779,Icebox,Sacy,SEN,Gekko,6,0,0,0,0,0,0,0,0,48,6,1
312779,Icebox,Zellsis,SEN,Killjoy,2,2,1,0,0,0,0,0,0,72,0,1
312779,Icebox,johnqt,SEN,Viper,3,1,0,0,0,0,0,0,0,55,1,1
312779,Icebox,zekken,SEN,Jett,2,0,0,0,0,0,0,0,0,50,0,2
