match_id,match_title,event,date,format,teams,score,maps_played,patch,pick_ban_info
297401,FUT Esports vs Team Heretics,Champions Tour 2024: EMEA Kickoff,2024-02-20 11:00:00,Bo3,FUT Esports vs Team Heretics,0 - 2,2,Patch 8.02,TH ban Ascent; FUT ban Breeze; TH pick Lotus; FUT pick Bind; TH ban Split; FUT ban Sunset; Icebox remains
297402,GIANTX vs Karmine Corp,Champions Tour 2024: EMEA Kickoff,2024-02-20 13:35:00,Bo3,GIANTX vs Karmine Corp,1 - 2,3,Patch 8.02,KC ban Ascent; GX ban Bind; KC pick Split; GX pick Sunset; KC ban Breeze; GX ban Icebox; Lotus remains
297406,Natus Vincere vs BBL Esports,Champions Tour 2024: EMEA Kickoff,2024-02-21 08:00:00,Bo3,Natus Vincere vs BBL Esports,2 - 1,3,Patch 8.02,NAVI ban Split; BBL ban Lotus; NAVI pick Bind; BBL pick Ascent; NAVI ban Icebox; BBL ban Sunset; Breeze remains
297407,Team Liquid vs Movistar KOI(KOI),Champions Tour 2024: EMEA Kickoff,2024-02-21 11:00:00,Bo3,Team Liquid vs Movistar KOI(KOI),2 - 0,2,Patch 8.02,TL ban Sunset; MKOI ban Lotus; TL pick Icebox; MKOI pick Bind; TL ban Breeze; MKOI ban Ascent; Split remains
297412,Team Vitality vs Gentle Mates,Champions Tour 2024: EMEA Kickoff,2024-02-21 13:45:00,Bo3,Team Vitality vs Gentle Mates,2 - 0,2,Patch 8.02,VIT ban Icebox; M8 ban Bind; VIT pick Sunset; M8 pick Lotus; VIT ban Split; M8 ban Breeze; Ascent remains
297403,Team Heretics vs Karmine Corp,Champions Tour 2024: EMEA Kickoff,2024-02-22 11:00:00,Bo3,Team Heretics vs Karmine Corp,2 - 0,2,Patch 8.02,KC ban Breeze; TH ban Ascent; KC pick Split; TH pick Lotus; KC ban Icebox; TH ban Bind; Sunset remains
297404,FUT Esports vs GIANTX,Champions Tour 2024: EMEA Kickoff,2024-02-22 13:10:00,Bo3,FUT Esports vs GIANTX,2 - 1,3,Patch 8.02,GX ban Bind; FUT ban Breeze; GX pick Split; FUT pick Icebox; GX ban Lotus; FUT ban Ascent; Sunset remains
297408,Natus Vincere vs Team Liquid,Champions Tour 2024: EMEA Kickoff,2024-02-23 08:00:00,Bo3,Natus Vincere vs Team Liquid,2 - 0,2,Patch 8.02,TL ban Sunset; NAVI ban Icebox; TL pick Split; NAVI pick Breeze; TL ban Bind; NAVI ban Lotus; Ascent remains
297409,BBL Esports vs Movistar KOI(KOI),Champions Tour 2024: EMEA Kickoff,2024-02-23 10:10:00,Bo3,BBL Esports vs Movistar KOI(KOI),0 - 2,2,Patch 8.02,BBL ban Sunset; MKOI ban Lotus; BBL pick Bind; MKOI pick Split; BBL ban Breeze; MKOI ban Ascent; Icebox remains
297414,Team Vitality vs FNATIC,Champions Tour 2024: EMEA Kickoff,2024-02-23 12:20:00,Bo3,Team Vitality vs FNATIC,0 - 2,2,Patch 8.02,FNC ban Sunset; VIT ban Icebox; FNC pick Lotus; VIT pick Ascent; FNC ban Split; VIT ban Breeze; Bind remains
297416,Team Vitality vs Gentle Mates,Champions Tour 2024: EMEA Kickoff,2024-02-25 08:05:00,Bo3,Team Vitality vs Gentle Mates,2 - 1,3,Patch 8.03,M8 ban Bind; VIT ban Icebox; M8 pick Breeze; VIT pick Lotus; M8 ban Ascent; VIT ban Split; Sunset remains
297405,Karmine Corp vs FUT Esports,Champions Tour 2024: EMEA Kickoff,2024-02-25 11:15:00,Bo3,Karmine Corp vs FUT Esports,2 - 1,3,Patch 8.03,FUT ban Breeze; KC ban Ascent; FUT pick Lotus; KC pick Bind; FUT ban Split; KC ban Icebox; Sunset remains
297410,Team Liquid vs Movistar KOI(KOI),Champions Tour 2024: EMEA Kickoff,2024-02-25 14:45:00,Bo3,Team Liquid vs Movistar KOI(KOI),1 - 2,3,Patch 8.03,MKOI ban Lotus; TL ban Breeze; MKOI pick Sunset; TL pick Icebox; MKOI ban Ascent; TL ban Bind; Split remains
307567,Karmine Corp vs Team Vitality,Champions Tour 2024: EMEA Kickoff,2024-02-26 08:00:00,Bo3,Karmine Corp vs Team Vitality,2 - 0,2,Patch 8.03,KC ban Breeze; VIT ban Icebox; KC pick Sunset; VIT pick Ascent; KC ban Bind; VIT ban Split; Lotus remains
307565,KOI vs Team Vitality,Champions Tour 2024: EMEA Kickoff,2024-02-26 10:45:00,Bo3,KOI vs Team Vitality,0 - 2,2,Patch 8.03,MKOI ban Lotus; VIT ban Icebox; MKOI pick Sunset; VIT pick Breeze; MKOI ban Ascent; VIT ban Split; Bind remains
307564,Karmine Corp vs KOI,Champions Tour 2024: EMEA Kickoff,2024-02-26 12:45:00,Bo3,Karmine Corp vs KOI,2 - 0,2,Patch 8.03,KC ban Breeze; MKOI ban Lotus; KC pick Sunset; MKOI pick Bind; KC ban Ascent; MKOI ban Split; Icebox remains
303093,Team Heretics vs Natus Vincere,Champions Tour 2024: EMEA Kickoff,2024-02-29 11:00:00,Bo3,Team Heretics vs Natus Vincere,2 - 0,2,Patch 8.03,TH ban Ascent; NAVI ban Lotus; TH pick Sunset; NAVI pick Breeze; TH ban Bind; NAVI ban Icebox; Split remains
303094,FNATIC vs Karmine Corp,Champions Tour 2024: EMEA Kickoff,2024-02-29 13:20:00,Bo3,FNATIC vs Karmine Corp,0 - 2,2,Patch 8.03,FNC ban Sunset; KC ban Ascent; FNC pick Lotus; KC pick Split; FNC ban Icebox; KC ban Breeze; Bind remains
303095,Team Heretics vs Karmine Corp,Champions Tour 2024: EMEA Kickoff,2024-03-01 11:00:00,Bo5,Team Heretics vs Karmine Corp,1 - 3,4,Patch 8.03,KC ban Breeze; TH ban Ascent; KC pick Sunset; TH pick Lotus; KC pick Icebox; TH pick Split; Bind remains
