match_id,match_title,event,date,format,teams,score,maps_played,patch,pick_ban_info
314340,ZETA DIVISION vs DRX,Champions Tour 2024: Pacific Stage 2,2024-06-15 04:00:00,Bo3,ZETA DIVISION vs DRX,1 - 2,3,Patch 8.10,DRX ban Bind; ZETA ban Split; DRX pick Icebox; ZETA pick Sunset; DRX ban Ascent; ZETA ban Lotus; Breeze remains
314341,Team Secret vs BLEED,Champions Tour 2024: Pacific Stage 2,2024-06-15 06:40:00,Bo3,Team Secret vs BLEED,2 - 1,3,Patch 8.10,BLD ban Icebox; TS ban Bind; BLD pick Ascent; TS pick Sunset; BLD ban Breeze; TS ban Lotus; Split remains
314342,T1 vs Gen.G,Champions Tour 2024: Pacific Stage 2,2024-06-16 04:00:00,Bo3,T1 vs Gen.G,1 - 2,3,Patch 8.10,T1 ban Breeze; GEN ban Icebox; T1 pick Split; GEN pick Lotus; T1 ban Bind; GEN ban Ascent; Sunset remains
314343,Paper Rex vs TALON,Champions Tour 2024: Pacific Stage 2,2024-06-16 07:30:00,Bo3,Paper Rex vs TALON,2 - 0,2,Patch 8.10,TLN ban Split; PRX ban Breeze; TLN pick Icebox; PRX pick Sunset; TLN ban Lotus; PRX ban Ascent; Bind remains
314344,Rex Regum Qeon vs DetonatioN FocusMe,Champions Tour 2024: Pacific Stage 2,2024-06-17 04:00:00,Bo3,Rex Regum Qeon vs DetonatioN FocusMe,2 - 0,2,Patch 8.10,RRQ ban Bind; DFM ban Breeze; RRQ pick Icebox; DFM pick Ascent; RRQ ban Sunset; DFM ban Split; Lotus remains
314345,Team Secret vs Global Esports,Champions Tour 2024: Pacific Stage 2,2024-06-17 06:35:00,Bo3,Team Secret vs Global Esports,2 - 0,2,Patch 8.10,TS ban Bind; GE ban Breeze; TS pick Sunset; GE pick Ascent; TS ban Lotus; GE ban Split; Icebox remains
314346,TALON vs Rex Regum Qeon,Champions Tour 2024: Pacific Stage 2,2024-06-22 04:00:00,Bo3,TALON vs Rex Regum Qeon,2 - 1,3,Patch 8.11,TLN ban Split; RRQ ban Bind; TLN pick Lotus; RRQ pick Ascent; TLN ban Sunset; RRQ ban Haven; Icebox remains
314347,Paper Rex vs DRX,Champions Tour 2024: Pacific Stage 2,2024-06-22 07:50:00,Bo3,Paper Rex vs DRX,2 - 1,3,Patch 8.11,PRX ban Ascent; DRX ban Sunset; PRX pick Split; DRX pick Haven; PRX ban Bind; DRX ban Lotus; Icebox remains
314348,Global Esports vs BLEED,Champions Tour 2024: Pacific Stage 2,2024-06-23 04:00:00,Bo3,Global Esports vs BLEED,2 - 0,2,Patch 8.11,GE ban Split; BLD ban Icebox; GE pick Lotus; BLD pick Sunset; GE ban Bind; BLD ban Ascent; Haven remains
314349,DetonatioN FocusMe vs ZETA DIVISION,Champions Tour 2024: Pacific Stage 2,2024-06-23 06:05:00,Bo3,DetonatioN FocusMe vs ZETA DIVISION,2 - 1,3,Patch 8.11,DFM ban Bind; ZETA ban Split; DFM pick Haven; ZETA pick Sunset; DFM ban Lotus; ZETA ban Icebox; Ascent remains
314350,DRX vs Rex Regum Qeon,Champions Tour 2024: Pacific Stage 2,2024-06-24 04:00:00,Bo3,DRX vs Rex Regum Qeon,0 - 2,2,Patch 8.11,DRX ban Icebox; RRQ ban Bind; DRX pick Split; RRQ pick Sunset; DRX ban Lotus; RRQ ban Ascent; Haven remains
314351,Team Secret vs T1,Champions Tour 2024: Pacific Stage 2,2024-06-24 06:20:00,Bo3,Team Secret vs T1,2 - 1,3,Patch 8.11,TS ban Bind; T1 ban Sunset; TS pick Haven; T1 pick Split; TS ban Ascent; T1 ban Lotus; Icebox remains
314352,TALON vs DetonatioN FocusMe,Champions Tour 2024: Pacific Stage 2,2024-06-29 04:00:00,Bo3,TALON vs DetonatioN FocusMe,2 - 0,2,Patch 9.0,TLN ban Split; DFM ban Bind; TLN pick Lotus; DFM pick Sunset; TLN ban Haven; DFM ban Icebox; Ascent remains
314353,ZETA DIVISION vs Rex Regum Qeon,Champions Tour 2024: Pacific Stage 2,2024-06-29 06:10:00,Bo3,ZETA DIVISION vs Rex Regum Qeon,0 - 2,2,Patch 9.0,RRQ ban Bind; ZETA ban Icebox; RRQ pick Split; ZETA pick Sunset; RRQ ban Haven; ZETA ban Lotus; Ascent remains
314354,Global Esports vs T1,Champions Tour 2024: Pacific Stage 2,2024-06-30 04:00:00,Bo3,Global Esports vs T1,1 - 2,3,Patch 9.0,GE ban Bind; T1 ban Sunset; GE pick Icebox; T1 pick Lotus; GE ban Split; T1 ban Haven; Ascent remains
314355,BLEED vs Gen.G,Champions Tour 2024: Pacific Stage 2,2024-06-30 07:15:00,Bo3,BLEED vs Gen.G,1 - 2,3,Patch 9.0,BLD ban Lotus; GEN ban Bind; BLD pick Ascent; GEN pick Sunset; BLD ban Split; GEN ban Haven; Icebox remains
314356,Paper Rex vs DetonatioN FocusMe,Champions Tour 2024: Pacific Stage 2,2024-07-01 04:00:00,Bo3,Paper Rex vs DetonatioN FocusMe,2 - 0,2,Patch 9.0,DFM ban Split; PRX ban Ascent; DFM pick Icebox; PRX pick Sunset; DFM ban Bind; PRX ban Haven; Lotus remains
314357,DRX vs TALON,Champions Tour 2024: Pacific Stage 2,2024-07-01 06:00:00,Bo3,DRX vs TALON,2 - 1,3,Patch 9.0,DRX ban Lotus; TLN ban Split; DRX pick Ascent; TLN pick Haven; DRX ban Sunset; TLN ban Bind; Icebox remains
314358,Paper Rex vs Rex Regum Qeon,Champions Tour 2024: Pacific Stage 2,2024-07-05 04:00:00,Bo3,Paper Rex vs Rex Regum Qeon,2 - 1,3,Patch 9.0,PRX ban Split; RRQ ban Bind; PRX pick Lotus; RRQ pick Ascent; PRX ban Haven; RRQ ban Icebox; Sunset remains
314359,Gen.G vs Global Esports,Champions Tour 2024: Pacific Stage 2,2024-07-05 07:00:00,Bo3,Gen.G vs Global Esports,2 - 0,2,Patch 9.0,GE ban Bind; GEN ban Icebox; GE pick Lotus; GEN pick Ascent; GE ban Split; GEN ban Haven; Sunset remains
314360,DRX vs DetonatioN FocusMe,Champions Tour 2024: Pacific Stage 2,2024-07-06 04:00:00,Bo3,DRX vs DetonatioN FocusMe,2 - 1,3,Patch 9.0,DRX ban Sunset; DFM ban Split; DRX pick Icebox; DFM pick Ascent; DRX ban Bind; DFM ban Lotus; Haven remains
314361,ZETA DIVISION vs TALON,Champions Tour 2024: Pacific Stage 2,2024-07-06 06:45:00,Bo3,ZETA DIVISION vs TALON,2 - 1,3,Patch 9.0,ZETA ban Icebox; TLN ban Split; ZETA pick Ascent; TLN pick Lotus; ZETA ban Sunset; TLN ban Bind; Haven remains
314362,Gen.G vs Team Secret,Champions Tour 2024: Pacific Stage 2,2024-07-07 04:00:00,Bo3,Gen.G vs Team Secret,1 - 2,3,Patch 9.0,TS ban Bind; GEN ban Icebox; TS pick Sunset; GEN pick Lotus; TS ban Ascent; GEN ban Haven; Split remains
314363,Paper Rex vs ZETA DIVISION,Champions Tour 2024: Pacific Stage 2,2024-07-07 07:00:00,Bo3,Paper Rex vs ZETA DIVISION,2 - 1,3,Patch 9.0,ZETA ban Icebox; PRX ban Haven; ZETA pick Ascent; PRX pick Lotus; ZETA ban Split; PRX ban Bind; Sunset remains
314364,T1 vs BLEED,Champions Tour 2024: Pacific Stage 2,2024-07-08 04:00:00,Bo3,T1 vs BLEED,2 - 1,3,Patch 9.0,BLD ban Split; T1 ban Sunset; BLD pick Bind; T1 pick Lotus; BLD ban Icebox; T1 ban Haven; Ascent remains
365316,Gen.G vs Rex Regum Qeon,Champions Tour 2024: Pacific Stage 2,2024-07-12 04:00:00,Bo3,Gen.G vs Rex Regum Qeon,2 - 0,2,Patch 9.0,RRQ ban Lotus; GEN ban Abyss; RRQ pick Haven; GEN pick Bind; RRQ ban Ascent; GEN ban Icebox; Sunset remains
365317,Team Secret vs TALON,Champions Tour 2024: Pacific Stage 2,2024-07-12 06:15:00,Bo3,Team Secret vs TALON,0 - 2,2,Patch 9.0,TLN ban Sunset; TS ban Bind; TLN pick Lotus; TS pick Abyss; TLN ban Icebox; TS ban Ascent; Haven remains
365318,Paper Rex vs Gen.G,Champions Tour 2024: Pacific Stage 2,2024-07-13 04:00:00,Bo3,Paper Rex vs Gen.G,0 - 2,2,Patch 9.0,GEN ban Abyss; PRX ban Haven; GEN pick Ascent; PRX pick Icebox; GEN ban Sunset; PRX ban Bind; Lotus remains
365319,DRX vs TALON,Champions Tour 2024: Pacific Stage 2,2024-07-13 06:05:00,Bo3,DRX vs TALON,2 - 0,2,Patch 9.0,TLN ban Icebox; DRX ban Lotus; TLN pick Ascent; DRX pick Abyss; TLN ban Bind; DRX ban Haven; Sunset remains
365320,Gen.G vs DRX,Champions Tour 2024: Pacific Stage 2,2024-07-14 04:00:00,Bo3,Gen.G vs DRX,2 - 1,3,Patch 9.0,GEN ban Abyss; DRX ban Lotus; GEN pick Haven; DRX pick Sunset; GEN ban Icebox; DRX ban Ascent; Bind remains
365322,Paper Rex vs TALON,Champions Tour 2024: Pacific Stage 2,2024-07-14 07:15:00,Bo3,Paper Rex vs TALON,2 - 0,2,Patch 9.0,TLN ban Abyss; PRX ban Haven; TLN pick Ascent; PRX pick Sunset; TLN ban Icebox; PRX ban Bind; Lotus remains
365323,DRX vs Paper Rex,Champions Tour 2024: Pacific Stage 2,2024-07-20 04:00:00,Bo5,DRX vs Paper Rex,3 - 2,5,Patch 9.0,DRX ban Sunset; PRX ban Haven; DRX pick Abyss; PRX pick Lotus; DRX pick Bind; PRX pick Icebox; Ascent remains
365321,Gen.G vs DRX,Champions Tour 2024: Pacific Stage 2,2024-07-21 04:00:00,Bo5,Gen.G vs DRX,3 - 1,4,Patch 9.0,GEN ban Sunset; GEN ban Abyss; GEN pick Haven; DRX pick Bind; GEN pick Lotus; DRX pick Icebox; Ascent remains
