Match ID,Map,Player,Team,Agent,2K,3K,4K,5K,1v1,1v2,1v3,1v4,1v5,ECON,PL,DE
314340,Icebox,Dep,ZETA,Omen,1,0,0,0,0,0,0,0,0,36,0,0
314340,Icebox,Laz,ZETA,Killjoy,0,0,0,0,0,0,0,0,0,15,0,0
314340,Icebox,SugarZ3ro,ZETA,Viper,4,1,0,0,0,0,0,0,0,58,0,0
314340,Icebox,hiroronn,ZETA,Gekko,0,0,0,0,0,0,0,0,0,28,1,0
314340,Icebox,yuran,ZETA,Kayo,1,0,0,0,0,0,0,0,0,56,0,0
314340,Icebox,BuZz,DRX,Jett,3,5,0,0,0,0,0,0,0,109,0,0
314340,Icebox,MaKo,DRX,Viper,0,1,0,0,2,0,0,0,0,65,2,0
314340,Icebox,BeYN,DRX,Kayo,3,0,0,0,0,0,0,0,0,44,10,0
314340,Icebox,Foxy9,DRX,Killjoy,0,1,0,0,0,0,0,0,0,71,0,0
314340,Icebox,Flashback,DRX,Clove,2,2,0,0,1,0,0,0,0,77,0,1
314340,Sunset,Dep,ZETA,Raze,3,3,0,0,1,0,0,0,0,74,0,2
314340,Sunset,Laz,ZETA,Cypher,4,1,1,0,0,0,0,0,0,59,0,0
314340,Sunset,SugarZ3ro,ZETA,Omen,6,0,0,0,0,0,0,0,0,60,0,0
314340,Sunset,hiroronn,ZETA,Gekko,2,0,0,0,0,0,0,0,0,38,4,4
314340,Sunset,yuran,ZETA,Breach,3,0,0,0,0,0,0,0,0,35,0,0
314340,Sunset,BuZz,DRX,Raze,4,1,2,0,0,0,0,0,0,89,0,0
314340,Sunset,MaKo,DRX,Omen,0,1,0,0,0,0,0,0,0,29,1,0
314340,Sunset,BeYN,DRX,Gekko,3,0,0,0,0,0,0,0,0,43,7,0
314340,Sunset,Foxy9,DRX,Cypher,2,0,0,0,0,0,0,0,0,38,1,0
314340,Sunset,Flashback,DRX,Kayo,5,2,0,0,0,0,0,0,0,63,0,0
314340,Breeze,Dep,ZETA,Jett,1,0,0,0,0,0,0,0,0,42,1,1
314340,Breeze,Laz,ZETA,Cypher,1,1,0,0,1,0,0,0,0,49,0,0
314340,Breeze,SugarZ3ro,ZETA,Viper,3,1,1,0,0,0,0,0,0,72,0,0
314340,Breeze,hiroronn,ZETA,Sova,0,0,0,0,0,0,0,0,0,24,0,0
314340,Breeze,yuran,ZETA,Kayo,2,0,0,0,0,0,0,0,0,41,1,0
314340,Breeze,BuZz,DRX,Jett,1,1,0,0,0,0,0,0,0,53,2,0
314340,Breeze,MaKo,DRX,Viper,3,0,0,0,0,0,0,0,0,52,2,0
314340,Breeze,BeYN,DRX,Sova,1,0,0,0,0,1,0,0,0,54,7,0
314340,Breeze,Foxy9,DRX,Cypher,3,0,1,0,0,0,0,0,0,74,0,0
314340,Breeze,Flashback,DRX,Astra,7,0,0,0,1,0,0,0,0,79,0,0
314341,Ascent,JessieVash,TS,Sova,2,0,0,0,0,0,0,0,0,52,1,0
314341,Ascent,Jremy,TS,Jett,2,2,0,0,0,0,0,0,0,55,0,0
314341,Ascent,invy,TS,Kayo,3,1,0,0,0,1,0,0,0,48,2,2
314341,Ascent,2GE,TS,Omen,2,1,0,0,0,0,0,0,0,51,1,0
314341,Ascent,Wild0reoo,TS,Killjoy,6,0,0,0,0,0,0,0,0,50,0,0
314341,Ascent,Zest,BLD,Kayo,6,0,0,0,0,0,0,0,0,58,3,0
314341,Ascent,crazyguy,BLD,Sova,5,0,0,0,0,1,0,0,0,56,0,2
314341,Ascent,Retla,BLD,Killjoy,4,1,0,0,0,0,0,0,0,57,0,0
314341,Ascent,sScary,BLD,Omen,2,2,0,0,0,0,0,0,0,49,1,0
314341,Ascent,Deryeon,BLD,Jett,1,1,0,0,1,0,0,0,0,43,0,2
314341,Sunset,JessieVash,TS,Sova,1,2,1,0,0,1,0,0,0,51,4,1
314341,Sunset,Jremy,TS,Raze,2,1,0,0,0,0,0,0,0,85,0,0
314341,Sunset,invy,TS,Breach,1,0,1,1,0,1,1,0,0,61,2,0
314341,Sunset,2GE,TS,Omen,3,0,1,0,0,0,0,0,0,51,2,0
314341,Sunset,Wild0reoo,TS,Cypher,2,1,0,0,0,0,0,0,0,40,0,1
314341,Sunset,Zest,BLD,Kayo,0,1,0,0,0,0,0,0,0,31,6,0
314341,Sunset,crazyguy,BLD,Sova,3,0,0,0,0,0,0,0,0,45,0,0
314341,Sunset,Retla,BLD,Cypher,2,1,0,0,0,0,0,0,0,50,2,0
314341,Sunset,sScary,BLD,Omen,3,1,0,0,0,1,0,0,0,60,0,0
314341,Sunset,Deryeon,BLD,Raze,4,0,0,0,0,0,0,0,0,37,0,0
314341,Split,JessieVash,TS,Cypher,2,0,0,0,0,0,0,0,0,29,1,0
314341,Split,Jremy,TS,Raze,1,1,2,0,0,0,0,0,0,75,0,0
314341,Split,invy,TS,Viper,1,2,0,0,0,0,0,0,0,56,1,0
314341,Split,2GE,TS,Omen,4,0,0,0,1,1,0,0,0,60,2,0
314341,Split,Wild0reoo,TS,Skye,4,2,0,0,0,1,0,0,0,65,1,0
314341,Split,Zest,BLD,Deadlock,0,1,0,0,1,0,0,0,0,39,1,0
314341,Split,crazyguy,BLD,Fade,1,0,0,0,0,0,0,0,0,56,3,0
314341,Split,Retla,BLD,Cypher,2,1,0,0,0,0,0,0,0,60,0,1
314341,Split,sScary,BLD,Omen,1,0,0,0,0,0,0,0,0,39,0,0
314341,Split,Deryeon,BLD,Raze,3,1,0,0,0,0,0,0,0,57,0,0
314342,Split,stax,T1,Skye,4,1,0,0,1,0,0,0,0,45,6,0
314342,Split,Rossy,T1,Viper,4,0,1,0,0,0,0,0,0,56,1,1
314342,Split,Sayaplayer,T1,Chamber,6,2,0,0,0,1,0,0,0,44,0,1
314342,Split,xccurate,T1,Omen,2,0,0,0,0,0,0,0,0,20,1,0
314342,Split,iZu,T1,Raze,5,2,0,0,0,0,0,0,0,55,0,1
314342,Split,Lakia,GEN,Skye,2,2,0,0,0,0,0,0,0,43,5,1
314342,Split,Munchkin,GEN,Viper,2,0,0,0,1,0,0,0,0,41,0,0
314342,Split,t3xture,GEN,Raze,2,2,1,0,0,0,0,0,0,54,1,0
314342,Split,Meteor,GEN,Cypher,3,2,0,0,0,0,0,0,0,38,2,0
314342,Split,Karon,GEN,Omen,2,2,0,0,1,0,1,0,0,49,3,0
314342,Lotus,stax,T1,Fade,0,2,0,0,0,0,0,0,0,48,3,0
314342,Lotus,Rossy,T1,Viper,1,0,1,0,0,0,0,0,0,64,1,1
314342,Lotus,Sayaplayer,T1,Chamber,1,5,0,0,1,0,0,0,0,80,0,0
314342,Lotus,xccurate,T1,Omen,2,1,0,0,0,0,0,0,0,36,0,0
314342,Lotus,iZu,T1,Raze,0,1,1,0,0,0,0,0,0,67,1,1
314342,Lotus,Lakia,GEN,Fade,2,0,0,0,1,0,0,0,0,43,4,0
314342,Lotus,Munchkin,GEN,Viper,1,1,0,0,1,0,0,0,0,47,0,1
314342,Lotus,t3xture,GEN,Raze,3,0,0,0,0,0,0,0,0,49,0,1
314342,Lotus,Meteor,GEN,Killjoy,2,0,0,0,0,0,0,0,0,38,0,0
314342,Lotus,Karon,GEN,Omen,3,0,0,0,0,0,0,0,0,33,1,0
314342,Sunset,stax,T1,Breach,2,1,0,1,0,0,0,0,0,66,0,1
314342,Sunset,Rossy,T1,Gekko,0,2,0,0,0,1,0,0,0,52,4,0
314342,Sunset,Sayaplayer,T1,Sage,3,1,0,0,0,0,0,0,0,56,1,0
314342,Sunset,xccurate,T1,Omen,0,0,1,0,0,0,0,0,0,37,1,0
314342,Sunset,iZu,T1,Raze,1,2,0,0,0,0,0,0,0,62,1,0
314342,Sunset,Lakia,GEN,Sova,2,0,0,0,0,0,0,0,0,57,0,1
314342,Sunset,Munchkin,GEN,Kayo,2,0,0,0,1,0,0,0,0,22,4,0
314342,Sunset,t3xture,GEN,Jett,5,0,0,0,1,1,0,0,0,40,0,2
314342,Sunset,Meteor,GEN,Cypher,4,0,0,0,0,0,0,0,0,52,0,0
314342,Sunset,Karon,GEN,Omen,4,2,0,1,0,0,0,0,0,91,4,0
314343,Icebox,Jinggg,PRX,Sage,2,0,0,0,0,0,0,0,0,53,6,1
314343,Icebox,mindfreak,PRX,Viper,3,0,0,0,0,0,0,0,0,59,0,0
314343,Icebox,f0rsakeN,PRX,Kayo,5,0,0,0,0,0,0,0,0,60,3,0
314343,Icebox,d4v41,PRX,Killjoy,2,1,0,0,0,0,0,0,0,41,1,0
314343,Icebox,something,PRX,Jett,1,2,0,0,0,0,0,0,0,56,0,0
314343,Icebox,Crws,TLN,Gekko,1,0,0,0,1,0,0,0,0,60,1,1
314343,Icebox,Governor,TLN,Kayo,1,0,0,0,0,0,0,0,0,32,0,0
314343,Icebox,ban,TLN,Killjoy,1,0,0,0,0,0,0,0,0,48,0,0
314343,Icebox,JitBoyS,TLN,Viper,1,1,0,0,0,0,0,0,0,40,0,1
314343,Icebox,Surf,TLN,Jett,1,0,0,0,0,0,0,0,0,43,0,0
314343,Sunset,Jinggg,PRX,Raze,5,0,0,0,0,0,0,0,0,63,2,1
314343,Sunset,mindfreak,PRX,Omen,2,0,0,0,0,1,0,0,0,48,1,0
314343,Sunset,f0rsakeN,PRX,Breach,4,0,0,0,0,0,0,0,0,61,2,0
314343,Sunset,d4v41,PRX,Sage,5,1,0,0,1,0,0,0,0,61,0,0
314343,Sunset,something,PRX,Gekko,3,1,0,0,0,0,0,0,0,63,5,0
314343,Sunset,Crws,TLN,Breach,0,1,0,0,0,0,0,0,0,41,1,1
314343,Sunset,Governor,TLN,Raze,3,0,0,0,0,0,0,0,0,36,0,0
314343,Sunset,ban,TLN,Cypher,2,0,0,0,0,0,0,0,0,56,0,0
314343,Sunset,JitBoyS,TLN,Omen,4,0,0,0,0,0,0,0,0,47,0,0
314343,Sunset,Surf,TLN,Gekko,6,1,0,0,0,0,0,0,0,64,3,0
314344,Icebox,xffero,RRQ,Killjoy,6,1,0,0,0,0,0,0,0,59,0,0
314344,Icebox,Lmemore,RRQ,Sova,6,1,1,0,0,0,0,0,0,58,1,0
314344,Icebox,Monyet,RRQ,Viper,4,2,0,0,1,0,0,0,0,46,0,1
314344,Icebox,Jemkin,RRQ,Gekko,2,2,0,0,1,0,0,0,0,59,10,1
314344,Icebox,Estrella,RRQ,Kayo,4,1,0,0,0,0,0,0,0,54,1,1
314344,Icebox,Medusa,DFM,Killjoy,5,1,0,0,1,0,1,0,0,59,1,0
314344,Icebox,neth,DFM,Harbor,2,0,0,0,1,0,0,0,0,26,3,2
314344,Icebox,Meiy,DFM,Jett,4,1,2,0,1,0,0,0,0,63,1,0
314344,Icebox,Anthem,DFM,Sova,4,1,0,0,1,0,0,0,0,45,3,0
314344,Icebox,SSeeS,DFM,Viper,0,2,0,0,1,0,0,0,0,31,2,1
314344,Ascent,xffero,RRQ,Killjoy,2,2,0,0,0,1,0,0,0,50,0,0
314344,Ascent,Lmemore,RRQ,Sova,0,3,1,0,0,0,0,0,0,79,1,0
314344,Ascent,Monyet,RRQ,Omen,4,1,1,0,0,0,0,0,0,63,2,0
314344,Ascent,Jemkin,RRQ,Jett,1,2,0,0,0,0,0,0,0,50,0,0
314344,Ascent,Estrella,RRQ,Kayo,0,0,0,0,0,0,0,0,0,44,4,2
314344,Ascent,Medusa,DFM,Killjoy,3,1,0,0,0,0,0,0,0,46,0,1
314344,Ascent,neth,DFM,Kayo,4,0,0,0,0,0,0,0,0,51,4,0
314344,Ascent,Meiy,DFM,Jett,2,1,1,0,0,0,0,0,0,56,0,0
314344,Ascent,Anthem,DFM,Sova,1,1,0,0,0,0,0,0,0,42,1,0
314344,Ascent,SSeeS,DFM,Omen,2,0,0,0,1,0,0,0,0,44,0,0
314345,Sunset,JessieVash,TS,Sova,2,2,1,0,0,1,0,0,0,63,1,2
314345,Sunset,Jremy,TS,Raze,2,2,0,0,0,0,0,0,0,57,0,1
314345,Sunset,invy,TS,Breach,1,1,0,0,0,0,0,0,0,42,2,0
314345,Sunset,2GE,TS,Omen,2,1,0,0,0,1,1,0,0,50,0,0
314345,Sunset,Wild0reoo,TS,Cypher,4,2,0,0,1,0,0,0,0,55,0,1
314345,Sunset,Russ,GE,Kayo,1,0,1,0,0,0,0,0,0,47,1,0
314345,Sunset,blaZek1ng,GE,Cypher,3,1,1,0,0,0,0,0,0,70,0,1
314345,Sunset,Polvi,GE,Jett,3,1,0,0,0,0,0,0,0,78,2,0
314345,Sunset,Lightningfast,GE,Omen,1,0,0,0,0,0,0,0,0,34,0,0
314345,Sunset,Benkai,GE,Sova,1,2,0,0,0,0,0,0,0,35,2,0
314345,Ascent,JessieVash,TS,Sova,2,0,0,0,0,0,0,0,0,48,2,0
314345,Ascent,Jremy,TS,Jett,6,2,1,0,0,0,0,0,0,65,0,1
314345,Ascent,invy,TS,Kayo,3,2,0,0,0,0,0,0,0,50,2,1
314345,Ascent,2GE,TS,Omen,3,1,0,0,0,0,0,0,0,49,1,0
314345,Ascent,Wild0reoo,TS,Killjoy,2,3,1,0,0,1,0,0,0,69,4,1
314345,Ascent,Russ,GE,Kayo,1,0,0,0,1,0,0,0,0,41,2,0
314345,Ascent,blaZek1ng,GE,Killjoy,1,1,1,0,2,0,0,0,0,52,0,0
314345,Ascent,Polvi,GE,Jett,3,2,0,0,0,0,0,0,0,75,1,0
314345,Ascent,Lightningfast,GE,Omen,4,1,0,0,0,0,0,0,0,45,2,0
314345,Ascent,Benkai,GE,Sova,2,1,0,0,0,0,0,0,0,48,4,1
314346,Lotus,Crws,TLN,Sova,4,0,1,0,0,0,0,0,0,59,4,0
314346,Lotus,Governor,TLN,Neon,4,0,1,0,0,1,0,0,0,52,0,1
314346,Lotus,ban,TLN,Cypher,3,0,0,0,0,0,0,0,0,44,2,0
314346,Lotus,JitBoyS,TLN,Astra,6,0,0,0,0,0,0,0,0,54,0,2
314346,Lotus,Surf,TLN,Breach,1,0,0,0,0,0,0,0,0,27,7,0
314346,Lotus,xffero,RRQ,Omen,3,0,0,0,0,0,0,0,0,33,0,0
314346,Lotus,Lmemore,RRQ,Chamber,4,1,0,0,0,0,0,0,0,36,0,0
314346,Lotus,Monyet,RRQ,Neon,7,1,0,0,0,0,0,0,0,67,0,0
314346,Lotus,Jemkin,RRQ,Gekko,7,0,0,0,0,1,0,0,0,49,9,3
314346,Lotus,Estrella,RRQ,Breach,3,1,0,0,0,0,0,0,0,23,1,2
314346,Ascent,Crws,TLN,Sova,2,0,0,0,0,0,0,0,0,40,2,0
314346,Ascent,Governor,TLN,Kayo,4,1,0,0,0,0,0,0,0,46,2,1
314346,Ascent,ban,TLN,Jett,5,2,0,0,0,0,0,0,0,57,0,0
314346,Ascent,JitBoyS,TLN,Omen,7,0,0,0,0,1,0,0,0,66,1,0
314346,Ascent,Surf,TLN,Killjoy,2,1,0,0,0,0,0,0,0,39,1,1
314346,Ascent,xffero,RRQ,Killjoy,3,0,0,0,0,0,0,0,0,54,1,0
314346,Ascent,Lmemore,RRQ,Sova,4,1,0,0,0,0,0,0,0,66,1,0
314346,Ascent,Monyet,RRQ,Omen,2,0,0,0,1,0,0,0,0,39,2,0
314346,Ascent,Jemkin,RRQ,Jett,8,2,0,0,0,0,0,0,0,86,1,1
314346,Ascent,Estrella,RRQ,Kayo,4,1,0,0,0,1,0,0,0,40,4,1
314346,Icebox,Crws,TLN,Sova,2,1,0,0,1,0,0,0,0,45,1,0
314346,Icebox,Governor,TLN,Clove,5,0,1,0,1,0,0,0,0,55,2,0
314346,Icebox,ban,TLN,Iso,2,2,0,1,0,0,0,0,0,48,0,0
314346,Icebox,JitBoyS,TLN,Harbor,2,1,0,0,0,0,0,0,0,56,5,2
314346,Icebox,Surf,TLN,Killjoy,2,2,0,0,0,0,0,0,0,49,1,1
314346,Icebox,xffero,RRQ,Killjoy,2,1,0,0,0,0,0,0,0,59,0,0
314346,Icebox,Lmemore,RRQ,Sova,1,1,0,0,0,1,0,0,0,46,0,0
314346,Icebox,Monyet,RRQ,Viper,3,2,0,0,0,0,0,0,0,64,1,0
314346,Icebox,Jemkin,RRQ,Gekko,3,0,1,0,0,1,0,0,0,47,10,0
314346,Icebox,Estrella,RRQ,Kayo,1,1,0,0,0,0,0,0,0,40,0,0
314347,Split,Jinggg,PRX,Raze,3,1,0,0,0,0,0,0,0,59,2,0
314347,Split,mindfreak,PRX,Omen,5,2,0,0,1,0,0,0,0,87,1,0
314347,Split,f0rsakeN,PRX,Skye,2,1,0,0,0,0,0,0,0,48,5,0
314347,Split,d4v41,PRX,Viper,4,1,0,0,0,0,0,0,0,62,0,1
314347,Split,something,PRX,Jett,1,3,0,0,0,0,0,0,0,56,1,0
314347,Split,BuZz,DRX,Raze,2,1,0,0,0,0,0,0,0,46,1,0
314347,Split,MaKo,DRX,Omen,1,1,0,0,0,0,0,0,0,47,0,0
314347,Split,BeYN,DRX,Skye,1,0,0,0,0,0,0,0,0,35,0,0
314347,Split,Foxy9,DRX,Cypher,0,0,0,0,0,1,0,0,0,22,0,0
314347,Split,Flashback,DRX,Clove,3,0,0,1,1,0,0,0,0,70,1,0
314347,Haven,Jinggg,PRX,Iso,6,0,0,0,0,0,0,0,0,56,2,0
314347,Haven,mindfreak,PRX,Omen,1,2,0,0,0,0,0,0,0,41,2,1
314347,Haven,f0rsakeN,PRX,Yoru,4,0,1,0,0,0,0,0,0,74,0,0
314347,Haven,d4v41,PRX,Killjoy,1,0,0,0,0,0,0,0,0,56,0,0
314347,Haven,something,PRX,Fade,2,0,0,0,1,0,0,0,0,59,1,0
314347,Haven,BuZz,DRX,Jett,6,0,1,0,0,0,0,0,0,56,0,0
314347,Haven,MaKo,DRX,Omen,2,0,0,0,1,0,0,0,0,39,3,0
314347,Haven,BeYN,DRX,Sova,3,0,0,0,0,0,0,0,0,46,6,0
314347,Haven,Foxy9,DRX,Cypher,1,0,2,0,0,0,0,0,0,49,0,0
314347,Haven,Flashback,DRX,Clove,3,1,0,0,0,0,0,0,0,54,0,0
314347,Icebox,Jinggg,PRX,Sage,1,1,0,0,0,0,0,0,0,58,6,0
314347,Icebox,mindfreak,PRX,Viper,2,0,0,0,0,0,0,0,0,48,0,1
314347,Icebox,f0rsakeN,PRX,Kayo,3,1,0,0,0,0,0,0,0,56,2,0
314347,Icebox,d4v41,PRX,Killjoy,10,1,0,0,1,0,0,0,0,112,0,1
314347,Icebox,something,PRX,Jett,5,0,0,0,0,0,0,0,0,61,1,0
314347,Icebox,BuZz,DRX,Jett,3,2,0,0,0,0,0,0,0,57,1,0
314347,Icebox,MaKo,DRX,Viper,1,0,0,0,0,0,0,0,0,42,0,0
314347,Icebox,BeYN,DRX,Kayo,1,0,0,0,0,0,0,0,0,42,4,0
314347,Icebox,Foxy9,DRX,Killjoy,4,0,0,0,0,0,0,0,0,51,0,0
314347,Icebox,Flashback,DRX,Clove,2,0,0,0,0,0,0,0,0,38,0,1
314348,Lotus,Russ,GE,Fade,3,0,0,0,0,0,0,0,0,54,6,0
314348,Lotus,blaZek1ng,GE,Cypher,2,0,0,0,1,0,0,0,0,47,0,0
314348,Lotus,Polvi,GE,Neon,3,3,0,0,1,0,0,0,0,74,0,0
314348,Lotus,Lightningfast,GE,Omen,3,1,0,0,0,0,0,0,0,34,1,0
314348,Lotus,Benkai,GE,Breach,1,2,0,0,0,0,0,0,0,71,3,2
314348,Lotus,Zest,BLD,Viper,0,2,0,0,0,0,0,0,0,53,0,0
314348,Lotus,crazyguy,BLD,Fade,0,1,0,0,0,0,0,0,0,40,3,0
314348,Lotus,Retla,BLD,Cypher,2,0,1,0,0,1,0,0,0,61,1,1
314348,Lotus,sScary,BLD,Omen,2,1,0,0,0,0,0,0,0,65,0,0
314348,Lotus,Deryeon,BLD,Raze,3,0,0,0,0,0,0,0,0,42,0,0
314348,Sunset,Russ,GE,Kayo,2,1,0,0,0,0,0,0,0,60,5,0
314348,Sunset,blaZek1ng,GE,Cypher,2,0,0,0,0,0,0,0,0,53,0,0
314348,Sunset,Polvi,GE,Neon,1,2,0,0,0,0,0,0,0,49,1,0
314348,Sunset,Lightningfast,GE,Omen,2,0,0,0,1,0,0,0,0,33,1,1
314348,Sunset,Benkai,GE,Sova,4,1,0,0,4,0,0,0,0,72,0,3
314348,Sunset,Zest,BLD,Kayo,2,0,0,0,0,0,0,0,0,30,5,1
314348,Sunset,crazyguy,BLD,Sova,1,1,0,0,0,0,0,0,0,46,1,0
314348,Sunset,Retla,BLD,Cypher,3,0,1,0,0,0,0,0,0,47,2,0
314348,Sunset,sScary,BLD,Omen,5,0,0,0,0,0,0,0,0,58,1,0
314348,Sunset,Deryeon,BLD,Raze,2,1,0,0,0,0,0,0,0,39,0,0
314349,Haven,Medusa,DFM,Killjoy,3,0,0,0,0,0,0,0,0,42,0,0
314349,Haven,neth,DFM,Breach,3,0,0,0,1,1,0,0,0,45,5,0
314349,Haven,Meiy,DFM,Jett,5,0,1,0,0,0,0,0,0,72,0,1
314349,Haven,Anthem,DFM,Sova,0,1,0,0,0,0,0,0,0,28,2,0
314349,Haven,SSeeS,DFM,Omen,4,0,0,0,0,0,0,0,0,48,1,0
314349,Haven,Dep,ZETA,Neon,2,1,0,0,0,0,0,0,0,46,0,0
314349,Haven,Laz,ZETA,Killjoy,4,0,0,0,0,0,1,0,0,45,1,3
314349,Haven,SugarZ3ro,ZETA,Omen,3,1,0,0,0,0,0,0,0,58,1,1
314349,Haven,hiroronn,ZETA,Sova,3,3,0,0,0,2,0,0,0,100,3,1
314349,Haven,yuran,ZETA,Breach,2,1,0,0,0,0,0,0,0,41,4,0
314349,Sunset,Medusa,DFM,Cypher,6,1,0,0,1,1,0,0,0,73,1,0
314349,Sunset,neth,DFM,Breach,2,1,1,0,0,0,0,0,0,57,1,2
314349,Sunset,Meiy,DFM,Raze,5,1,0,0,0,0,0,0,0,54,1,0
314349,Sunset,Anthem,DFM,Gekko,2,0,0,0,0,0,0,0,0,39,4,0
314349,Sunset,SSeeS,DFM,Omen,3,3,0,0,2,0,0,0,0,52,2,0
314349,Sunset,Dep,ZETA,Raze,4,0,0,0,0,0,0,0,0,50,0,0
314349,Sunset,Laz,ZETA,Cypher,2,1,1,0,0,0,0,0,0,54,1,1
314349,Sunset,SugarZ3ro,ZETA,Omen,6,1,0,0,0,0,0,0,0,70,0,0
314349,Sunset,hiroronn,ZETA,Gekko,3,0,0,0,0,0,0,0,0,50,4,2
314349,Sunset,yuran,ZETA,Breach,2,0,0,0,0,0,0,0,0,35,1,0
314349,Ascent,Medusa,DFM,Killjoy,3,3,0,0,0,2,0,0,0,68,1,0
314349,Ascent,neth,DFM,Kayo,3,0,0,0,1,0,0,0,0,44,5,1
314349,Ascent,Meiy,DFM,Jett,6,3,0,0,0,0,0,0,0,102,0,0
314349,Ascent,Anthem,DFM,Sova,1,0,0,0,0,0,0,0,0,35,1,0
314349,Ascent,SSeeS,DFM,Omen,1,1,0,0,0,0,0,0,0,42,0,1
314349,Ascent,Dep,ZETA,Jett,2,3,0,0,0,1,0,0,0,57,0,0
314349,Ascent,Laz,ZETA,Killjoy,2,1,0,0,0,0,0,0,0,42,0,0
314349,Ascent,SugarZ3ro,ZETA,Omen,1,1,1,0,0,1,0,1,0,52,4,0
314349,Ascent,hiroronn,ZETA,Sova,4,0,0,0,0,0,0,0,0,54,1,0
314349,Ascent,yuran,ZETA,Kayo,1,1,1,0,0,0,0,0,0,40,3,0
314350,Split,BuZz,DRX,Raze,2,1,0,0,1,0,0,0,0,43,0,0
314350,Split,MaKo,DRX,Viper,2,2,0,0,0,0,0,0,0,41,1,1
314350,Split,BeYN,DRX,Skye,2,0,0,0,1,0,0,0,0,35,1,0
314350,Split,Foxy9,DRX,Cypher,2,0,0,0,2,1,0,0,0,31,0,0
314350,Split,Flashback,DRX,Omen,5,2,0,0,0,1,0,0,0,57,1,1
314350,Split,xffero,RRQ,Viper,2,0,0,0,0,0,0,0,0,40,1,0
314350,Split,Lmemore,RRQ,Skye,7,1,2,0,1,0,0,0,0,109,3,0
314350,Split,Monyet,RRQ,Raze,2,2,1,0,0,0,0,0,0,52,0,0
314350,Split,Jemkin,RRQ,Jett,3,2,1,0,1,0,0,0,0,57,0,0
314350,Split,Estrella,RRQ,Omen,2,1,0,0,0,0,0,0,0,53,3,0
314350,Sunset,BuZz,DRX,Jett,3,0,1,0,0,0,0,0,0,50,0,1
314350,Sunset,MaKo,DRX,Breach,6,0,0,0,1,0,0,0,0,53,1,2
314350,Sunset,BeYN,DRX,Sova,6,1,0,0,2,1,0,0,0,56,4,0
314350,Sunset,Foxy9,DRX,Cypher,5,0,0,0,0,0,0,0,0,52,0,2
314350,Sunset,Flashback,DRX,Omen,2,2,0,0,0,0,0,0,0,34,2,0
314350,Sunset,xffero,RRQ,Cypher,1,2,3,0,1,0,0,0,0,76,0,1
314350,Sunset,Lmemore,RRQ,Gekko,1,1,0,0,0,0,0,0,0,42,7,0
314350,Sunset,Monyet,RRQ,Omen,3,1,0,0,0,0,0,0,0,48,2,0
314350,Sunset,Jemkin,RRQ,Raze,2,2,0,0,1,0,0,0,0,46,0,1
314350,Sunset,Estrella,RRQ,Breach,5,0,0,0,1,0,0,0,0,58,1,1
314351,Haven,JessieVash,TS,Sova,2,0,0,0,1,0,0,0,0,42,4,1
314351,Haven,Jremy,TS,Neon,2,2,0,0,0,0,0,0,0,39,0,0
314351,Haven,invy,TS,Breach,2,3,0,0,0,0,0,0,0,58,2,1
314351,Haven,2GE,TS,Omen,5,0,0,0,0,0,0,0,0,50,0,0
314351,Haven,Wild0reoo,TS,Killjoy,1,0,0,0,0,0,0,0,0,42,0,2
314351,Haven,stax,T1,Breach,2,0,0,0,0,0,0,0,0,34,7,0
314351,Haven,Rossy,T1,Sova,4,3,2,0,0,1,0,0,0,116,1,2
314351,Haven,Sayaplayer,T1,Jett,1,1,0,0,0,0,0,0,0,46,0,0
314351,Haven,xccurate,T1,Omen,4,1,0,0,1,0,0,0,0,62,2,0
314351,Haven,iZu,T1,Cypher,2,1,0,0,0,0,0,0,0,54,0,0
314351,Split,JessieVash,TS,Cypher,4,1,0,0,1,0,0,0,0,42,1,0
314351,Split,Jremy,TS,Raze,4,0,0,0,0,0,0,0,0,70,1,0
314351,Split,invy,TS,Viper,0,2,0,0,0,0,0,0,0,44,0,0
314351,Split,2GE,TS,Omen,2,0,2,0,0,0,1,0,0,70,2,1
314351,Split,Wild0reoo,TS,Skye,3,0,0,0,0,0,0,0,0,46,3,0
314351,Split,stax,T1,Skye,2,0,0,0,0,0,0,0,0,41,1,0
314351,Split,Rossy,T1,Viper,1,0,0,0,0,0,0,0,0,39,0,0
314351,Split,Sayaplayer,T1,Chamber,4,0,0,0,1,0,0,0,0,65,0,0
314351,Split,xccurate,T1,Omen,1,1,0,0,0,0,0,0,0,44,1,0
314351,Split,iZu,T1,Raze,1,1,0,1,0,0,0,0,0,71,0,0
314351,Icebox,JessieVash,TS,Killjoy,2,1,0,0,0,0,0,0,0,27,0,1
314351,Icebox,Jremy,TS,Jett,0,2,0,0,0,0,0,0,0,51,0,1
314351,Icebox,invy,TS,Kayo,5,2,0,0,0,0,0,0,0,57,3,0
314351,Icebox,2GE,TS,Viper,1,3,0,0,2,1,0,0,0,49,1,0
314351,Icebox,Wild0reoo,TS,Gekko,6,0,0,0,0,0,0,0,0,54,5,0
314351,Icebox,stax,T1,Kayo,1,2,0,0,0,0,0,0,0,45,0,0
314351,Icebox,Rossy,T1,Gekko,2,0,0,0,0,0,0,0,0,35,7,1
314351,Icebox,Sayaplayer,T1,Chamber,2,1,0,0,0,0,0,0,0,44,1,0
314351,Icebox,xccurate,T1,Viper,5,0,0,0,0,0,0,0,0,63,1,0
314351,Icebox,iZu,T1,Iso,2,0,0,0,0,0,0,0,0,44,1,0
314352,Lotus,Crws,TLN,Sova,3,0,0,0,0,0,0,0,0,40,0,0
314352,Lotus,Governor,TLN,Neon,4,2,1,0,0,0,0,0,0,72,0,0
314352,Lotus,ban,TLN,Cypher,1,2,0,0,0,0,0,0,0,49,0,1
314352,Lotus,JitBoyS,TLN,Astra,4,0,1,0,0,1,0,0,0,72,3,2
314352,Lotus,Surf,TLN,Breach,1,1,0,0,0,0,0,0,0,65,5,1
314352,Lotus,Medusa,DFM,Cypher,2,1,0,0,0,0,0,0,0,42,0,0
314352,Lotus,neth,DFM,Breach,1,0,0,0,0,0,0,0,0,34,3,1
314352,Lotus,Meiy,DFM,Neon,3,1,0,0,0,0,0,0,0,37,0,0
314352,Lotus,Anthem,DFM,Deadlock,3,1,0,0,0,0,0,0,0,39,3,1
314352,Lotus,SSeeS,DFM,Omen,4,0,0,0,1,0,0,0,0,42,0,0
314352,Sunset,Crws,TLN,Sova,5,0,1,0,0,1,0,0,0,68,4,1
314352,Sunset,Governor,TLN,Neon,2,0,1,1,0,0,0,0,0,56,1,0
314352,Sunset,ban,TLN,Breach,2,1,0,0,1,0,0,0,0,43,1,3
314352,Sunset,JitBoyS,TLN,Omen,0,1,1,0,1,0,0,0,0,49,1,1
314352,Sunset,Surf,TLN,Cypher,3,0,0,0,0,0,0,0,0,39,0,0
314352,Sunset,Medusa,DFM,Cypher,1,0,0,0,0,0,0,0,0,45,1,0
314352,Sunset,neth,DFM,Breach,2,0,0,0,0,0,0,0,0,52,3,1
314352,Sunset,Meiy,DFM,Raze,3,2,1,0,1,0,0,0,0,54,0,1
314352,Sunset,Anthem,DFM,Gekko,0,0,0,0,0,0,0,0,0,27,3,0
314352,Sunset,SSeeS,DFM,Omen,5,0,1,0,0,0,0,0,0,70,2,0
314353,Split,Dep,ZETA,Raze,3,0,0,0,0,0,0,0,0,40,0,0
314353,Split,Laz,ZETA,Skye,1,1,0,0,0,0,0,0,0,48,7,1
314353,Split,SugarZ3ro,ZETA,Omen,0,2,0,0,0,0,0,0,0,50,1,0
314353,Split,hiroronn,ZETA,Cypher,1,0,0,0,0,0,0,0,0,40,0,0
314353,Split,yuran,ZETA,Viper,1,1,0,0,0,0,0,0,0,45,1,0
314353,Split,xffero,RRQ,Viper,4,0,1,0,0,2,0,0,0,77,2,1
314353,Split,Lmemore,RRQ,Skye,2,1,0,0,0,0,0,0,0,53,3,0
314353,Split,Monyet,RRQ,Raze,1,1,0,0,0,0,0,0,0,48,2,0
314353,Split,Jemkin,RRQ,Jett,2,2,0,0,0,0,0,0,0,47,0,1
314353,Split,Estrella,RRQ,Omen,2,1,0,0,0,0,0,0,0,71,0,1
314353,Sunset,Dep,ZETA,Raze,3,1,1,0,0,0,0,0,0,67,0,0
314353,Sunset,Laz,ZETA,Gekko,1,1,0,0,0,0,0,0,0,50,7,1
314353,Sunset,SugarZ3ro,ZETA,Omen,2,1,0,0,0,0,0,0,0,44,1,0
314353,Sunset,hiroronn,ZETA,Cypher,3,0,1,0,1,0,0,0,0,53,1,0
314353,Sunset,yuran,ZETA,Breach,2,0,0,0,0,0,0,0,0,26,1,0
314353,Sunset,xffero,RRQ,Cypher,3,3,0,0,0,0,1,0,0,67,0,2
314353,Sunset,Lmemore,RRQ,Gekko,3,0,0,0,0,0,0,0,0,32,9,0
314353,Sunset,Monyet,RRQ,Omen,3,2,0,0,1,1,0,0,0,63,0,1
314353,Sunset,Jemkin,RRQ,Raze,4,2,0,0,0,0,1,0,0,64,1,0
314353,Sunset,Estrella,RRQ,Breach,1,0,0,0,0,0,0,0,0,29,0,0
314354,Icebox,Russ,GE,Kayo,0,1,0,0,1,0,0,0,0,34,2,3
314354,Icebox,blaZek1ng,GE,Viper,2,2,0,0,1,0,0,0,0,52,0,0
314354,Icebox,Polvi,GE,Jett,2,4,0,0,0,0,0,0,0,60,1,0
314354,Icebox,Lightningfast,GE,Sage,3,1,0,0,1,0,0,0,0,54,3,1
314354,Icebox,Benkai,GE,Killjoy,2,1,0,0,0,0,0,0,0,59,0,1
314354,Icebox,stax,T1,Kayo,3,0,1,0,0,0,0,0,0,42,2,0
314354,Icebox,Sayaplayer,T1,Chamber,4,1,0,0,1,0,0,0,0,73,0,1
314354,Icebox,xccurate,T1,Viper,2,0,0,0,1,0,0,0,0,50,0,0
314354,Icebox,iZu,T1,Jett,4,1,1,0,0,0,0,0,0,82,0,0
314354,Icebox,carpe,T1,Gekko,3,0,0,0,0,0,0,0,0,45,8,0
314354,Lotus,Russ,GE,Fade,6,1,0,0,0,0,0,0,0,58,3,0
314354,Lotus,blaZek1ng,GE,Cypher,1,1,1,0,1,0,0,0,0,61,1,2
314354,Lotus,Polvi,GE,Neon,1,2,0,0,0,0,0,0,0,57,0,1
314354,Lotus,Lightningfast,GE,Omen,1,1,0,0,0,0,0,0,0,28,2,0
314354,Lotus,Benkai,GE,Breach,0,0,0,0,0,0,0,0,0,31,0,1
314354,Lotus,stax,T1,Fade,3,2,1,0,0,0,0,1,0,109,7,0
314354,Lotus,Sayaplayer,T1,Chamber,3,1,0,0,0,0,0,0,0,56,0,1
314354,Lotus,xccurate,T1,Omen,3,0,0,0,0,0,0,0,0,35,1,0
314354,Lotus,iZu,T1,Raze,3,2,1,0,0,0,0,0,0,86,0,1
314354,Lotus,carpe,T1,Viper,2,0,0,0,0,0,0,0,0,53,1,0
314354,Ascent,Russ,GE,Kayo,1,1,0,0,1,0,0,0,0,45,2,1
314354,Ascent,blaZek1ng,GE,Killjoy,4,0,0,0,0,0,0,0,0,45,0,0
314354,Ascent,Polvi,GE,Jett,1,2,0,0,0,0,0,0,0,50,0,0
314354,Ascent,Lightningfast,GE,Omen,0,0,0,0,0,0,0,0,0,20,1,0
314354,Ascent,Benkai,GE,Sova,1,1,0,0,2,0,0,0,0,53,4,0
314354,Ascent,stax,T1,Kayo,4,0,0,0,0,0,0,0,0,52,5,1
314354,Ascent,Sayaplayer,T1,Jett,5,1,1,0,0,0,0,0,0,87,1,1
314354,Ascent,xccurate,T1,Omen,3,0,0,0,1,0,0,0,0,28,0,0
314354,Ascent,iZu,T1,Killjoy,5,2,0,0,0,0,0,0,0,81,0,0
314354,Ascent,carpe,T1,Sova,3,0,0,0,0,0,0,0,0,66,2,0
314355,Ascent,Zest,BLD,Kayo,3,0,1,0,0,1,0,0,0,63,5,0
314355,Ascent,crazyguy,BLD,Sova,2,0,0,0,0,0,0,0,0,36,0,0
314355,Ascent,Retla,BLD,Killjoy,1,1,0,0,0,0,0,0,0,48,0,0
314355,Ascent,sScary,BLD,Omen,0,1,0,0,0,0,0,0,0,71,0,0
314355,Ascent,Deryeon,BLD,Jett,1,0,1,0,0,0,0,0,0,42,1,0
314355,Ascent,Lakia,GEN,Sova,3,1,0,0,0,0,0,0,0,65,1,0
314355,Ascent,Munchkin,GEN,Kayo,0,0,0,0,0,0,0,0,0,38,3,0
314355,Ascent,t3xture,GEN,Jett,7,0,1,0,0,0,0,0,0,103,0,0
314355,Ascent,Meteor,GEN,Killjoy,1,2,0,0,1,1,0,0,0,55,3,0
314355,Ascent,Karon,GEN,Omen,2,1,0,0,0,0,0,0,0,27,0,0
314355,Sunset,Zest,BLD,Kayo,3,1,0,0,0,1,0,0,0,49,6,0
314355,Sunset,crazyguy,BLD,Sova,3,1,0,0,0,1,0,0,0,56,1,1
314355,Sunset,Retla,BLD,Cypher,3,0,1,0,0,0,0,0,0,55,0,0
314355,Sunset,sScary,BLD,Omen,0,0,0,0,0,0,0,0,0,33,0,1
314355,Sunset,Deryeon,BLD,Jett,6,0,0,0,0,0,0,0,0,75,1,0
314355,Sunset,Lakia,GEN,Sova,2,1,0,0,1,0,0,0,0,58,3,1
314355,Sunset,Munchkin,GEN,Kayo,1,0,0,0,0,0,0,0,0,42,2,0
314355,Sunset,t3xture,GEN,Jett,3,1,1,0,0,0,0,0,0,54,0,0
314355,Sunset,Meteor,GEN,Cypher,2,1,0,0,0,0,0,0,0,49,0,0
314355,Sunset,Karon,GEN,Omen,6,1,0,0,0,0,0,0,0,60,2,0
314355,Icebox,Zest,BLD,Kayo,1,0,0,0,0,0,0,0,0,32,5,0
314355,Icebox,crazyguy,BLD,Sova,1,1,0,0,0,0,0,0,0,33,2,0
314355,Icebox,Retla,BLD,Killjoy,2,0,0,0,0,0,0,0,0,37,0,0
314355,Icebox,sScary,BLD,Viper,4,1,1,0,1,0,0,0,0,79,0,0
314355,Icebox,Deryeon,BLD,Jett,2,2,0,1,0,0,0,0,0,64,0,1
314355,Icebox,Lakia,GEN,Gekko,4,1,0,0,0,0,0,0,0,48,9,0
314355,Icebox,Munchkin,GEN,Kayo,3,2,0,0,0,0,0,0,0,43,1,0
314355,Icebox,t3xture,GEN,Jett,2,1,0,0,0,0,0,0,0,42,0,0
314355,Icebox,Meteor,GEN,Killjoy,7,1,0,0,0,0,0,0,0,65,0,0
314355,Icebox,Karon,GEN,Viper,3,0,0,0,0,0,0,0,0,38,0,0
314356,Icebox,Jinggg,PRX,Sage,3,0,0,0,0,0,0,0,0,46,7,0
314356,Icebox,mindfreak,PRX,Viper,1,2,0,0,0,0,1,0,0,117,0,0
314356,Icebox,f0rsakeN,PRX,Kayo,2,2,0,0,0,0,0,0,0,70,4,0
314356,Icebox,d4v41,PRX,Killjoy,0,3,0,0,0,0,1,0,0,67,0,0
314356,Icebox,something,PRX,Jett,2,0,0,0,0,0,0,0,0,46,0,0
314356,Icebox,Medusa,DFM,Killjoy,0,0,1,0,1,0,0,0,0,49,2,0
314356,Icebox,neth,DFM,Harbor,3,0,0,0,0,0,0,0,0,65,0,0
314356,Icebox,Meiy,DFM,Jett,2,1,0,0,0,0,0,0,0,39,0,0
314356,Icebox,Anthem,DFM,Sova,0,0,0,0,0,0,0,0,0,34,0,0
314356,Icebox,SSeeS,DFM,Viper,1,0,0,0,0,0,0,0,0,40,0,1
314356,Sunset,Jinggg,PRX,Raze,2,3,0,1,0,0,0,0,0,66,1,0
314356,Sunset,mindfreak,PRX,Omen,2,1,0,0,0,0,0,0,0,31,1,0
314356,Sunset,f0rsakeN,PRX,Breach,3,2,0,0,0,0,0,0,0,75,1,0
314356,Sunset,d4v41,PRX,Sage,3,1,0,0,0,1,0,0,0,46,1,2
314356,Sunset,something,PRX,Gekko,2,0,0,0,1,0,0,0,0,44,4,2
314356,Sunset,Medusa,DFM,Cypher,2,0,0,0,0,0,0,0,0,35,1,0
314356,Sunset,neth,DFM,Breach,0,0,0,0,0,0,0,0,0,21,0,0
314356,Sunset,Meiy,DFM,Raze,3,0,2,0,0,0,0,0,0,67,0,1
314356,Sunset,Anthem,DFM,Gekko,2,1,0,0,1,0,0,0,0,61,5,1
314356,Sunset,SSeeS,DFM,Omen,2,1,1,0,0,0,0,0,0,56,2,1
314357,Ascent,BuZz,DRX,Jett,2,1,1,0,0,0,1,0,0,48,1,0
314357,Ascent,MaKo,DRX,Omen,2,0,0,0,0,0,0,0,0,41,0,0
314357,Ascent,BeYN,DRX,Sova,0,0,0,0,0,0,0,0,0,36,7,0
314357,Ascent,Foxy9,DRX,Kayo,6,0,0,0,1,0,0,0,0,69,2,0
314357,Ascent,Flashback,DRX,Cypher,5,1,0,0,0,0,0,0,0,52,0,0
314357,Ascent,Crws,TLN,Sova,3,2,0,0,0,0,0,0,0,85,1,0
314357,Ascent,Governor,TLN,Kayo,4,0,1,0,0,0,0,0,0,69,3,1
314357,Ascent,ban,TLN,Phoenix,3,0,0,0,0,0,0,0,0,31,0,1
314357,Ascent,JitBoyS,TLN,Clove,3,4,0,0,0,0,0,0,0,72,2,0
314357,Ascent,Surf,TLN,Sage,4,0,0,0,0,0,0,0,0,42,3,0
314357,Haven,BuZz,DRX,Jett,6,1,0,0,1,0,0,0,0,63,1,1
314357,Haven,MaKo,DRX,Omen,4,1,0,0,0,0,0,0,0,56,0,0
314357,Haven,BeYN,DRX,Sova,3,0,0,0,0,0,0,0,0,49,2,1
314357,Haven,Foxy9,DRX,Breach,1,0,0,0,1,0,0,0,0,34,5,1
314357,Haven,Flashback,DRX,Cypher,3,0,0,0,0,1,0,0,0,58,0,0
314357,Haven,Crws,TLN,Breach,4,0,1,0,1,0,0,0,0,49,5,0
314357,Haven,Governor,TLN,Neon,4,0,0,0,0,0,0,0,0,39,1,1
314357,Haven,ban,TLN,Iso,4,1,0,0,0,0,0,0,0,43,0,1
314357,Haven,JitBoyS,TLN,Astra,2,2,0,0,0,0,0,0,0,56,0,0
314357,Haven,Surf,TLN,Killjoy,2,1,0,0,0,0,0,0,0,58,2,0
314357,Icebox,BuZz,DRX,Jett,7,0,0,0,0,0,0,0,0,61,0,0
314357,Icebox,MaKo,DRX,Viper,3,2,0,0,0,0,0,0,0,50,3,0
314357,Icebox,BeYN,DRX,Kayo,3,0,0,0,2,1,0,0,0,69,7,0
314357,Icebox,Foxy9,DRX,Killjoy,1,1,0,0,1,0,0,0,0,53,1,0
314357,Icebox,Flashback,DRX,Clove,5,2,0,0,0,0,0,0,0,77,1,0
314357,Icebox,Crws,TLN,Sova,3,2,0,0,0,0,0,0,0,78,1,0
314357,Icebox,Governor,TLN,Clove,3,1,0,0,0,0,0,0,0,59,1,0
314357,Icebox,ban,TLN,Iso,1,2,0,0,1,0,0,0,0,47,1,0
314357,Icebox,JitBoyS,TLN,Harbor,1,0,0,0,1,0,0,0,0,36,0,0
314357,Icebox,Surf,TLN,Killjoy,5,0,0,0,0,0,0,0,0,49,1,0
314358,Lotus,Jinggg,PRX,Neon,3,1,0,0,0,0,0,0,0,55,0,0
314358,Lotus,mindfreak,PRX,Omen,1,0,2,0,1,0,0,0,0,50,0,0
314358,Lotus,f0rsakeN,PRX,Kayo,2,0,0,0,1,0,0,0,0,27,1,0
314358,Lotus,d4v41,PRX,Fade,3,0,0,0,0,1,0,0,0,57,5,3
314358,Lotus,something,PRX,Jett,5,0,1,0,0,0,0,1,0,74,1,1
314358,Lotus,xffero,RRQ,Omen,6,0,0,0,0,0,0,0,0,70,1,0
314358,Lotus,Lmemore,RRQ,Sova,3,1,0,0,0,0,0,0,0,42,0,1
314358,Lotus,Monyet,RRQ,Neon,1,1,0,1,0,0,0,0,0,57,0,0
314358,Lotus,Jemkin,RRQ,Chamber,2,0,0,0,0,0,0,0,0,46,0,1
314358,Lotus,Estrella,RRQ,Breach,1,2,0,0,0,0,0,0,0,41,7,0
314358,Ascent,Jinggg,PRX,Clove,4,1,0,0,0,0,0,0,0,59,2,0
314358,Ascent,mindfreak,PRX,Omen,1,0,0,0,1,0,0,0,0,43,0,0
314358,Ascent,f0rsakeN,PRX,Cypher,1,0,1,0,0,0,0,0,0,38,0,0
314358,Ascent,d4v41,PRX,Sova,5,0,0,0,0,0,0,0,0,75,4,0
314358,Ascent,something,PRX,Jett,4,0,1,0,0,0,0,0,0,50,1,0
314358,Ascent,xffero,RRQ,Killjoy,4,1,0,0,2,1,0,0,0,77,1,1
314358,Ascent,Lmemore,RRQ,Sova,2,0,1,0,0,0,0,1,0,60,1,0
314358,Ascent,Monyet,RRQ,Omen,3,1,0,0,0,2,0,0,0,57,2,0
314358,Ascent,Jemkin,RRQ,Jett,2,2,0,0,1,0,0,0,0,64,0,1
314358,Ascent,Estrella,RRQ,Kayo,2,1,1,0,1,0,0,0,0,41,1,0
314358,Sunset,Jinggg,PRX,Raze,3,1,0,0,0,0,0,0,0,48,0,0
314358,Sunset,mindfreak,PRX,Omen,3,0,0,0,0,1,0,0,0,37,0,0
314358,Sunset,f0rsakeN,PRX,Breach,3,1,1,0,0,0,0,0,0,48,1,0
314358,Sunset,d4v41,PRX,Sage,6,2,0,0,0,0,0,0,0,67,1,1
314358,Sunset,something,PRX,Gekko,4,0,0,0,0,0,0,0,0,46,7,0
314358,Sunset,xffero,RRQ,Cypher,2,2,0,0,1,0,0,0,0,50,0,0
314358,Sunset,Lmemore,RRQ,Gekko,3,0,0,0,1,0,0,0,0,56,4,0
314358,Sunset,Monyet,RRQ,Omen,3,1,0,0,0,0,0,0,0,42,0,0
314358,Sunset,Jemkin,RRQ,Raze,4,0,2,0,0,0,0,0,0,85,1,1
314358,Sunset,Estrella,RRQ,Breach,1,0,0,0,0,0,0,0,0,40,1,1
314359,Lotus,Lakia,GEN,Fade,2,0,0,0,0,0,0,0,0,67,1,0
314359,Lotus,Munchkin,GEN,Viper,2,0,0,0,0,1,0,0,0,80,0,1
314359,Lotus,t3xture,GEN,Raze,4,1,0,0,0,0,0,0,0,69,0,1
314359,Lotus,Meteor,GEN,Killjoy,2,2,1,0,0,0,0,0,0,99,0,2
314359,Lotus,Karon,GEN,Omen,4,0,0,0,0,0,0,0,0,54,1,0
314359,Lotus,Russ,GE,Fade,0,0,0,0,0,0,0,0,0,11,2,0
314359,Lotus,blaZek1ng,GE,Cypher,2,0,0,0,0,0,0,0,0,38,0,0
314359,Lotus,Polvi,GE,Neon,0,0,0,0,0,0,0,0,0,26,0,0
314359,Lotus,Lightningfast,GE,Omen,1,1,0,0,0,1,0,0,0,41,1,0
314359,Lotus,Benkai,GE,Breach,0,0,0,0,0,0,0,0,0,23,2,0
314359,Ascent,Lakia,GEN,Sova,3,2,0,0,2,1,0,0,0,65,1,1
314359,Ascent,Munchkin,GEN,Kayo,3,1,0,0,0,0,0,0,0,55,2,0
314359,Ascent,t3xture,GEN,Jett,2,1,0,0,0,0,0,0,0,59,1,0
314359,Ascent,Meteor,GEN,Killjoy,2,1,0,1,0,0,0,0,0,78,0,1
314359,Ascent,Karon,GEN,Omen,2,1,0,0,0,0,0,0,0,50,3,0
314359,Ascent,Russ,GE,Kayo,2,0,0,0,0,0,0,0,0,32,1,0
314359,Ascent,blaZek1ng,GE,Killjoy,4,0,0,0,1,0,0,0,0,31,0,1
314359,Ascent,Polvi,GE,Jett,4,0,1,0,1,0,0,0,0,67,1,0
314359,Ascent,Lightningfast,GE,Omen,2,0,0,0,0,0,0,0,0,40,3,0
314359,Ascent,Benkai,GE,Sova,2,0,0,0,0,0,0,0,0,51,2,0
314360,Icebox,BuZz,DRX,Jett,1,0,0,0,0,0,0,1,0,50,1,0
314360,Icebox,MaKo,DRX,Viper,4,0,0,0,1,0,0,0,0,70,0,0
314360,Icebox,BeYN,DRX,Kayo,1,0,0,0,0,0,0,0,0,36,5,1
314360,Icebox,Foxy9,DRX,Killjoy,1,1,0,0,0,0,0,0,0,41,1,0
314360,Icebox,Flashback,DRX,Clove,3,3,1,0,0,0,0,0,0,70,0,0
314360,Icebox,Medusa,DFM,Killjoy,1,0,0,0,0,0,0,0,0,35,0,0
314360,Icebox,neth,DFM,Harbor,3,1,1,0,0,0,0,0,0,68,5,0
314360,Icebox,Meiy,DFM,Jett,2,1,1,0,0,0,0,0,0,63,1,0
314360,Icebox,Anthem,DFM,Sova,2,0,0,0,0,0,0,0,0,46,0,1
314360,Icebox,SSeeS,DFM,Viper,2,0,0,0,0,0,0,0,0,35,0,0
314360,Ascent,BuZz,DRX,Jett,4,0,0,0,0,0,0,0,0,51,0,0
314360,Ascent,MaKo,DRX,Omen,2,0,0,0,0,0,0,0,0,23,2,0
314360,Ascent,BeYN,DRX,Sova,2,0,0,0,0,0,0,0,0,33,4,0
314360,Ascent,Foxy9,DRX,Kayo,1,1,0,0,0,0,0,0,0,40,3,0
314360,Ascent,Flashback,DRX,Cypher,2,2,0,0,0,0,0,0,0,71,0,0
314360,Ascent,Medusa,DFM,Killjoy,3,1,0,0,0,0,0,0,0,67,2,2
314360,Ascent,neth,DFM,Kayo,2,0,0,0,0,0,0,0,0,48,1,1
314360,Ascent,Meiy,DFM,Jett,3,1,0,0,0,0,0,0,0,47,0,1
314360,Ascent,Anthem,DFM,Sova,4,1,0,0,0,0,0,0,0,63,2,0
314360,Ascent,SSeeS,DFM,Omen,3,1,0,0,0,0,0,0,0,52,0,0
314360,Haven,BuZz,DRX,Jett,4,0,0,0,0,0,0,0,0,49,1,0
314360,Haven,MaKo,DRX,Omen,3,1,1,0,0,1,1,0,0,75,2,1
314360,Haven,BeYN,DRX,Sova,3,3,0,0,0,0,0,0,0,83,4,0
314360,Haven,Foxy9,DRX,Breach,1,0,0,0,0,0,0,0,0,35,1,0
314360,Haven,Flashback,DRX,Cypher,4,0,0,1,1,0,0,0,0,69,3,0
314360,Haven,Medusa,DFM,Killjoy,3,0,0,0,0,0,0,0,0,54,0,0
314360,Haven,neth,DFM,Breach,1,0,1,0,0,0,0,0,0,59,0,0
314360,Haven,Meiy,DFM,Jett,2,0,0,0,0,0,0,0,0,34,0,0
314360,Haven,Anthem,DFM,Sova,0,1,0,0,0,0,0,0,0,47,1,0
314360,Haven,SSeeS,DFM,Omen,1,0,0,0,1,0,0,0,0,41,0,1
314361,Ascent,Dep,ZETA,Jett,2,2,2,0,0,0,0,0,0,89,0,0
314361,Ascent,Laz,ZETA,Sova,2,3,0,0,1,1,0,0,0,84,3,2
314361,Ascent,SugarZ3ro,ZETA,Omen,2,0,1,0,0,0,0,0,0,43,1,1
314361,Ascent,hiroronn,ZETA,Killjoy,2,1,0,0,0,0,0,0,0,60,0,1
314361,Ascent,yuran,ZETA,Kayo,0,0,0,0,0,0,0,0,0,32,1,0
314361,Ascent,Crws,TLN,Sova,2,1,0,0,0,0,0,0,0,63,4,0
314361,Ascent,Governor,TLN,Kayo,1,1,0,0,0,0,0,0,0,55,1,0
314361,Ascent,ban,TLN,Sage,2,0,0,0,0,0,0,0,0,39,0,0
314361,Ascent,JitBoyS,TLN,Clove,1,0,0,0,0,0,0,0,0,32,0,1
314361,Ascent,Surf,TLN,Phoenix,2,2,0,0,0,0,0,0,0,39,2,0
314361,Lotus,Dep,ZETA,Raze,5,0,0,0,0,0,0,0,0,51,0,0
314361,Lotus,Laz,ZETA,Fade,2,1,0,0,0,1,0,0,0,32,4,1
314361,Lotus,SugarZ3ro,ZETA,Omen,2,2,0,0,0,0,0,0,0,58,0,0
314361,Lotus,hiroronn,ZETA,Killjoy,5,0,1,0,1,0,0,0,0,68,0,1
314361,Lotus,yuran,ZETA,Viper,1,0,0,0,0,0,0,0,0,41,0,0
314361,Lotus,Crws,TLN,Sova,0,1,0,0,0,1,0,0,0,47,4,1
314361,Lotus,Governor,TLN,Neon,2,1,0,0,0,0,0,0,0,44,0,1
314361,Lotus,ban,TLN,Cypher,2,2,0,0,0,0,0,0,0,61,0,0
314361,Lotus,JitBoyS,TLN,Astra,3,1,0,0,0,0,0,0,0,54,0,0
314361,Lotus,Surf,TLN,Breach,4,0,0,0,0,0,0,0,0,51,4,0
314361,Haven,Dep,ZETA,Neon,3,1,0,0,0,0,0,0,0,45,0,1
314361,Haven,Laz,ZETA,Sova,4,2,0,0,0,1,0,0,0,111,5,1
314361,Haven,SugarZ3ro,ZETA,Omen,3,1,1,0,0,0,0,0,0,57,0,0
314361,Haven,hiroronn,ZETA,Killjoy,3,0,0,0,0,0,0,0,0,26,0,1
314361,Haven,yuran,ZETA,Breach,2,0,0,0,1,0,0,0,0,45,6,1
314361,Haven,Crws,TLN,Breach,1,0,0,0,0,0,0,0,0,35,4,1
314361,Haven,Governor,TLN,Neon,5,0,0,0,0,1,0,0,0,58,0,2
314361,Haven,ban,TLN,Iso,5,1,0,0,0,0,0,0,0,52,0,0
314361,Haven,JitBoyS,TLN,Astra,5,2,0,0,0,0,0,0,0,71,3,0
314361,Haven,Surf,TLN,Killjoy,0,0,0,0,0,0,0,0,0,28,0,1
314362,Sunset,Lakia,GEN,Sova,5,1,0,0,0,0,0,0,0,63,1,0
314362,Sunset,Munchkin,GEN,Kayo,1,1,0,0,0,0,0,0,0,47,1,0
314362,Sunset,t3xture,GEN,Jett,1,0,0,0,0,0,0,0,0,40,0,0
314362,Sunset,Meteor,GEN,Cypher,0,0,0,0,0,0,0,0,0,28,0,0
314362,Sunset,Karon,GEN,Omen,2,1,0,0,1,1,0,0,0,60,1,1
314362,Sunset,JessieVash,TS,Sova,3,1,1,0,0,0,0,0,0,78,4,0
314362,Sunset,Jremy,TS,Neon,4,1,0,0,0,0,0,0,0,58,0,0
314362,Sunset,invy,TS,Breach,4,1,0,0,0,0,0,0,0,68,5,0
314362,Sunset,2GE,TS,Omen,5,1,0,0,1,0,0,0,0,83,2,0
314362,Sunset,Wild0reoo,TS,Cypher,2,0,0,0,0,0,0,0,0,50,0,0
314362,Lotus,Lakia,GEN,Fade,6,0,1,0,0,0,0,0,0,68,2,0
314362,Lotus,Munchkin,GEN,Viper,1,1,0,0,0,0,0,0,0,47,2,0
314362,Lotus,t3xture,GEN,Raze,3,2,0,0,0,0,0,0,0,63,0,1
314362,Lotus,Meteor,GEN,Killjoy,5,0,0,0,1,0,0,0,0,53,0,2
314362,Lotus,Karon,GEN,Omen,3,0,0,0,0,0,0,0,0,48,2,0
314362,Lotus,JessieVash,TS,Killjoy,3,1,0,0,2,0,0,0,0,59,0,0
314362,Lotus,Jremy,TS,Neon,0,1,0,0,0,0,0,0,0,44,0,0
314362,Lotus,invy,TS,Sova,0,1,0,0,0,0,0,0,0,44,3,0
314362,Lotus,2GE,TS,Omen,4,1,0,0,0,0,0,0,0,49,1,0
314362,Lotus,Wild0reoo,TS,Skye,1,1,0,0,0,0,0,0,0,46,3,1
314362,Split,Lakia,GEN,Skye,2,1,0,0,1,0,0,0,0,34,4,1
314362,Split,Munchkin,GEN,Viper,6,0,0,0,1,0,0,0,0,47,0,2
314362,Split,t3xture,GEN,Raze,3,1,0,0,0,0,0,0,0,58,0,0
314362,Split,Meteor,GEN,Cypher,3,0,1,0,0,0,0,0,0,38,1,0
314362,Split,Karon,GEN,Omen,3,0,0,0,1,0,0,0,0,52,2,0
314362,Split,JessieVash,TS,Cypher,3,1,0,0,0,0,0,0,0,37,0,3
314362,Split,Jremy,TS,Raze,5,0,0,0,0,0,0,0,0,40,0,0
314362,Split,invy,TS,Viper,5,0,1,0,0,0,0,0,0,64,1,0
314362,Split,2GE,TS,Omen,4,0,0,0,0,0,0,0,0,47,2,0
314362,Split,Wild0reoo,TS,Skye,4,2,1,0,0,1,0,0,0,62,4,1
314363,Ascent,Jinggg,PRX,Clove,6,1,0,0,0,0,0,0,0,52,0,1
314363,Ascent,mindfreak,PRX,Omen,3,1,0,0,0,0,0,0,0,40,1,0
314363,Ascent,f0rsakeN,PRX,Fade,3,1,0,0,0,0,0,0,0,70,6,0
314363,Ascent,d4v41,PRX,Kayo,2,0,0,0,0,0,0,0,0,35,3,0
314363,Ascent,something,PRX,Jett,1,2,0,0,0,0,0,0,0,53,0,0
314363,Ascent,Dep,ZETA,Jett,6,2,0,0,0,0,0,0,0,64,0,0
314363,Ascent,Laz,ZETA,Sova,4,1,0,0,0,1,0,0,0,57,6,0
314363,Ascent,SugarZ3ro,ZETA,Omen,1,0,0,0,0,0,0,0,0,34,1,0
314363,Ascent,hiroronn,ZETA,Killjoy,3,0,0,0,0,0,0,0,0,59,0,1
314363,Ascent,yuran,ZETA,Kayo,6,0,0,0,0,0,0,0,0,59,1,2
314363,Lotus,Jinggg,PRX,Neon,4,1,0,0,0,0,0,0,0,62,1,0
314363,Lotus,mindfreak,PRX,Omen,2,0,0,0,0,0,0,0,0,48,2,0
314363,Lotus,f0rsakeN,PRX,Kayo,2,1,0,0,0,0,0,0,0,60,4,0
314363,Lotus,d4v41,PRX,Fade,4,1,0,1,0,0,0,0,0,97,5,0
314363,Lotus,something,PRX,Jett,4,0,1,0,1,0,0,0,0,64,0,0
314363,Lotus,Dep,ZETA,Raze,0,0,0,0,0,0,0,0,0,34,0,0
314363,Lotus,Laz,ZETA,Fade,2,2,1,1,0,0,0,0,0,69,5,0
314363,Lotus,SugarZ3ro,ZETA,Omen,0,0,0,0,0,0,0,0,0,21,0,0
314363,Lotus,hiroronn,ZETA,Killjoy,1,1,1,0,0,2,0,1,0,59,0,1
314363,Lotus,yuran,ZETA,Viper,1,0,0,0,0,0,0,0,0,31,1,0
314363,Sunset,Jinggg,PRX,Raze,5,0,0,0,0,0,0,0,0,64,1,2
314363,Sunset,mindfreak,PRX,Omen,2,1,0,0,0,0,0,0,0,52,1,0
314363,Sunset,f0rsakeN,PRX,Breach,4,1,0,0,0,0,0,0,0,70,0,1
314363,Sunset,d4v41,PRX,Sage,2,2,0,0,2,0,0,0,0,75,0,0
314363,Sunset,something,PRX,Gekko,1,1,0,0,0,1,0,0,0,58,3,0
314363,Sunset,Dep,ZETA,Raze,1,0,0,0,0,0,0,0,0,43,0,0
314363,Sunset,Laz,ZETA,Gekko,1,1,0,0,0,0,0,0,0,36,5,0
314363,Sunset,SugarZ3ro,ZETA,Omen,4,2,0,0,0,0,0,0,0,67,1,0
314363,Sunset,hiroronn,ZETA,Cypher,0,0,0,0,0,0,0,0,0,36,0,0
314363,Sunset,yuran,ZETA,Breach,2,0,0,0,0,0,0,0,0,33,1,0
314364,Bind,stax,T1,Kayo,7,0,0,0,0,0,0,0,0,60,1,0
314364,Bind,Sayaplayer,T1,Gekko,1,1,1,0,0,0,0,0,0,58,4,2
314364,Bind,xccurate,T1,Brimstone,3,1,0,0,0,0,0,0,0,52,0,0
314364,Bind,iZu,T1,Raze,3,0,0,0,0,0,0,0,0,48,1,0
314364,Bind,carpe,T1,Viper,5,1,0,0,0,0,0,0,0,53,0,0
314364,Bind,Zest,BLD,Skye,2,1,0,0,0,0,0,0,0,39,3,2
314364,Bind,crazyguy,BLD,Deadlock,1,1,0,0,0,0,0,0,0,37,0,0
314364,Bind,Retla,BLD,Cypher,3,1,0,0,0,0,0,0,0,37,1,1
314364,Bind,sScary,BLD,Brimstone,6,1,0,0,0,0,0,0,0,60,0,1
314364,Bind,Deryeon,BLD,Raze,3,2,0,0,1,0,0,0,0,51,0,0
314364,Lotus,stax,T1,Fade,1,1,0,0,0,0,0,0,0,44,4,1
314364,Lotus,Sayaplayer,T1,Chamber,3,3,0,0,0,0,0,0,0,97,0,1
314364,Lotus,xccurate,T1,Omen,4,0,0,0,0,1,0,0,0,38,3,0
314364,Lotus,iZu,T1,Raze,3,2,0,0,0,0,0,0,0,65,0,0
314364,Lotus,carpe,T1,Viper,2,1,0,0,0,0,0,0,0,45,0,0
314364,Lotus,Zest,BLD,Breach,2,0,0,0,0,0,0,0,0,41,4,1
314364,Lotus,crazyguy,BLD,Sova,2,0,0,1,1,0,0,0,0,51,1,2
314364,Lotus,Retla,BLD,Killjoy,2,3,0,0,0,3,0,0,0,59,2,1
314364,Lotus,sScary,BLD,Omen,1,3,0,0,0,1,0,0,0,73,0,0
314364,Lotus,Deryeon,BLD,Neon,2,1,0,0,0,0,0,0,0,50,1,0
314364,Ascent,stax,T1,Kayo,4,2,0,0,1,2,0,0,0,56,3,0
314364,Ascent,Sayaplayer,T1,Jett,4,2,0,0,0,0,0,0,0,55,0,1
314364,Ascent,xccurate,T1,Omen,3,0,0,0,0,0,1,0,0,36,1,0
314364,Ascent,iZu,T1,Killjoy,4,2,0,0,1,0,0,0,0,68,1,0
314364,Ascent,carpe,T1,Sova,3,0,0,0,1,0,0,0,0,48,2,0
314364,Ascent,Zest,BLD,Kayo,1,1,0,1,0,0,1,0,0,63,2,0
314364,Ascent,crazyguy,BLD,Sova,0,1,0,0,0,0,0,0,0,52,0,0
314364,Ascent,Retla,BLD,Killjoy,4,0,0,0,0,0,0,0,0,47,0,0
314364,Ascent,sScary,BLD,Omen,1,1,0,0,0,0,0,0,0,44,2,0
314364,Ascent,Deryeon,BLD,Jett,2,2,2,0,1,0,0,0,0,84,1,0
365316,Haven,Lakia,GEN,Skye,3,0,0,0,0,0,0,0,0,26,6,0
365316,Haven,Munchkin,GEN,Viper,2,1,0,0,0,0,0,0,0,65,1,0
365316,Haven,t3xture,GEN,Jett,3,1,2,0,0,1,0,0,0,70,0,1
365316,Haven,Meteor,GEN,Killjoy,1,0,1,0,0,0,0,0,0,29,0,0
365316,Haven,Karon,GEN,Omen,3,1,1,0,0,0,0,0,0,56,1,0
365316,Haven,xffero,RRQ,Cypher,2,0,0,0,0,0,0,0,0,36,0,0
365316,Haven,Lmemore,RRQ,Sova,5,1,0,0,1,0,0,0,0,55,1,1
365316,Haven,Monyet,RRQ,Omen,3,0,0,0,0,0,0,0,0,37,0,0
365316,Haven,Jemkin,RRQ,Jett,1,1,0,0,0,0,0,0,0,47,0,0
365316,Haven,Estrella,RRQ,Breach,1,1,0,0,0,0,0,0,0,38,5,1
365316,Bind,Lakia,GEN,Skye,3,0,0,0,0,0,0,0,0,30,3,0
365316,Bind,Munchkin,GEN,Viper,1,2,0,0,0,0,0,0,0,45,0,0
365316,Bind,t3xture,GEN,Raze,3,1,0,0,0,0,0,0,0,42,1,1
365316,Bind,Meteor,GEN,Cypher,2,3,1,0,0,0,0,0,0,74,0,0
365316,Bind,Karon,GEN,Brimstone,5,1,0,0,0,1,0,0,0,50,4,0
365316,Bind,xffero,RRQ,Cypher,4,0,0,0,1,0,0,0,0,55,1,0
365316,Bind,Lmemore,RRQ,Deadlock,0,0,1,0,1,0,0,0,0,27,2,0
365316,Bind,Monyet,RRQ,Raze,4,0,0,0,0,0,0,0,0,51,1,1
365316,Bind,Jemkin,RRQ,Yoru,5,1,0,0,0,0,0,0,0,71,0,0
365316,Bind,Estrella,RRQ,Omen,2,2,1,0,0,0,0,0,0,54,3,0
365317,Lotus,JessieVash,TS,Cypher,4,1,0,0,0,0,0,0,0,76,1,1
365317,Lotus,Jremy,TS,Neon,7,1,0,0,0,0,0,0,0,72,0,0
365317,Lotus,invy,TS,Sova,0,0,0,0,0,0,0,0,0,36,2,0
365317,Lotus,2GE,TS,Omen,5,0,0,0,0,0,0,0,0,47,0,0
365317,Lotus,Wild0reoo,TS,Skye,4,0,0,0,0,0,0,0,0,45,8,0
365317,Lotus,Crws,TLN,Fade,1,1,0,0,1,0,0,0,0,44,3,1
365317,Lotus,Governor,TLN,Raze,3,0,1,0,0,0,0,0,0,39,0,1
365317,Lotus,ban,TLN,Deadlock,2,1,0,0,1,0,0,0,0,49,0,1
365317,Lotus,JitBoyS,TLN,Omen,2,0,0,0,0,0,0,0,0,45,1,0
365317,Lotus,primmie,TLN,Clove,5,0,2,0,0,1,1,0,0,60,2,2
365317,Abyss,JessieVash,TS,Sova,5,1,0,0,1,0,0,0,0,67,5,1
365317,Abyss,Jremy,TS,Jett,3,0,0,0,0,0,0,0,0,43,1,0
365317,Abyss,invy,TS,Kayo,5,1,0,0,0,1,0,0,0,66,2,2
365317,Abyss,2GE,TS,Omen,1,0,0,0,0,0,0,0,0,44,1,0
365317,Abyss,Wild0reoo,TS,Cypher,4,2,0,0,1,0,0,0,0,50,0,1
365317,Abyss,Crws,TLN,Breach,2,0,0,0,0,0,0,0,0,40,6,1
365317,Abyss,Governor,TLN,Sova,6,1,0,0,0,1,0,0,0,52,1,2
365317,Abyss,ban,TLN,Cypher,3,0,0,0,0,1,0,0,0,38,0,1
365317,Abyss,JitBoyS,TLN,Omen,6,0,0,0,0,0,0,0,0,63,3,0
365317,Abyss,primmie,TLN,Jett,6,3,0,0,0,0,0,0,0,71,0,0
365318,Ascent,Jinggg,PRX,Raze,7,0,0,0,1,0,0,0,0,50,0,0
365318,Ascent,mindfreak,PRX,Omen,3,0,0,0,0,0,0,0,0,47,1,0
365318,Ascent,f0rsakeN,PRX,Harbor,2,1,0,0,0,0,0,0,0,43,4,1
365318,Ascent,d4v41,PRX,Sova,2,0,0,0,0,0,0,0,0,67,0,0
365318,Ascent,something,PRX,Reyna,3,0,0,0,0,0,0,0,0,32,0,0
365318,Ascent,Lakia,GEN,Sova,2,1,0,0,0,1,0,0,0,51,1,2
365318,Ascent,Munchkin,GEN,Kayo,3,2,0,0,0,0,0,0,0,65,1,0
365318,Ascent,t3xture,GEN,Jett,2,4,0,0,0,0,0,0,0,69,0,0
365318,Ascent,Meteor,GEN,Killjoy,0,0,0,0,0,0,0,0,0,30,1,0
365318,Ascent,Karon,GEN,Omen,4,0,0,0,0,0,0,0,0,38,0,0
365318,Icebox,Jinggg,PRX,Sage,5,0,0,0,1,0,0,0,0,43,3,0
365318,Icebox,mindfreak,PRX,Viper,0,0,0,0,0,0,0,0,0,50,0,0
365318,Icebox,f0rsakeN,PRX,Kayo,1,2,0,0,0,0,0,0,0,52,2,1
365318,Icebox,d4v41,PRX,Killjoy,1,0,0,0,0,0,0,0,0,36,1,0
365318,Icebox,something,PRX,Jett,1,0,0,0,0,0,0,0,0,24,0,0
365318,Icebox,Lakia,GEN,Gekko,0,0,0,0,0,0,0,0,0,35,5,0
365318,Icebox,Munchkin,GEN,Kayo,4,1,0,0,0,0,0,0,0,74,0,1
365318,Icebox,t3xture,GEN,Jett,7,0,0,0,0,0,0,0,0,78,0,0
365318,Icebox,Meteor,GEN,Killjoy,3,1,1,0,0,0,0,0,0,105,0,1
365318,Icebox,Karon,GEN,Viper,2,0,1,0,1,0,0,0,0,55,1,0
365319,Ascent,BuZz,DRX,Jett,3,1,1,0,3,0,0,0,0,52,1,0
365319,Ascent,MaKo,DRX,Omen,5,0,0,0,1,0,0,0,0,73,0,1
365319,Ascent,BeYN,DRX,Sova,1,0,0,0,0,1,0,0,0,50,3,0
365319,Ascent,Foxy9,DRX,Kayo,2,0,0,0,0,0,0,0,0,44,4,0
365319,Ascent,Flashback,DRX,Killjoy,3,1,0,0,0,0,0,0,0,46,1,0
365319,Ascent,Crws,TLN,Sova,1,0,0,0,0,0,0,0,0,41,2,0
365319,Ascent,Governor,TLN,Kayo,3,0,0,0,1,0,0,0,0,60,2,1
365319,Ascent,ban,TLN,Killjoy,6,2,0,0,0,0,0,0,0,71,0,0
365319,Ascent,JitBoyS,TLN,Omen,2,0,1,0,0,0,0,0,0,43,0,0
365319,Ascent,primmie,TLN,Jett,3,2,0,0,0,0,0,0,0,62,0,1
365319,Abyss,BuZz,DRX,Jett,3,1,1,0,0,0,0,0,0,64,0,0
365319,Abyss,MaKo,DRX,Omen,3,0,0,0,0,0,0,0,0,65,2,0
365319,Abyss,BeYN,DRX,Sova,2,1,0,0,1,0,0,0,0,59,2,0
365319,Abyss,Foxy9,DRX,Kayo,2,0,0,0,0,0,0,0,0,34,1,0
365319,Abyss,Flashback,DRX,Cypher,2,4,0,0,2,0,0,0,0,74,0,1
365319,Abyss,Crws,TLN,Sova,0,1,0,0,0,0,0,0,0,18,4,0
365319,Abyss,Governor,TLN,Neon,0,0,0,0,0,0,0,0,0,27,0,0
365319,Abyss,ban,TLN,Cypher,0,0,0,0,0,0,0,0,0,30,0,0
365319,Abyss,JitBoyS,TLN,Omen,5,0,0,0,0,0,0,0,0,74,1,0
365319,Abyss,primmie,TLN,Iso,3,1,1,0,0,0,0,0,0,91,0,0
365320,Haven,Lakia,GEN,Skye,2,0,0,0,0,0,0,0,0,28,2,1
365320,Haven,Munchkin,GEN,Viper,2,2,0,0,0,0,0,0,0,64,0,0
365320,Haven,t3xture,GEN,Jett,2,0,0,0,0,0,0,0,0,33,0,1
365320,Haven,Meteor,GEN,Killjoy,3,0,0,0,0,1,0,0,0,48,0,0
365320,Haven,Karon,GEN,Omen,3,2,1,0,0,0,0,0,0,83,2,0
365320,Haven,BuZz,DRX,Jett,2,0,0,0,0,0,0,0,0,49,0,0
365320,Haven,MaKo,DRX,Omen,4,2,0,0,0,0,0,0,0,57,2,0
365320,Haven,BeYN,DRX,Sova,1,0,0,0,0,0,0,0,0,37,0,0
365320,Haven,Foxy9,DRX,Breach,1,0,1,0,0,0,0,0,0,42,3,1
365320,Haven,Flashback,DRX,Cypher,3,1,0,0,1,0,0,0,0,58,0,0
365320,Sunset,Lakia,GEN,Sova,5,0,0,0,0,0,0,0,0,47,1,0
365320,Sunset,Munchkin,GEN,Kayo,2,0,0,0,0,0,0,0,0,44,2,0
365320,Sunset,t3xture,GEN,Jett,4,0,1,0,0,0,0,0,0,58,0,0
365320,Sunset,Meteor,GEN,Cypher,3,0,0,0,0,0,0,0,0,32,0,1
365320,Sunset,Karon,GEN,Omen,1,3,0,0,0,1,0,0,0,60,3,1
365320,Sunset,BuZz,DRX,Neon,2,1,0,0,0,0,0,0,0,23,0,0
365320,Sunset,MaKo,DRX,Omen,4,1,0,0,0,0,0,0,0,77,1,0
365320,Sunset,BeYN,DRX,Sova,7,2,0,0,0,0,0,0,0,81,1,1
365320,Sunset,Foxy9,DRX,Breach,3,1,0,0,0,0,0,0,0,45,6,1
365320,Sunset,Flashback,DRX,Cypher,2,1,0,0,0,0,0,0,0,48,0,1
365320,Bind,Lakia,GEN,Skye,1,1,0,0,0,0,0,0,0,80,4,0
365320,Bind,Munchkin,GEN,Viper,3,1,0,0,0,0,0,0,0,71,0,1
365320,Bind,t3xture,GEN,Raze,2,0,0,0,0,0,0,0,0,45,0,0
365320,Bind,Meteor,GEN,Cypher,3,1,2,0,0,0,0,0,0,92,0,0
365320,Bind,Karon,GEN,Brimstone,1,0,0,0,0,0,0,0,0,40,1,0
365320,Bind,BuZz,DRX,Raze,2,0,1,0,0,0,0,0,0,55,1,0
365320,Bind,MaKo,DRX,Viper,0,1,0,0,0,0,0,0,0,23,0,0
365320,Bind,BeYN,DRX,Skye,0,0,0,0,0,0,0,0,0,27,3,0
365320,Bind,Foxy9,DRX,Brimstone,1,0,0,0,0,0,0,0,0,24,2,0
365320,Bind,Flashback,DRX,Cypher,1,1,0,0,0,0,0,0,0,43,1,0
365322,Ascent,Jinggg,PRX,Raze,2,1,0,0,0,0,0,0,0,61,1,1
365322,Ascent,mindfreak,PRX,Omen,3,0,0,0,1,0,0,0,0,57,0,1
365322,Ascent,f0rsakeN,PRX,Harbor,5,1,0,0,0,0,0,0,0,54,3,0
365322,Ascent,d4v41,PRX,Skye,2,0,0,0,0,0,0,0,0,51,0,0
365322,Ascent,something,PRX,Reyna,3,1,1,0,0,0,0,0,0,92,0,0
365322,Ascent,Crws,TLN,Sova,1,0,0,0,0,0,0,0,0,51,1,0
365322,Ascent,Governor,TLN,Kayo,0,0,0,0,0,0,0,0,0,33,3,1
365322,Ascent,ban,TLN,Killjoy,1,0,0,0,0,0,0,0,0,38,0,0
365322,Ascent,JitBoyS,TLN,Omen,2,0,0,0,0,0,0,0,0,44,0,0
365322,Ascent,primmie,TLN,Jett,3,0,0,0,1,0,0,0,0,60,0,0
365322,Sunset,Jinggg,PRX,Raze,4,1,1,0,0,0,0,0,0,64,0,1
365322,Sunset,mindfreak,PRX,Omen,0,0,0,0,0,0,0,0,0,33,0,0
365322,Sunset,f0rsakeN,PRX,Breach,1,0,1,0,1,0,0,0,0,46,1,0
365322,Sunset,d4v41,PRX,Sage,3,1,0,0,1,0,0,0,0,66,0,0
365322,Sunset,something,PRX,Gekko,5,0,1,0,0,0,1,0,0,91,10,3
365322,Sunset,Crws,TLN,Sova,1,1,0,0,0,0,0,0,0,42,4,1
365322,Sunset,Governor,TLN,Neon,1,0,0,0,0,0,0,0,0,41,0,0
365322,Sunset,ban,TLN,Breach,1,0,0,0,0,0,0,0,0,54,0,0
365322,Sunset,JitBoyS,TLN,Omen,1,0,1,0,0,0,0,0,0,56,0,0
365322,Sunset,primmie,TLN,Cypher,3,0,0,0,1,0,0,0,0,55,0,1
365323,Abyss,BuZz,DRX,Jett,0,0,1,0,1,0,0,0,0,49,0,2
365323,Abyss,MaKo,DRX,Omen,2,0,0,0,0,0,0,0,0,49,1,0
365323,Abyss,BeYN,DRX,Sova,1,1,0,0,0,1,0,0,0,69,1,1
365323,Abyss,Foxy9,DRX,Kayo,4,0,0,0,0,0,0,0,0,42,2,2
365323,Abyss,Flashback,DRX,Cypher,3,0,0,1,0,0,0,0,0,65,0,0
365323,Abyss,Jinggg,PRX,Phoenix,2,1,1,0,1,0,0,0,0,57,1,2
365323,Abyss,mindfreak,PRX,Omen,3,0,0,0,0,0,0,0,0,39,2,1
365323,Abyss,f0rsakeN,PRX,Neon,4,0,1,0,0,0,0,0,0,60,1,0
365323,Abyss,d4v41,PRX,Kayo,1,2,0,0,0,0,0,0,0,53,5,0
365323,Abyss,something,PRX,Breach,2,0,0,1,1,0,0,0,0,56,2,0
365323,Lotus,BuZz,DRX,Neon,4,1,0,0,1,0,0,0,0,57,0,1
365323,Lotus,MaKo,DRX,Omen,3,1,0,0,0,0,0,0,0,50,1,0
365323,Lotus,BeYN,DRX,Fade,4,0,0,0,0,0,0,0,0,42,0,0
365323,Lotus,Foxy9,DRX,Breach,1,1,0,0,0,0,0,0,0,33,6,0
365323,Lotus,Flashback,DRX,Chamber,3,0,0,0,0,1,0,0,0,42,0,0
365323,Lotus,Jinggg,PRX,Neon,2,2,0,2,0,0,0,0,0,85,0,0
365323,Lotus,mindfreak,PRX,Omen,1,1,0,0,0,0,0,0,0,44,1,0
365323,Lotus,f0rsakeN,PRX,Kayo,2,3,0,0,0,0,0,0,0,58,0,1
365323,Lotus,d4v41,PRX,Fade,1,1,0,0,0,0,0,0,0,45,5,1
365323,Lotus,something,PRX,Jett,2,2,0,0,0,1,0,0,0,54,1,0
365323,Bind,BuZz,DRX,Raze,5,0,1,0,0,0,0,0,0,55,0,0
365323,Bind,MaKo,DRX,Brimstone,2,1,0,1,0,1,0,0,0,63,1,1
365323,Bind,BeYN,DRX,Fade,0,0,0,0,0,0,0,0,0,25,1,0
365323,Bind,Foxy9,DRX,Gekko,3,1,0,0,0,0,0,0,0,46,5,1
365323,Bind,Flashback,DRX,Viper,4,1,0,0,0,0,0,0,0,54,0,1
365323,Bind,Jinggg,PRX,Raze,1,0,0,0,0,0,0,0,0,26,1,1
365323,Bind,mindfreak,PRX,Omen,2,1,0,0,0,0,0,0,0,37,0,0
365323,Bind,f0rsakeN,PRX,Yoru,5,2,0,0,0,0,0,0,0,52,0,0
365323,Bind,d4v41,PRX,Viper,2,0,0,0,0,0,0,0,0,51,0,1
365323,Bind,something,PRX,Gekko,3,1,0,0,0,0,0,0,0,56,6,0
365323,Icebox,BuZz,DRX,Jett,4,1,0,0,0,0,0,0,0,50,1,0
365323,Icebox,MaKo,DRX,Viper,4,1,0,0,0,0,0,0,0,46,0,1
365323,Icebox,BeYN,DRX,Sova,0,1,0,0,0,0,0,0,0,29,1,0
365323,Icebox,Foxy9,DRX,Gekko,3,3,0,0,0,0,0,0,0,67,5,0
365323,Icebox,Flashback,DRX,Killjoy,3,2,1,0,3,1,0,0,0,93,0,2
365323,Icebox,Jinggg,PRX,Sage,2,2,0,0,0,0,0,0,0,39,0,1
365323,Icebox,mindfreak,PRX,Viper,4,1,0,0,0,0,0,0,0,64,2,0
365323,Icebox,f0rsakeN,PRX,Kayo,3,1,0,0,0,0,0,0,0,49,2,0
365323,Icebox,d4v41,PRX,Killjoy,1,0,0,0,1,0,0,0,0,61,2,0
365323,Icebox,something,PRX,Jett,3,1,0,0,0,0,0,0,0,49,0,0
365323,Ascent,BuZz,DRX,Jett,7,2,0,0,1,0,0,0,0,78,1,0
365323,Ascent,MaKo,DRX,Omen,3,2,0,0,0,0,0,0,0,65,4,0
365323,Ascent,BeYN,DRX,Sova,3,0,0,0,1,0,0,0,0,47,0,0
365323,Ascent,Foxy9,DRX,Kayo,2,0,0,0,0,0,0,0,0,55,4,0
365323,Ascent,Flashback,DRX,Killjoy,0,0,0,0,0,0,0,0,0,32,0,0
365323,Ascent,Jinggg,PRX,Raze,3,0,0,0,0,0,0,0,0,49,0,0
365323,Ascent,mindfreak,PRX,Omen,2,1,0,0,0,0,0,0,0,41,0,0
365323,Ascent,f0rsakeN,PRX,Harbor,1,2,0,0,0,0,0,0,0,57,1,2
365323,Ascent,d4v41,PRX,Skye,3,1,0,0,0,0,0,0,0,63,1,0
365323,Ascent,something,PRX,Reyna,3,0,0,0,0,0,0,0,0,39,0,0
365321,Haven,Lakia,GEN,Skye,2,0,1,0,0,0,0,0,0,54,6,0
365321,Haven,Munchkin,GEN,Viper,0,1,0,0,0,0,0,0,0,57,0,0
365321,Haven,t3xture,GEN,Jett,3,1,0,0,0,0,0,0,0,47,0,0
365321,Haven,Meteor,GEN,Killjoy,0,0,0,0,0,0,0,0,0,28,0,0
365321,Haven,Karon,GEN,Omen,4,1,0,0,0,1,0,0,0,61,0,1
365321,Haven,BuZz,DRX,Jett,3,3,0,0,2,0,0,0,0,60,0,0
365321,Haven,MaKo,DRX,Omen,1,3,0,0,0,0,0,0,0,80,1,0
365321,Haven,BeYN,DRX,Sova,0,0,0,0,0,0,0,0,0,20,0,1
365321,Haven,Foxy9,DRX,Breach,4,0,0,0,0,0,0,0,0,54,8,0
365321,Haven,Flashback,DRX,Cypher,4,0,0,0,1,0,0,0,0,69,1,1
365321,Bind,Lakia,GEN,Skye,1,3,1,0,1,0,0,0,0,37,4,0
365321,Bind,Munchkin,GEN,Viper,6,4,0,0,0,0,0,0,0,49,1,2
365321,Bind,t3xture,GEN,Raze,2,1,1,0,0,0,0,0,0,54,2,0
365321,Bind,Meteor,GEN,Cypher,2,3,0,0,0,0,0,0,0,44,5,0
365321,Bind,Karon,GEN,Brimstone,2,2,1,0,0,0,0,0,0,46,4,1
365321,Bind,BuZz,DRX,Raze,5,3,1,0,2,0,0,0,0,55,1,2
365321,Bind,MaKo,DRX,Brimstone,4,0,0,0,1,0,0,0,0,36,2,3
365321,Bind,BeYN,DRX,Fade,5,1,0,0,1,1,0,0,0,33,0,1
365321,Bind,Foxy9,DRX,Gekko,3,1,0,0,0,0,0,0,0,34,5,1
365321,Bind,Flashback,DRX,Viper,4,1,1,0,2,0,0,0,0,42,2,1
365321,Lotus,Lakia,GEN,Fade,3,0,0,0,0,1,0,0,0,30,2,1
365321,Lotus,Munchkin,GEN,Viper,1,1,0,0,0,0,0,0,0,46,1,0
365321,Lotus,t3xture,GEN,Raze,4,3,0,0,0,0,0,0,0,57,2,1
365321,Lotus,Meteor,GEN,Killjoy,6,3,0,0,0,0,0,0,0,58,0,1
365321,Lotus,Karon,GEN,Omen,3,2,0,0,0,1,0,0,0,45,3,1
365321,Lotus,BuZz,DRX,Neon,4,1,0,0,0,0,0,0,0,57,0,1
365321,Lotus,MaKo,DRX,Omen,3,1,0,0,1,0,1,0,0,58,2,0
365321,Lotus,BeYN,DRX,Fade,3,0,0,0,0,1,0,0,0,49,2,1
365321,Lotus,Foxy9,DRX,Breach,2,2,0,0,0,0,0,0,0,51,7,0
365321,Lotus,Flashback,DRX,Chamber,4,0,0,0,0,1,0,0,0,34,0,0
365321,Icebox,Lakia,GEN,Gekko,3,0,0,0,0,0,0,0,0,73,7,0
365321,Icebox,Munchkin,GEN,Kayo,1,0,0,0,0,0,0,0,0,46,0,1
365321,Icebox,t3xture,GEN,Jett,3,1,0,0,0,0,0,0,0,54,0,0
365321,Icebox,Meteor,GEN,Killjoy,5,2,0,0,0,0,0,0,0,92,0,0
365321,Icebox,Karon,GEN,Viper,3,1,0,0,0,0,0,0,0,57,0,0
365321,Icebox,BuZz,DRX,Jett,1,1,0,0,0,0,0,0,0,43,0,0
365321,Icebox,MaKo,DRX,Viper,1,1,0,0,0,0,0,0,0,54,0,0
365321,Icebox,BeYN,DRX,Sova,2,0,0,0,1,0,0,0,0,34,1,0
365321,Icebox,Foxy9,DRX,Gekko,1,0,0,0,0,0,0,0,0,19,5,1
365321,Icebox,Flashback,DRX,Killjoy,3,1,0,0,0,1,0,0,0,40,0,0
