Match ID,Map,Player,Team,Agent,2K,3K,4K,5K,1v1,1v2,1v3,1v4,1v5,ECON,PL,DE
295605,Breeze,crashies,NRG,Sova,3,0,0,0,0,0,0,0,0,71,2,0
295605,Breeze,Victor,NRG,Cypher,3,2,0,0,1,0,0,0,0,61,1,0
295605,Breeze,Marved,NRG,Viper,5,0,0,0,0,1,0,0,0,55,1,1
295605,Breeze,Ethan,NRG,Kayo,2,1,0,0,1,0,0,0,0,57,4,1
295605,Breeze,Demon1,NRG,Jett,5,1,0,0,0,0,0,0,0,68,0,0
295605,Breeze,mwzera,FUR,Jett,5,2,0,0,0,1,0,0,0,75,2,2
295605,Breeze,kon4n,FUR,Sova,3,1,0,0,0,0,0,0,0,40,1,0
295605,Breeze,Khalil,FUR,Cypher,6,0,0,0,0,0,0,0,0,51,1,0
295605,Breeze,liazzi,FUR,Viper,6,1,0,0,0,1,0,0,0,55,1,1
295605,Breeze,havoc,FUR,Kayo,1,0,0,0,0,0,0,0,0,13,1,0
295605,Ascent,crashies,NRG,Sova,4,0,0,0,0,0,0,0,0,43,2,0
295605,Ascent,Victor,NRG,Killjoy,2,1,1,0,0,0,0,0,0,53,2,0
295605,Ascent,Marved,NRG,Omen,1,0,0,0,0,0,0,0,0,29,0,0
295605,Ascent,Ethan,NRG,Kayo,3,2,0,0,0,0,0,0,0,77,4,1
295605,Ascent,Demon1,NRG,Jett,4,1,0,0,1,0,0,0,0,62,0,1
295605,Ascent,mwzera,FUR,Jett,2,1,0,0,0,0,0,0,0,42,0,1
295605,Ascent,kon4n,FUR,Sova,3,0,0,0,0,0,0,0,0,59,2,0
295605,Ascent,Khalil,FUR,Killjoy,2,1,0,0,1,0,0,0,0,45,2,0
295605,Ascent,liazzi,FUR,Omen,1,0,0,0,0,0,0,0,0,34,0,1
295605,Ascent,havoc,FUR,Kayo,3,1,0,0,0,0,0,0,0,41,0,0
295606,Bind,wippie,C9,Viper,6,1,0,0,0,0,1,0,0,72,0,0
295606,Bind,vanity,C9,Skye,0,0,0,0,0,0,0,0,0,34,6,0
295606,Bind,Xeppaa,C9,Raze,3,0,1,0,0,0,0,0,0,47,1,0
295606,Bind,jakee,C9,Brimstone,3,3,0,0,0,0,0,0,0,66,1,1
295606,Bind,OXY,C9,Yoru,5,1,0,0,0,0,0,0,0,56,1,0
295606,Bind,frz,MIBR,Viper,4,0,0,0,0,1,0,0,0,43,0,0
295606,Bind,RgLMeister,MIBR,Brimstone,4,1,0,0,1,1,0,0,0,61,1,1
295606,Bind,artzin,MIBR,Jett,1,2,0,0,0,2,0,0,0,50,2,1
295606,Bind,mazin,MIBR,Skye,1,1,0,0,0,0,0,0,0,38,4,0
295606,Bind,jzz,MIBR,Raze,1,1,0,0,0,0,0,0,0,42,1,0
295606,Split,wippie,C9,Killjoy,2,0,0,0,0,0,0,0,0,55,0,2
295606,Split,vanity,C9,Viper,2,1,1,0,1,1,0,0,0,45,1,1
295606,Split,Xeppaa,C9,Skye,3,1,0,0,0,0,0,0,0,57,2,0
295606,Split,jakee,C9,Astra,0,1,0,0,0,0,0,0,0,46,2,0
295606,Split,OXY,C9,Raze,5,0,0,1,0,0,0,0,0,59,0,0
295606,Split,frz,MIBR,Viper,1,0,1,0,0,0,0,0,0,39,2,0
295606,Split,RgLMeister,MIBR,Astra,5,0,0,0,0,0,0,0,0,41,1,0
295606,Split,artzin,MIBR,Jett,2,0,0,0,0,0,0,0,0,48,2,0
295606,Split,mazin,MIBR,Skye,4,0,0,0,1,0,0,0,0,45,4,2
295606,Split,jzz,MIBR,Raze,4,1,0,0,0,0,0,0,0,59,0,1
295606,Lotus,wippie,C9,Killjoy,0,0,0,0,0,0,0,0,0,58,1,0
295606,Lotus,vanity,C9,Gekko,4,2,0,0,1,1,0,0,0,72,8,1
295606,Lotus,Xeppaa,C9,Fade,3,1,0,0,1,0,0,0,0,47,0,1
295606,Lotus,jakee,C9,Omen,1,0,0,0,0,0,0,0,0,33,1,1
295606,Lotus,OXY,C9,Raze,2,1,1,1,0,0,0,0,0,66,0,1
295606,Lotus,frz,MIBR,Killjoy,4,0,0,0,0,0,0,0,0,44,0,1
295606,Lotus,RgLMeister,MIBR,Omen,3,1,0,0,0,0,0,0,0,58,2,3
295606,Lotus,artzin,MIBR,Raze,3,2,0,0,0,0,0,0,0,56,1,0
295606,Lotus,mazin,MIBR,Viper,5,0,0,0,1,0,0,0,0,54,1,1
295606,Lotus,jzz,MIBR,Skye,2,2,0,0,0,0,0,0,0,53,2,0
295610,Split,saadhak,LOUD,Skye,5,1,1,0,0,0,0,0,0,48,2,0
295610,Split,Quick,LOUD,Raze,6,1,0,0,0,0,0,0,0,65,0,1
295610,Split,tuyz,LOUD,Omen,3,0,0,0,1,0,0,0,0,43,1,1
295610,Split,cauanzin,LOUD,Breach,4,0,0,1,0,0,0,0,0,55,5,1
295610,Split,Less,LOUD,Viper,4,1,0,0,0,0,0,0,0,37,0,1
295610,Split,TenZ,SEN,Omen,2,1,1,0,0,0,0,0,0,62,0,0
295610,Split,Sacy,SEN,Skye,1,1,0,0,0,0,0,0,0,24,3,0
295610,Split,Zellsis,SEN,Viper,2,1,0,0,1,0,0,0,0,45,4,2
295610,Split,johnqt,SEN,Cypher,4,0,0,0,1,0,0,0,0,46,0,0
295610,Split,zekken,SEN,Raze,5,1,0,0,0,0,0,0,0,68,0,2
295610,Ascent,saadhak,LOUD,Kayo,1,0,0,1,0,0,0,0,0,48,3,1
295610,Ascent,Quick,LOUD,Phoenix,1,1,1,0,0,0,0,0,0,51,1,0
295610,Ascent,tuyz,LOUD,Omen,1,0,0,0,0,0,0,0,0,21,0,2
295610,Ascent,cauanzin,LOUD,Breach,4,1,0,0,0,0,0,0,0,52,3,2
295610,Ascent,Less,LOUD,Viper,4,0,0,0,0,0,0,1,0,66,1,0
295610,Ascent,TenZ,SEN,Omen,0,0,0,0,0,0,0,0,0,34,0,0
295610,Ascent,Sacy,SEN,Sova,3,3,0,0,0,0,0,0,0,88,2,1
295610,Ascent,Zellsis,SEN,Kayo,0,0,0,0,0,0,0,0,0,34,2,2
295610,Ascent,johnqt,SEN,Killjoy,3,1,0,0,0,0,0,0,0,56,1,0
295610,Ascent,zekken,SEN,Jett,0,2,0,0,0,0,0,0,0,49,2,0
295611,Bind,C0M,LEV,Skye,3,0,1,0,0,0,0,0,0,45,0,0
295611,Bind,tex,LEV,Gekko,2,0,0,0,0,0,0,0,0,46,7,0
295611,Bind,Mazino,LEV,Harbor,3,2,0,0,0,0,0,0,0,72,1,0
295611,Bind,aspas,LEV,Raze,6,1,1,1,1,0,0,0,0,83,0,1
295611,Bind,kiNgg,LEV,Viper,1,0,1,0,0,0,0,0,0,33,0,0
295611,Bind,Asuna,100T,Raze,1,1,0,0,0,0,0,0,0,34,0,0
295611,Bind,Boostio,100T,Gekko,3,1,1,0,0,0,0,0,0,67,3,0
295611,Bind,eeiu,100T,Fade,2,0,0,0,0,0,0,0,0,45,1,0
295611,Bind,bang,100T,Viper,1,0,0,0,1,0,0,0,0,32,0,0
295611,Bind,Cryocells,100T,Brimstone,1,0,0,0,1,0,0,0,0,53,1,1
295611,Split,C0M,LEV,Sova,1,0,0,0,1,0,0,0,0,46,0,0
295611,Split,tex,LEV,Cypher,0,0,0,0,0,0,0,0,0,35,0,0
295611,Split,Mazino,LEV,Omen,2,0,0,0,0,1,0,0,0,47,3,0
295611,Split,aspas,LEV,Raze,2,1,0,0,0,0,0,0,0,58,1,0
295611,Split,kiNgg,LEV,Breach,1,2,0,0,0,0,0,0,0,51,1,0
295611,Split,Asuna,100T,Raze,4,1,0,0,0,0,0,0,0,67,0,1
295611,Split,Boostio,100T,Gekko,2,0,0,0,0,0,0,0,0,68,3,1
295611,Split,eeiu,100T,Fade,7,0,0,0,0,0,0,0,0,61,0,1
295611,Split,bang,100T,Viper,3,0,0,0,1,0,0,0,0,61,0,0
295611,Split,Cryocells,100T,Astra,3,1,0,0,0,0,0,0,0,75,1,0
295611,Icebox,C0M,LEV,Sova,3,3,0,0,0,1,0,0,0,80,2,4
295611,Icebox,tex,LEV,Killjoy,4,0,0,0,0,0,0,0,0,46,0,0
295611,Icebox,Mazino,LEV,Harbor,5,0,0,0,0,0,0,0,0,44,6,1
295611,Icebox,aspas,LEV,Reyna,4,1,2,0,0,0,0,0,0,79,0,0
295611,Icebox,kiNgg,LEV,Viper,3,0,0,0,1,0,0,0,0,40,1,0
295611,Icebox,Asuna,100T,Gekko,3,0,0,0,1,0,0,0,0,24,9,1
295611,Icebox,Boostio,100T,Killjoy,4,3,0,0,0,0,0,0,0,63,0,0
295611,Icebox,eeiu,100T,Sova,3,0,0,0,0,0,0,0,0,33,0,0
295611,Icebox,bang,100T,Viper,3,0,1,0,1,0,0,0,0,46,1,1
295611,Icebox,Cryocells,100T,Jett,1,1,2,0,1,0,0,0,0,67,0,1
295615,Icebox,Melser,KRÜ,Viper,2,1,0,0,0,1,0,0,0,49,6,0
295615,Icebox,keznit,KRÜ,Jett,2,2,0,1,0,0,0,0,0,64,0,0
295615,Icebox,Klaus,KRÜ,Sova,4,0,0,0,0,0,0,0,0,64,2,1
295615,Icebox,Shyy,KRÜ,Killjoy,0,1,0,1,2,0,0,0,0,95,1,0
295615,Icebox,mta,KRÜ,Kayo,5,0,0,0,0,0,0,0,0,44,0,0
295615,Icebox,valyn,G2,Brimstone,3,2,1,0,0,0,0,0,0,82,4,1
295615,Icebox,JonahP,G2,Sova,0,0,1,0,1,0,0,0,0,37,0,0
295615,Icebox,neT,G2,Killjoy,1,0,0,0,0,0,0,0,0,31,0,0
295615,Icebox,leaf,G2,Jett,1,0,1,0,0,0,0,0,0,48,1,0
295615,Icebox,trent,G2,Viper,3,0,0,0,0,0,0,0,0,44,2,1
295615,Sunset,Melser,KRÜ,Omen,2,0,0,0,0,0,0,0,0,37,2,0
295615,Sunset,keznit,KRÜ,Chamber,4,0,0,0,0,0,0,0,0,47,0,1
295615,Sunset,Klaus,KRÜ,Fade,5,0,0,0,1,0,0,0,0,58,6,0
295615,Sunset,Shyy,KRÜ,Viper,1,0,0,0,0,0,0,0,0,28,1,0
295615,Sunset,mta,KRÜ,Kayo,2,0,1,0,0,0,0,0,0,39,0,1
295615,Sunset,valyn,G2,Omen,3,0,1,0,0,0,0,0,0,73,5,0
295615,Sunset,JonahP,G2,Sova,5,1,0,1,0,0,0,0,0,81,0,2
295615,Sunset,neT,G2,Cypher,2,0,0,0,0,0,0,0,0,45,1,0
295615,Sunset,leaf,G2,Raze,3,3,0,0,0,0,0,0,0,54,2,1
295615,Sunset,trent,G2,Viper,2,0,1,0,0,0,0,0,0,46,1,0
295615,Ascent,Melser,KRÜ,Omen,1,0,0,0,0,0,0,0,0,27,2,0
295615,Ascent,keznit,KRÜ,Jett,5,4,0,0,0,0,0,0,0,96,1,0
295615,Ascent,Klaus,KRÜ,Sova,4,1,0,0,0,0,0,0,0,55,2,1
295615,Ascent,Shyy,KRÜ,Killjoy,4,0,0,0,2,0,0,0,0,78,2,1
295615,Ascent,mta,KRÜ,Kayo,4,0,0,0,0,0,0,0,0,38,1,0
295615,Ascent,valyn,G2,Omen,1,0,0,0,0,0,0,0,0,38,4,1
295615,Ascent,JonahP,G2,Kayo,5,2,0,0,2,1,0,0,0,57,2,0
295615,Ascent,neT,G2,Cypher,3,1,0,0,0,0,0,0,0,47,2,0
295615,Ascent,leaf,G2,Jett,3,2,0,0,0,0,0,0,0,45,0,0
295615,Ascent,trent,G2,Viper,0,2,0,0,1,0,0,0,0,64,2,1
295608,Split,mwzera,FUR,Jett,5,0,1,0,0,0,0,0,0,69,0,0
295608,Split,kon4n,FUR,Skye,2,0,0,0,1,0,0,0,0,47,5,0
295608,Split,Khalil,FUR,Viper,2,1,0,0,0,0,0,0,0,42,0,0
295608,Split,liazzi,FUR,Astra,1,0,0,0,0,0,0,0,0,30,1,0
295608,Split,havoc,FUR,Raze,2,2,0,0,0,0,0,0,0,50,2,0
295608,Split,frz,MIBR,Viper,4,3,0,0,2,0,0,0,0,79,2,1
295608,Split,RgLMeister,MIBR,Astra,1,0,0,0,1,0,0,0,0,42,4,0
295608,Split,artzin,MIBR,Jett,2,0,0,0,0,0,0,0,0,43,0,0
295608,Split,mazin,MIBR,Skye,3,0,0,0,0,0,0,0,0,37,2,0
295608,Split,jzz,MIBR,Raze,4,1,0,0,0,0,0,0,0,54,0,0
295608,Breeze,mwzera,FUR,Jett,3,0,0,0,0,0,0,0,0,58,1,0
295608,Breeze,kon4n,FUR,Sova,2,1,0,0,0,0,0,0,0,50,2,0
295608,Breeze,Khalil,FUR,Cypher,4,1,0,0,0,0,0,0,0,44,2,1
295608,Breeze,liazzi,FUR,Viper,1,1,0,0,0,0,0,0,0,51,3,1
295608,Breeze,havoc,FUR,Kayo,5,2,0,0,0,0,0,0,0,60,1,0
295608,Breeze,frz,MIBR,Cypher,2,1,0,0,0,0,0,0,0,52,0,0
295608,Breeze,RgLMeister,MIBR,Viper,6,0,0,0,0,1,0,0,0,49,5,4
295608,Breeze,artzin,MIBR,Jett,1,2,1,0,1,0,0,0,0,69,0,1
295608,Breeze,mazin,MIBR,Kayo,1,0,0,0,0,0,0,0,0,31,1,0
295608,Breeze,jzz,MIBR,Sova,4,0,0,0,0,0,0,0,0,48,0,1
295613,Lotus,TenZ,SEN,Omen,3,0,0,0,1,0,0,0,0,53,2,1
295613,Lotus,Sacy,SEN,Fade,2,0,0,0,0,0,0,0,0,59,8,2
295613,Lotus,Zellsis,SEN,Killjoy,3,0,0,0,0,0,0,0,0,70,0,0
295613,Lotus,johnqt,SEN,Viper,1,2,1,0,0,0,0,0,0,56,1,0
295613,Lotus,zekken,SEN,Raze,4,2,0,0,0,0,0,0,0,70,0,0
295613,Lotus,Asuna,100T,Raze,1,0,0,0,0,0,0,0,0,47,4,1
295613,Lotus,Boostio,100T,Omen,1,0,0,0,0,0,0,0,0,37,1,0
295613,Lotus,eeiu,100T,Fade,1,0,0,0,0,0,0,0,0,26,0,1
295613,Lotus,bang,100T,Viper,2,0,0,0,0,1,0,0,0,57,0,0
295613,Lotus,Cryocells,100T,Chamber,3,0,0,0,0,0,0,0,0,60,0,0
295613,Bind,TenZ,SEN,Yoru,2,1,1,0,0,0,0,0,0,67,0,0
295613,Bind,Sacy,SEN,Skye,3,0,0,0,0,0,0,0,0,41,1,1
295613,Bind,Zellsis,SEN,Brimstone,1,1,0,0,0,0,0,0,0,46,2,1
295613,Bind,johnqt,SEN,Viper,0,2,0,0,0,0,0,0,0,55,2,1
295613,Bind,zekken,SEN,Raze,0,2,0,0,0,0,0,0,0,46,0,0
295613,Bind,Asuna,100T,Raze,5,1,0,0,1,0,0,0,0,60,1,0
295613,Bind,Boostio,100T,Gekko,2,1,0,0,0,0,1,0,0,55,8,0
295613,Bind,eeiu,100T,Fade,3,0,0,0,0,0,0,0,0,50,0,1
295613,Bind,bang,100T,Viper,1,1,0,0,0,0,0,0,0,54,0,1
295613,Bind,Cryocells,100T,Brimstone,2,0,0,0,0,0,0,0,0,52,1,1
295613,Split,TenZ,SEN,Omen,4,1,0,0,0,0,0,0,0,54,2,0
295613,Split,Sacy,SEN,Skye,5,1,0,0,0,0,0,0,0,65,5,1
295613,Split,Zellsis,SEN,Viper,4,0,0,0,0,0,0,0,0,62,1,1
295613,Split,johnqt,SEN,Cypher,2,2,0,0,0,0,0,0,0,64,1,0
295613,Split,zekken,SEN,Raze,5,1,0,0,0,0,0,0,0,77,0,1
295613,Split,Asuna,100T,Raze,0,1,0,0,0,0,0,0,0,39,0,0
295613,Split,Boostio,100T,Gekko,1,0,0,0,0,0,0,0,0,49,5,1
295613,Split,eeiu,100T,Fade,0,1,1,0,0,0,1,0,0,45,1,1
295613,Split,bang,100T,Viper,2,2,0,0,0,0,0,0,0,47,0,1
295613,Split,Cryocells,100T,Astra,0,2,1,0,1,0,1,0,0,43,0,0
295607,Sunset,crashies,NRG,Viper,2,0,0,0,0,1,0,0,0,45,1,2
295607,Sunset,Victor,NRG,Cypher,2,2,0,0,0,0,0,0,0,60,0,0
295607,Sunset,Marved,NRG,Omen,1,1,0,0,0,0,0,0,0,46,1,1
295607,Sunset,Ethan,NRG,Skye,3,1,0,0,1,0,0,0,0,58,4,0
295607,Sunset,Demon1,NRG,Jett,2,3,1,0,0,0,0,0,0,102,1,0
295607,Sunset,wippie,C9,Viper,2,2,0,0,1,0,0,0,0,53,2,1
295607,Sunset,vanity,C9,Skye,1,0,0,0,0,0,0,0,0,47,5,1
295607,Sunset,Xeppaa,C9,Raze,2,1,0,0,0,0,0,0,0,50,0,0
295607,Sunset,jakee,C9,Omen,2,0,0,0,0,0,0,0,0,42,0,0
295607,Sunset,OXY,C9,Yoru,4,0,0,0,1,0,0,0,0,32,0,0
295607,Ascent,crashies,NRG,Sova,1,1,0,0,0,0,0,0,0,47,1,1
295607,Ascent,Victor,NRG,Killjoy,3,1,1,0,1,0,0,0,0,63,2,1
295607,Ascent,Marved,NRG,Omen,2,2,0,0,0,0,0,0,0,42,2,0
295607,Ascent,Ethan,NRG,Kayo,3,0,0,0,0,0,0,0,0,36,2,1
295607,Ascent,Demon1,NRG,Jett,4,1,0,0,0,0,0,0,0,45,0,0
295607,Ascent,wippie,C9,Killjoy,4,0,0,0,0,0,0,0,0,39,0,0
295607,Ascent,vanity,C9,Sova,3,2,0,0,1,0,0,0,0,75,5,2
295607,Ascent,Xeppaa,C9,Kayo,3,1,0,0,0,0,0,0,0,45,1,0
295607,Ascent,jakee,C9,Omen,2,1,0,0,0,0,0,0,0,41,1,0
295607,Ascent,OXY,C9,Jett,6,0,0,0,0,0,0,0,0,50,1,0
295612,Bind,saadhak,LOUD,Kayo,4,0,0,0,0,0,0,0,0,58,4,1
295612,Bind,Quick,LOUD,Phoenix,3,1,0,0,0,0,0,0,0,39,0,0
295612,Bind,tuyz,LOUD,Brimstone,3,0,0,0,0,0,0,0,0,51,0,1
295612,Bind,cauanzin,LOUD,Breach,2,1,0,0,0,0,0,0,0,49,5,0
295612,Bind,Less,LOUD,Viper,3,0,0,0,0,0,0,0,0,53,1,1
295612,Bind,C0M,LEV,Skye,3,1,0,0,0,0,0,0,0,43,2,1
295612,Bind,tex,LEV,Gekko,3,1,0,0,0,0,0,0,0,55,6,0
295612,Bind,Mazino,LEV,Harbor,2,1,0,0,1,1,0,0,0,58,3,1
295612,Bind,aspas,LEV,Raze,2,0,0,0,0,0,0,0,0,47,0,0
295612,Bind,kiNgg,LEV,Viper,1,3,1,0,0,1,0,0,0,78,1,0
295612,Split,saadhak,LOUD,Skye,2,0,0,0,0,0,0,0,0,40,1,1
295612,Split,Quick,LOUD,Raze,3,1,0,0,0,0,0,0,0,42,1,1
295612,Split,tuyz,LOUD,Omen,2,2,0,0,1,0,0,0,0,58,1,0
295612,Split,cauanzin,LOUD,Breach,4,1,0,0,0,0,0,0,0,54,5,1
295612,Split,Less,LOUD,Viper,6,1,1,0,1,0,0,0,0,84,1,0
295612,Split,C0M,LEV,Skye,4,0,0,0,0,0,0,0,0,40,5,0
295612,Split,tex,LEV,Raze,3,0,0,0,0,0,0,0,0,39,0,0
295612,Split,Mazino,LEV,Astra,0,1,0,0,0,0,0,0,0,30,3,0
295612,Split,aspas,LEV,Jett,2,0,0,0,3,1,0,0,0,43,1,1
295612,Split,kiNgg,LEV,Viper,2,1,1,0,0,0,0,0,0,67,0,1
295612,Ascent,saadhak,LOUD,Kayo,3,0,0,0,0,0,0,0,0,41,0,0
295612,Ascent,Quick,LOUD,Phoenix,3,2,0,0,0,0,0,0,0,62,2,0
295612,Ascent,tuyz,LOUD,Omen,2,2,0,0,0,0,0,0,0,64,1,1
295612,Ascent,cauanzin,LOUD,Breach,2,0,0,0,0,0,0,0,0,35,6,0
295612,Ascent,Less,LOUD,Viper,3,2,0,0,1,0,0,0,0,88,1,1
295612,Ascent,C0M,LEV,Sova,2,1,0,0,0,0,0,0,0,77,3,0
295612,Ascent,tex,LEV,Killjoy,1,0,0,0,0,0,0,0,0,36,1,0
295612,Ascent,Mazino,LEV,Omen,2,0,0,0,0,0,0,0,0,44,0,1
295612,Ascent,aspas,LEV,Jett,3,2,0,0,0,0,0,0,0,57,1,0
295612,Ascent,kiNgg,LEV,Kayo,3,2,0,0,0,0,0,0,0,47,1,0
295617,Sunset,valyn,G2,Omen,2,1,0,0,0,0,0,0,0,30,5,1
295617,Sunset,JonahP,G2,Sova,2,3,0,0,1,0,0,0,0,51,5,1
295617,Sunset,neT,G2,Cypher,4,1,0,0,0,1,0,0,0,45,0,0
295617,Sunset,leaf,G2,Raze,3,4,0,0,0,0,0,0,0,56,0,0
295617,Sunset,trent,G2,Viper,2,2,0,0,0,0,0,0,0,45,1,1
295617,Sunset,supamen,EG,Omen,2,2,0,0,0,0,0,0,0,40,2,1
295617,Sunset,Derrek,EG,Fade,4,2,0,0,1,1,0,0,0,46,0,0
295617,Sunset,jawgemo,EG,Raze,5,1,0,0,0,0,0,0,0,53,0,1
295617,Sunset,NaturE,EG,Breach,4,1,0,0,1,1,0,0,0,41,7,1
295617,Sunset,Apoth,EG,Cypher,2,2,0,0,0,0,0,0,0,47,0,0
295617,Icebox,valyn,G2,Brimstone,3,1,0,0,0,0,0,0,0,57,2,2
295617,Icebox,JonahP,G2,Sova,1,1,0,1,0,0,0,0,0,54,2,1
295617,Icebox,neT,G2,Killjoy,1,0,0,0,0,0,0,0,0,29,2,0
295617,Icebox,leaf,G2,Jett,5,1,0,0,0,0,0,0,0,66,0,0
295617,Icebox,trent,G2,Viper,3,0,0,0,0,0,0,0,0,60,2,1
295617,Icebox,supamen,EG,Viper,3,3,0,0,0,2,0,0,0,82,3,1
295617,Icebox,Derrek,EG,Gekko,6,1,0,0,0,0,0,0,0,50,4,1
295617,Icebox,jawgemo,EG,Deadlock,2,0,1,0,0,0,0,0,0,34,0,0
295617,Icebox,NaturE,EG,Kayo,1,0,0,0,0,0,0,0,0,32,3,0
295617,Icebox,Apoth,EG,Killjoy,3,2,1,0,0,0,0,0,0,64,0,1
295609,Bind,wippie,C9,Viper,3,0,0,0,0,0,0,0,0,43,0,0
295609,Bind,vanity,C9,Skye,5,2,0,0,0,0,0,0,0,50,3,1
295609,Bind,Xeppaa,C9,Raze,2,1,0,0,1,0,0,0,0,48,2,0
295609,Bind,jakee,C9,Brimstone,4,0,0,0,0,0,0,0,0,39,4,1
295609,Bind,OXY,C9,Yoru,3,1,1,0,0,0,0,0,0,55,1,1
295609,Bind,frz,MIBR,Viper,2,1,0,0,1,1,0,1,0,42,0,2
295609,Bind,RgLMeister,MIBR,Brimstone,3,2,0,0,0,0,0,0,0,64,8,0
295609,Bind,artzin,MIBR,Raze,3,0,0,0,1,0,0,0,0,31,2,0
295609,Bind,mazin,MIBR,Kayo,4,2,0,0,0,0,0,0,0,50,1,0
295609,Bind,jzz,MIBR,Skye,2,0,0,0,0,0,0,0,0,38,0,1
295609,Ascent,wippie,C9,Killjoy,1,0,0,0,0,0,0,0,0,49,2,1
295609,Ascent,vanity,C9,Sova,5,0,0,0,0,0,0,0,0,46,3,0
295609,Ascent,Xeppaa,C9,Kayo,3,0,1,0,0,0,0,0,0,57,2,0
295609,Ascent,jakee,C9,Omen,6,0,0,0,2,0,0,0,0,60,0,2
295609,Ascent,OXY,C9,Jett,3,0,0,0,0,0,0,0,0,36,0,0
295609,Ascent,frz,MIBR,Cypher,5,1,0,0,0,1,0,0,0,65,0,0
295609,Ascent,RgLMeister,MIBR,Omen,0,4,0,0,0,1,0,0,0,62,4,1
295609,Ascent,artzin,MIBR,Jett,3,1,1,0,0,0,0,0,0,47,0,0
295609,Ascent,mazin,MIBR,Viper,2,1,0,0,0,1,0,0,0,50,1,1
295609,Ascent,jzz,MIBR,Skye,3,2,0,0,0,0,0,0,0,60,4,1
295614,Split,C0M,LEV,Skye,1,0,0,0,0,0,0,0,0,35,2,0
295614,Split,tex,LEV,Raze,1,0,0,0,0,0,0,0,0,37,2,0
295614,Split,Mazino,LEV,Astra,0,0,0,0,0,0,0,0,0,27,3,0
295614,Split,aspas,LEV,Jett,0,0,2,0,1,0,0,0,0,66,2,0
295614,Split,kiNgg,LEV,Viper,2,2,0,0,0,0,0,0,0,82,1,0
295614,Split,TenZ,SEN,Omen,2,0,0,0,1,0,0,0,0,36,1,0
295614,Split,Sacy,SEN,Skye,1,1,0,0,0,0,1,0,0,40,0,1
295614,Split,Zellsis,SEN,Viper,4,0,1,0,1,0,0,0,0,79,1,3
295614,Split,johnqt,SEN,Cypher,2,0,1,0,0,1,0,0,0,61,1,0
295614,Split,zekken,SEN,Raze,4,2,0,0,0,0,0,0,0,125,1,2
295614,Breeze,C0M,LEV,Sova,1,0,0,0,0,0,0,0,0,38,2,1
295614,Breeze,tex,LEV,Cypher,3,0,0,0,0,0,0,0,0,59,0,0
295614,Breeze,Mazino,LEV,Kayo,3,1,0,0,1,0,0,0,0,68,6,1
295614,Breeze,aspas,LEV,Jett,2,3,0,0,0,0,0,0,0,60,0,0
295614,Breeze,kiNgg,LEV,Viper,1,1,1,0,2,0,0,0,0,67,2,1
295614,Breeze,TenZ,SEN,Kayo,2,0,0,0,0,0,0,0,0,38,1,0
295614,Breeze,Sacy,SEN,Sova,2,1,0,0,0,0,0,0,0,54,4,1
295614,Breeze,Zellsis,SEN,Viper,2,0,0,0,0,1,0,0,0,35,1,0
295614,Breeze,johnqt,SEN,Cypher,2,0,0,0,0,0,0,0,0,51,0,0
295614,Breeze,zekken,SEN,Jett,2,1,1,0,0,0,0,0,0,54,0,0
295614,Bind,C0M,LEV,Skye,4,1,0,0,0,0,0,0,0,43,0,1
295614,Bind,tex,LEV,Gekko,5,0,0,0,0,0,0,0,0,38,4,0
295614,Bind,Mazino,LEV,Harbor,2,1,0,0,1,0,0,0,0,33,1,1
295614,Bind,aspas,LEV,Raze,3,1,1,0,1,0,0,0,0,68,0,1
295614,Bind,kiNgg,LEV,Viper,1,1,0,0,0,0,0,0,0,45,1,0
295614,Bind,TenZ,SEN,Yoru,3,0,0,0,0,0,0,0,0,49,0,1
295614,Bind,Sacy,SEN,Skye,5,1,0,0,2,0,0,0,0,66,4,1
295614,Bind,Zellsis,SEN,Brimstone,1,0,0,0,0,0,0,0,0,45,5,0
295614,Bind,johnqt,SEN,Viper,2,0,0,0,1,0,0,0,0,46,0,1
295614,Bind,zekken,SEN,Raze,5,1,0,0,0,0,0,0,0,71,0,0
295619,Split,valyn,G2,Omen,2,0,0,0,0,0,0,0,0,43,4,0
295619,Split,JonahP,G2,Breach,2,0,0,0,0,0,0,0,0,23,0,0
295619,Split,neT,G2,Cypher,3,1,1,0,0,1,0,0,0,65,0,0
295619,Split,leaf,G2,Raze,3,3,0,0,1,0,0,0,0,90,0,1
295619,Split,trent,G2,Viper,4,0,0,0,0,0,0,0,0,71,1,0
295619,Split,Melser,KRÜ,Astra,2,0,0,0,0,0,0,0,0,36,0,0
295619,Split,keznit,KRÜ,Jett,3,0,0,0,0,0,0,0,0,49,1,0
295619,Split,Klaus,KRÜ,Skye,0,0,0,0,0,0,0,0,0,36,4,0
295619,Split,Shyy,KRÜ,Viper,4,2,0,0,0,1,0,0,0,63,0,0
295619,Split,mta,KRÜ,Kayo,2,2,0,0,0,0,0,0,0,49,1,0
295619,Sunset,valyn,G2,Omen,2,0,0,0,0,0,0,0,0,45,2,0
295619,Sunset,JonahP,G2,Sova,3,2,0,0,0,1,0,0,0,56,5,1
295619,Sunset,neT,G2,Cypher,4,1,0,0,0,0,0,0,0,57,0,0
295619,Sunset,leaf,G2,Raze,1,1,0,0,0,0,0,0,0,66,1,0
295619,Sunset,trent,G2,Viper,3,1,0,0,0,1,0,0,0,79,0,1
295619,Sunset,Melser,KRÜ,Omen,2,1,0,0,0,0,0,0,0,23,2,0
295619,Sunset,keznit,KRÜ,Chamber,6,1,0,0,0,0,0,0,0,78,0,0
295619,Sunset,Klaus,KRÜ,Fade,0,1,0,0,0,0,1,0,0,43,4,0
295619,Sunset,Shyy,KRÜ,Viper,3,0,0,0,2,0,0,0,0,50,2,0
295619,Sunset,mta,KRÜ,Kayo,2,1,0,0,0,0,0,0,0,45,0,0
307572,Split,frz,MIBR,Viper,5,1,0,0,0,0,0,0,0,60,1,0
307572,Split,RgLMeister,MIBR,Astra,1,1,0,0,0,0,0,0,0,45,2,0
307572,Split,artzin,MIBR,Jett,4,1,0,0,1,0,0,0,0,51,0,2
307572,Split,mazin,MIBR,Skye,3,0,0,0,0,0,0,0,0,36,3,0
307572,Split,jzz,MIBR,Raze,1,1,0,0,0,0,0,0,0,45,0,1
307572,Split,TenZ,SEN,Omen,2,2,0,0,0,0,0,0,0,57,1,0
307572,Split,Sacy,SEN,Skye,2,0,0,0,1,0,0,0,0,36,1,2
307572,Split,Zellsis,SEN,Viper,3,0,0,0,0,0,0,0,0,55,1,0
307572,Split,johnqt,SEN,Cypher,4,1,0,0,0,1,0,0,0,59,2,0
307572,Split,zekken,SEN,Raze,3,3,0,0,0,0,0,0,0,80,0,2
307572,Ascent,frz,MIBR,Cypher,2,0,0,0,0,1,0,0,0,44,1,0
307572,Ascent,RgLMeister,MIBR,Omen,0,1,0,0,0,0,0,0,0,31,1,0
307572,Ascent,artzin,MIBR,Jett,5,1,0,0,0,0,0,0,0,75,0,0
307572,Ascent,mazin,MIBR,Viper,3,0,0,0,0,0,0,0,0,44,2,0
307572,Ascent,jzz,MIBR,Skye,3,0,0,0,0,0,0,0,0,29,4,0
307572,Ascent,TenZ,SEN,Omen,3,2,0,0,0,0,0,0,0,57,0,0
307572,Ascent,Sacy,SEN,Sova,2,1,0,0,0,0,0,0,0,81,2,1
307572,Ascent,Zellsis,SEN,Kayo,1,2,0,0,0,1,0,0,0,45,3,2
307572,Ascent,johnqt,SEN,Killjoy,1,1,0,0,1,0,0,0,0,40,1,0
307572,Ascent,zekken,SEN,Jett,5,2,0,0,0,0,0,0,0,89,0,0
307573,Sunset,valyn,G2,Omen,0,2,0,0,0,1,0,0,0,41,2,0
307573,Sunset,JonahP,G2,Sova,1,1,0,0,0,0,0,0,0,52,0,0
307573,Sunset,neT,G2,Cypher,5,0,0,0,0,0,0,0,0,49,2,0
307573,Sunset,leaf,G2,Raze,1,3,0,0,0,0,0,0,0,53,1,3
307573,Sunset,trent,G2,Viper,2,1,0,0,1,0,0,0,0,75,2,2
307573,Sunset,frz,MIBR,Cypher,5,0,0,0,0,0,0,0,0,72,1,2
307573,Sunset,RgLMeister,MIBR,Omen,1,0,0,0,0,0,0,0,0,35,5,0
307573,Sunset,artzin,MIBR,Raze,3,0,0,0,0,0,0,0,0,52,1,0
307573,Sunset,mazin,MIBR,Viper,4,0,0,0,0,0,0,0,0,51,1,1
307573,Sunset,jzz,MIBR,Skye,4,3,0,0,0,0,1,0,0,70,3,1
307573,Split,valyn,G2,Omen,3,2,0,0,0,0,0,0,0,32,4,0
307573,Split,JonahP,G2,Breach,3,0,0,0,0,0,0,0,0,33,2,2
307573,Split,neT,G2,Cypher,1,1,0,0,0,0,0,0,0,38,1,1
307573,Split,leaf,G2,Raze,7,1,0,0,0,0,0,0,0,63,2,1
307573,Split,trent,G2,Viper,3,1,0,0,1,0,0,0,0,60,2,1
307573,Split,frz,MIBR,Viper,3,2,0,0,1,0,0,0,0,47,2,1
307573,Split,RgLMeister,MIBR,Astra,6,1,0,0,0,1,0,0,0,51,4,0
307573,Split,artzin,MIBR,Jett,2,0,0,0,1,0,0,0,0,35,0,1
307573,Split,mazin,MIBR,Skye,3,0,0,0,1,0,0,0,0,30,6,0
307573,Split,jzz,MIBR,Raze,6,1,1,0,0,0,0,0,0,68,1,0
307573,Breeze,valyn,G2,Harbor,0,1,0,0,0,2,0,0,0,28,1,2
307573,Breeze,JonahP,G2,Sova,3,1,0,0,0,0,0,0,0,47,2,1
307573,Breeze,neT,G2,Cypher,8,0,0,0,0,0,0,0,0,68,0,1
307573,Breeze,leaf,G2,Yoru,1,0,1,0,0,0,0,0,0,44,1,0
307573,Breeze,trent,G2,Viper,1,0,1,0,0,0,0,0,0,39,3,0
307573,Breeze,frz,MIBR,Cypher,1,2,0,0,0,1,0,0,0,36,0,0
307573,Breeze,RgLMeister,MIBR,Viper,2,2,0,0,0,0,0,0,0,72,5,1
307573,Breeze,artzin,MIBR,Jett,4,1,2,0,0,0,0,0,0,76,0,1
307573,Breeze,mazin,MIBR,Kayo,2,0,0,0,1,0,0,0,0,40,2,1
307573,Breeze,jzz,MIBR,Sova,1,2,1,0,0,0,0,0,0,73,3,0
307574,Sunset,TenZ,SEN,Omen,6,0,0,0,0,0,0,0,0,46,0,0
307574,Sunset,Sacy,SEN,Gekko,4,0,0,0,0,0,0,0,0,76,7,2
307574,Sunset,Zellsis,SEN,Kayo,3,0,1,0,0,0,1,0,0,82,1,3
307574,Sunset,johnqt,SEN,Cypher,1,0,0,0,0,0,0,0,0,42,1,0
307574,Sunset,zekken,SEN,Raze,2,2,0,0,0,1,0,0,0,62,0,2
307574,Sunset,valyn,G2,Omen,1,0,0,0,0,0,0,0,0,37,5,0
307574,Sunset,JonahP,G2,Sova,0,1,1,0,0,0,0,0,0,51,0,1
307574,Sunset,neT,G2,Cypher,1,2,0,0,1,0,0,0,0,39,1,0
307574,Sunset,leaf,G2,Raze,5,2,0,0,0,1,0,0,0,54,0,1
307574,Sunset,trent,G2,Viper,1,1,0,0,1,0,0,0,0,46,1,3
307574,Breeze,TenZ,SEN,Kayo,1,3,0,0,0,0,1,0,0,53,1,1
307574,Breeze,Sacy,SEN,Sova,2,0,0,0,0,0,0,0,0,34,6,0
307574,Breeze,Zellsis,SEN,Viper,2,1,1,0,1,0,1,0,0,51,0,1
307574,Breeze,johnqt,SEN,Cypher,1,2,0,0,0,0,0,0,0,55,2,1
307574,Breeze,zekken,SEN,Jett,4,1,0,0,0,0,0,0,0,51,0,0
307574,Breeze,valyn,G2,Harbor,2,0,0,0,0,0,0,0,0,47,5,0
307574,Breeze,JonahP,G2,Sova,3,0,0,0,0,0,0,0,0,44,1,1
307574,Breeze,neT,G2,Cypher,4,4,0,0,0,1,0,0,0,85,0,2
307574,Breeze,leaf,G2,Yoru,6,1,0,0,0,0,0,0,0,58,0,0
307574,Breeze,trent,G2,Viper,2,1,1,0,1,0,1,0,0,75,4,0
307574,Split,TenZ,SEN,Omen,1,0,0,0,0,0,0,0,0,44,0,0
307574,Split,Sacy,SEN,Skye,2,2,0,0,0,0,0,0,0,61,4,1
307574,Split,Zellsis,SEN,Viper,5,1,0,0,0,0,0,0,0,63,0,1
307574,Split,johnqt,SEN,Cypher,3,0,0,0,0,0,0,0,0,56,0,0
307574,Split,zekken,SEN,Raze,5,0,0,0,0,0,0,0,0,68,0,2
307574,Split,valyn,G2,Omen,4,1,0,0,1,0,0,0,0,47,3,1
307574,Split,JonahP,G2,Breach,2,0,0,0,0,0,0,0,0,24,4,0
307574,Split,neT,G2,Cypher,5,0,1,0,0,0,0,0,0,57,1,0
307574,Split,leaf,G2,Raze,2,1,1,0,0,0,0,0,0,39,0,0
307574,Split,trent,G2,Viper,0,0,0,0,1,0,0,0,0,44,1,1
303087,Ascent,supamen,EG,Omen,3,2,0,0,1,0,0,0,0,81,3,0
303087,Ascent,Derrek,EG,Sova,3,0,0,0,1,0,0,0,0,59,1,0
303087,Ascent,jawgemo,EG,Jett,4,1,1,0,0,0,0,0,0,88,0,0
303087,Ascent,NaturE,EG,Kayo,1,0,0,0,0,0,0,0,0,38,1,0
303087,Ascent,Apoth,EG,Cypher,3,1,0,0,1,0,0,0,0,57,0,1
303087,Ascent,saadhak,LOUD,Kayo,0,1,0,0,0,0,0,0,0,48,0,0
303087,Ascent,Quick,LOUD,Phoenix,1,0,0,0,0,0,0,0,0,26,0,0
303087,Ascent,tuyz,LOUD,Omen,4,1,0,0,1,1,0,0,0,64,2,1
303087,Ascent,cauanzin,LOUD,Breach,1,1,0,0,0,0,0,0,0,43,2,0
303087,Ascent,Less,LOUD,Viper,2,0,0,0,0,0,0,0,0,47,0,0
303087,Icebox,supamen,EG,Viper,2,0,0,0,1,0,0,0,0,44,0,1
303087,Icebox,Derrek,EG,Gekko,2,0,0,0,0,0,0,0,0,40,6,0
303087,Icebox,jawgemo,EG,Deadlock,4,1,0,0,0,0,0,0,0,51,0,0
303087,Icebox,NaturE,EG,Kayo,0,0,0,0,0,0,0,0,0,31,2,0
303087,Icebox,Apoth,EG,Killjoy,2,3,0,0,0,0,0,0,0,66,0,0
303087,Icebox,saadhak,LOUD,Killjoy,1,1,0,0,0,0,0,0,0,45,3,2
303087,Icebox,Quick,LOUD,Jett,1,0,0,0,0,0,0,0,0,46,0,1
303087,Icebox,tuyz,LOUD,Harbor,4,1,0,0,0,1,0,0,0,65,5,0
303087,Icebox,cauanzin,LOUD,Sova,4,0,1,0,0,0,0,0,0,54,0,1
303087,Icebox,Less,LOUD,Viper,4,0,0,0,0,1,0,0,0,66,1,1
303087,Sunset,supamen,EG,Omen,0,0,0,0,0,0,0,0,0,23,0,0
303087,Sunset,Derrek,EG,Fade,4,1,1,0,0,0,1,0,0,79,4,0
303087,Sunset,jawgemo,EG,Raze,0,1,0,0,0,0,0,0,0,31,2,0
303087,Sunset,NaturE,EG,Breach,2,0,0,0,0,0,0,0,0,36,3,0
303087,Sunset,Apoth,EG,Cypher,0,1,1,0,0,0,0,0,0,63,0,0
303087,Sunset,saadhak,LOUD,Sova,3,1,0,0,0,0,0,0,0,62,1,2
303087,Sunset,Quick,LOUD,Phoenix,1,2,0,0,0,0,0,0,0,58,1,2
303087,Sunset,tuyz,LOUD,Omen,3,0,0,0,0,0,0,0,0,65,0,0
303087,Sunset,cauanzin,LOUD,Breach,0,1,1,0,0,0,0,0,0,45,1,0
303087,Sunset,Less,LOUD,Viper,3,1,1,0,0,0,0,0,0,72,2,1
303088,Sunset,crashies,NRG,Viper,4,2,0,0,0,1,0,0,0,38,0,2
303088,Sunset,Victor,NRG,Cypher,2,2,0,0,0,0,0,0,0,33,1,0
303088,Sunset,Marved,NRG,Omen,7,0,0,0,0,0,0,0,0,43,1,1
303088,Sunset,Ethan,NRG,Skye,2,0,0,0,0,1,0,0,0,27,7,1
303088,Sunset,Demon1,NRG,Jett,5,0,0,0,0,0,0,0,0,45,0,0
303088,Sunset,TenZ,SEN,Omen,7,0,1,0,0,0,0,0,0,64,0,0
303088,Sunset,Sacy,SEN,Gekko,2,1,0,0,0,0,0,0,0,44,9,0
303088,Sunset,Zellsis,SEN,Kayo,2,0,0,0,0,0,0,0,0,39,1,1
303088,Sunset,johnqt,SEN,Cypher,6,0,0,0,0,0,0,0,0,39,0,0
303088,Sunset,zekken,SEN,Raze,6,2,1,0,0,0,0,0,0,62,0,3
303088,Ascent,crashies,NRG,Sova,3,0,0,0,0,0,0,0,0,45,2,1
303088,Ascent,Victor,NRG,Killjoy,4,0,0,0,0,1,0,0,0,58,0,0
303088,Ascent,Marved,NRG,Omen,2,0,0,0,0,0,0,0,0,29,0,0
303088,Ascent,Ethan,NRG,Kayo,5,2,1,0,0,0,0,0,0,75,6,2
303088,Ascent,Demon1,NRG,Jett,4,1,0,0,0,0,0,0,0,54,1,0
303088,Ascent,TenZ,SEN,Omen,2,0,0,0,0,0,0,0,0,59,2,0
303088,Ascent,Sacy,SEN,Sova,1,1,0,0,1,0,0,0,0,54,2,1
303088,Ascent,Zellsis,SEN,Kayo,5,1,0,0,0,0,0,0,0,53,3,0
303088,Ascent,johnqt,SEN,Cypher,1,0,0,0,0,0,0,0,0,26,0,0
303088,Ascent,zekken,SEN,Jett,2,0,0,0,0,0,0,0,0,57,0,0
303088,Split,crashies,NRG,Breach,0,1,0,0,0,0,0,0,0,33,4,0
303088,Split,Victor,NRG,Raze,2,1,0,0,0,0,0,0,0,51,1,1
303088,Split,Marved,NRG,Viper,3,0,0,1,0,0,0,0,0,68,0,0
303088,Split,Ethan,NRG,Skye,2,0,0,0,0,0,0,0,0,44,1,0
303088,Split,Demon1,NRG,Omen,3,0,0,0,0,0,0,0,0,42,2,0
303088,Split,TenZ,SEN,Omen,2,1,0,0,0,0,0,0,0,46,1,0
303088,Split,Sacy,SEN,Skye,1,2,0,0,0,1,0,0,0,60,1,1
303088,Split,Zellsis,SEN,Viper,3,1,0,0,0,0,0,0,0,71,0,1
303088,Split,johnqt,SEN,Cypher,4,1,1,0,2,0,0,0,0,81,1,3
303088,Split,zekken,SEN,Raze,2,0,0,0,0,0,0,0,0,47,0,2
303086,Sunset,saadhak,LOUD,Sova,2,0,0,0,0,0,0,0,0,42,0,1
303086,Sunset,Quick,LOUD,Phoenix,6,0,0,0,0,1,0,0,0,55,0,1
303086,Sunset,tuyz,LOUD,Omen,4,0,0,0,1,1,0,1,0,59,0,0
303086,Sunset,cauanzin,LOUD,Breach,2,0,0,0,0,0,0,0,0,45,9,1
303086,Sunset,Less,LOUD,Viper,1,1,0,0,1,0,0,0,0,56,0,1
303086,Sunset,TenZ,SEN,Omen,6,2,0,0,0,0,0,0,0,83,1,0
303086,Sunset,Sacy,SEN,Gekko,5,1,0,0,0,0,1,0,0,78,10,0
303086,Sunset,Zellsis,SEN,Kayo,2,1,0,0,0,0,0,0,0,42,0,1
303086,Sunset,johnqt,SEN,Cypher,3,0,0,0,0,0,0,0,0,48,0,2
303086,Sunset,zekken,SEN,Raze,5,1,0,0,0,0,0,0,0,54,1,1
303086,Split,saadhak,LOUD,Skye,0,0,0,0,0,0,0,0,0,22,1,0
303086,Split,Quick,LOUD,Raze,1,0,0,0,0,0,0,0,0,40,0,0
303086,Split,tuyz,LOUD,Omen,1,0,0,0,0,0,0,0,0,39,0,0
303086,Split,cauanzin,LOUD,Breach,3,0,0,0,0,0,0,0,0,34,3,0
303086,Split,Less,LOUD,Viper,1,1,0,0,0,0,0,0,0,80,2,0
303086,Split,TenZ,SEN,Omen,5,1,0,0,0,0,0,0,0,73,1,0
303086,Split,Sacy,SEN,Skye,3,0,0,0,0,0,0,0,0,69,3,2
303086,Split,Zellsis,SEN,Viper,2,1,0,0,1,0,0,0,0,57,0,1
303086,Split,johnqt,SEN,Cypher,1,0,0,0,0,0,0,0,0,52,0,0
303086,Split,zekken,SEN,Raze,4,1,0,0,0,0,0,0,0,84,0,0
303086,Icebox,saadhak,LOUD,Killjoy,3,1,0,0,0,0,0,0,0,60,7,0
303086,Icebox,Quick,LOUD,Jett,1,1,0,0,0,0,0,0,0,39,0,0
303086,Icebox,tuyz,LOUD,Harbor,2,2,0,0,0,1,0,0,0,57,3,1
303086,Icebox,cauanzin,LOUD,Sova,3,1,0,0,0,0,0,0,0,64,1,0
303086,Icebox,Less,LOUD,Viper,1,2,0,0,0,0,0,0,0,62,0,2
303086,Icebox,TenZ,SEN,Kayo,1,3,0,0,0,0,0,0,0,49,1,0
303086,Icebox,Sacy,SEN,Gekko,1,0,0,0,0,0,0,0,0,25,7,2
303086,Icebox,Zellsis,SEN,Killjoy,4,1,0,0,0,0,0,0,0,42,0,0
303086,Icebox,johnqt,SEN,Viper,4,1,0,0,1,0,0,0,0,60,2,1
303086,Icebox,zekken,SEN,Jett,3,0,0,0,0,0,0,0,0,44,0,0
303086,Bind,saadhak,LOUD,Kayo,0,1,0,0,0,0,0,0,0,66,2,0
303086,Bind,Quick,LOUD,Phoenix,2,3,1,0,0,0,0,0,0,69,2,0
303086,Bind,tuyz,LOUD,Brimstone,5,1,0,0,2,0,0,0,0,58,3,2
303086,Bind,cauanzin,LOUD,Breach,3,1,0,0,0,0,0,0,0,46,3,1
303086,Bind,Less,LOUD,Viper,3,0,0,0,0,0,0,0,0,21,0,0
303086,Bind,TenZ,SEN,Yoru,4,0,0,0,0,0,0,0,0,46,1,0
303086,Bind,Sacy,SEN,Skye,1,1,0,0,0,0,0,0,0,46,3,0
303086,Bind,Zellsis,SEN,Brimstone,1,2,0,0,0,0,0,0,0,60,2,1
303086,Bind,johnqt,SEN,Viper,3,1,0,0,1,0,0,0,0,59,2,0
303086,Bind,zekken,SEN,Raze,2,1,0,0,0,0,0,0,0,59,0,0
303086,Lotus,saadhak,LOUD,Skye,3,0,0,0,1,0,0,0,0,47,2,1
303086,Lotus,Quick,LOUD,Phoenix,3,1,0,0,0,0,0,0,0,66,0,0
303086,Lotus,tuyz,LOUD,Omen,3,0,0,0,0,0,0,0,0,53,0,1
303086,Lotus,cauanzin,LOUD,Breach,3,0,0,0,0,0,0,0,0,46,2,0
303086,Lotus,Less,LOUD,Viper,2,1,0,0,0,0,0,0,0,74,0,0
303086,Lotus,TenZ,SEN,Omen,2,1,0,0,0,0,0,0,0,47,1,0
303086,Lotus,Sacy,SEN,Fade,4,1,0,0,1,1,0,0,0,68,4,0
303086,Lotus,Zellsis,SEN,Killjoy,1,0,0,0,1,0,0,0,0,35,1,1
303086,Lotus,johnqt,SEN,Viper,3,0,0,0,3,1,0,0,0,64,3,0
303086,Lotus,zekken,SEN,Raze,4,2,0,0,0,1,0,0,0,72,2,1
