Match ID,Map,Player,Team,Agent,2K,3K,4K,5K,1v1,1v2,1v3,1v4,1v5,ECON,PL,DE
296735,Breeze,Rossy,T1,Viper,5,0,0,0,0,0,0,0,0,35,3,2
296735,Breeze,Sayaplayer,T1,Jett,8,1,1,0,1,0,0,0,0,61,0,2
296735,Breeze,xccurate,T1,Harbor,7,2,0,0,0,0,0,0,0,50,2,0
296735,Breeze,iZu,T1,Yoru,3,1,0,1,1,0,0,0,0,42,0,1
296735,Breeze,carpe,T1,Sova,5,0,1,0,0,0,0,0,0,41,9,1
296735,Breeze,yay,BLD,Neon,3,3,0,0,1,0,0,0,0,41,0,2
296735,Breeze,crazyguy,BLD,Sova,3,1,0,0,0,0,0,0,0,31,1,1
296735,Breeze,Egoist,BLD,Skye,2,0,0,0,0,0,0,0,0,25,7,1
296735,Breeze,sScary,BLD,Viper,8,0,0,0,0,2,1,0,0,46,1,2
296735,Breeze,Deryeon,BLD,Harbor,6,1,0,0,1,0,0,0,0,44,4,0
296735,Lotus,Rossy,T1,Viper,3,1,0,0,0,0,0,0,0,73,2,0
296735,Lotus,Sayaplayer,T1,Raze,1,0,0,0,0,0,0,0,0,33,0,0
296735,Lotus,xccurate,T1,Chamber,3,1,0,0,0,0,0,0,0,38,0,1
296735,Lotus,iZu,T1,Omen,4,1,0,0,0,0,0,0,0,73,2,1
296735,Lotus,carpe,T1,Fade,4,1,1,0,2,0,0,0,0,71,6,2
296735,Lotus,yay,BLD,Skye,2,0,0,0,0,0,0,0,0,51,4,0
296735,Lotus,crazyguy,BLD,Breach,2,2,0,0,0,0,0,0,0,63,1,1
296735,Lotus,Egoist,BLD,Killjoy,5,0,0,0,1,0,0,0,0,58,2,0
296735,Lotus,sScary,BLD,Omen,3,1,0,0,0,1,0,0,0,47,0,1
296735,Lotus,Deryeon,BLD,Raze,0,0,0,0,0,0,0,0,0,37,0,0
296745,Icebox,Lakia,GEN,Gekko,0,0,0,0,0,0,0,0,0,28,6,2
296745,Icebox,Munchkin,GEN,Kayo,0,1,0,0,0,0,0,0,0,51,0,2
296745,Icebox,t3xture,GEN,Jett,5,2,2,0,1,0,0,0,0,97,1,1
296745,Icebox,Meteor,GEN,Killjoy,6,1,0,0,1,0,0,0,0,67,0,1
296745,Icebox,Karon,GEN,Viper,1,1,0,0,0,1,0,0,0,40,1,0
296745,Icebox,xffero,RRQ,Viper,7,0,0,0,0,0,0,0,0,68,2,0
296745,Icebox,fl1pzjder,RRQ,Gekko,3,1,0,0,0,1,0,0,0,40,5,2
296745,Icebox,Lmemore,RRQ,Killjoy,2,2,0,0,0,0,0,0,0,51,0,0
296745,Icebox,Jemkin,RRQ,Jett,4,3,0,0,1,0,0,0,0,55,1,0
296745,Icebox,Estrella,RRQ,Sova,2,0,0,0,0,0,0,0,0,26,3,0
296745,Split,Lakia,GEN,Skye,2,0,1,0,0,0,0,0,0,48,4,0
296745,Split,Munchkin,GEN,Viper,2,1,0,0,0,0,0,0,0,56,1,0
296745,Split,t3xture,GEN,Raze,5,0,0,0,0,0,0,0,0,54,1,0
296745,Split,Meteor,GEN,Jett,2,3,1,0,0,0,0,0,0,50,0,0
296745,Split,Karon,GEN,Astra,5,1,0,0,0,0,0,0,0,51,0,0
296745,Split,xffero,RRQ,Astra,2,0,1,0,0,0,0,0,0,44,3,0
296745,Split,fl1pzjder,RRQ,Viper,1,1,1,0,0,0,0,0,0,52,0,1
296745,Split,Lmemore,RRQ,Cypher,5,1,0,0,1,0,0,0,0,55,0,1
296745,Split,Jemkin,RRQ,Raze,1,2,0,0,0,1,0,0,0,42,0,1
296745,Split,Estrella,RRQ,Skye,4,1,0,0,0,0,0,0,0,62,0,1
296745,Sunset,Lakia,GEN,Skye,5,0,0,0,1,1,0,0,0,56,4,2
296745,Sunset,Munchkin,GEN,Viper,3,1,0,0,1,0,0,0,0,52,0,2
296745,Sunset,t3xture,GEN,Raze,4,1,2,0,0,0,1,0,0,94,1,2
296745,Sunset,Meteor,GEN,Cypher,3,2,0,0,0,0,0,0,0,53,0,0
296745,Sunset,Karon,GEN,Omen,1,0,0,0,1,0,0,0,0,22,1,0
296745,Sunset,xffero,RRQ,Harbor,2,1,0,0,0,1,0,0,0,41,7,0
296745,Sunset,fl1pzjder,RRQ,Omen,1,2,0,0,0,0,0,0,0,38,0,0
296745,Sunset,Lmemore,RRQ,Cypher,1,1,0,0,0,0,0,0,0,41,1,0
296745,Sunset,Jemkin,RRQ,Raze,1,3,0,0,0,0,0,0,0,57,0,0
296745,Sunset,Estrella,RRQ,Fade,4,1,0,0,0,0,0,0,0,68,2,1
296730,Bind,Dep,ZETA,Raze,6,0,1,0,0,0,0,0,0,64,0,1
296730,Bind,Laz,ZETA,Cypher,4,1,0,0,0,0,0,0,0,41,0,0
296730,Bind,SugarZ3ro,ZETA,Brimstone,3,1,1,0,0,0,0,0,0,66,0,0
296730,Bind,hiroronn,ZETA,Skye,2,1,0,0,0,0,0,0,0,55,7,0
296730,Bind,yuran,ZETA,Viper,2,3,0,0,1,0,0,0,0,51,0,3
296730,Bind,Russ,GE,Kayo,3,1,0,0,0,0,0,0,0,41,1,0
296730,Bind,blaZek1ng,GE,Gekko,2,0,0,0,0,0,0,0,0,48,5,0
296730,Bind,Polvi,GE,Raze,2,1,0,0,0,0,0,0,0,54,1,0
296730,Bind,Lightningfast,GE,Viper,2,0,0,0,1,0,0,0,0,41,2,1
296730,Bind,Benkai,GE,Cypher,3,0,0,0,2,0,0,0,0,45,0,0
296730,Icebox,Dep,ZETA,Jett,3,0,1,0,0,0,0,0,0,50,1,0
296730,Icebox,Laz,ZETA,Killjoy,2,0,0,0,0,0,0,0,0,55,0,1
296730,Icebox,SugarZ3ro,ZETA,Harbor,1,0,0,0,0,0,0,0,0,43,6,1
296730,Icebox,hiroronn,ZETA,Sova,4,0,1,0,0,0,0,0,0,91,0,1
296730,Icebox,yuran,ZETA,Viper,3,0,1,0,0,0,0,0,0,78,1,0
296730,Icebox,Russ,GE,Kayo,0,0,0,0,0,0,0,0,0,27,6,0
296730,Icebox,blaZek1ng,GE,Sova,1,0,0,0,0,0,0,0,0,41,2,0
296730,Icebox,Polvi,GE,Jett,1,1,1,0,0,0,0,0,0,68,0,0
296730,Icebox,Lightningfast,GE,Viper,3,1,0,0,0,0,0,0,0,53,1,0
296730,Icebox,Benkai,GE,Killjoy,1,0,0,0,0,1,0,0,0,22,0,1
296731,Breeze,BORKUM,TS,Viper,3,0,0,0,0,0,0,0,0,55,1,0
296731,Breeze,JessieVash,TS,Sova,3,1,0,0,0,0,0,0,0,50,4,1
296731,Breeze,Jremy,TS,Jett,4,1,0,0,0,0,0,0,0,62,0,1
296731,Breeze,invy,TS,Kayo,3,0,0,0,0,0,0,0,0,34,1,0
296731,Breeze,NDG,TS,Cypher,0,0,0,0,0,0,0,0,0,30,1,0
296731,Breeze,Crws,TLN,Harbor,4,0,0,0,1,0,0,0,0,44,2,1
296731,Breeze,Governor,TLN,Neon,1,2,2,0,0,0,0,0,0,71,0,2
296731,Breeze,ban,TLN,Yoru,3,3,0,0,1,0,0,0,0,62,0,1
296731,Breeze,lenne,TLN,Sova,2,0,0,0,0,0,0,0,0,47,1,0
296731,Breeze,JitBoyS,TLN,Viper,2,0,0,0,0,0,0,0,0,54,3,0
296731,Ascent,BORKUM,TS,Omen,1,0,0,0,0,0,0,0,0,31,3,0
296731,Ascent,JessieVash,TS,Sova,1,1,0,0,1,0,1,0,0,42,2,0
296731,Ascent,Jremy,TS,Jett,2,0,0,0,0,0,0,0,0,61,0,0
296731,Ascent,invy,TS,Kayo,1,0,0,0,0,0,0,0,0,30,4,0
296731,Ascent,NDG,TS,Killjoy,0,0,0,0,0,0,0,0,0,27,0,0
296731,Ascent,Crws,TLN,Omen,1,0,0,0,0,0,0,0,0,33,1,0
296731,Ascent,Governor,TLN,Jett,3,5,0,0,0,0,0,0,0,108,0,3
296731,Ascent,ban,TLN,Kayo,3,0,0,0,0,0,0,0,0,40,0,0
296731,Ascent,lenne,TLN,Sova,2,1,1,0,0,0,0,0,0,106,1,1
296731,Ascent,JitBoyS,TLN,Killjoy,2,1,0,0,0,0,0,0,0,71,1,2
296736,Lotus,stax,DRX,Fade,4,1,0,0,0,0,0,0,0,56,4,1
296736,Lotus,BuZz,DRX,Raze,3,2,0,0,0,0,0,0,0,53,0,0
296736,Lotus,MaKo,DRX,Omen,3,0,0,0,0,0,0,0,0,61,4,0
296736,Lotus,Foxy9,DRX,Viper,2,1,1,0,0,0,0,0,0,57,0,0
296736,Lotus,Flashback,DRX,Killjoy,5,0,0,0,0,0,0,0,0,47,1,0
296736,Lotus,Medusa,DFM,Killjoy,1,0,0,0,0,0,0,0,0,25,1,0
296736,Lotus,neth,DFM,Viper,4,0,0,0,1,0,0,0,0,54,2,2
296736,Lotus,Meiy,DFM,Raze,4,0,0,0,0,0,0,0,0,62,1,0
296736,Lotus,Anthem,DFM,Skye,4,0,0,0,2,0,0,0,0,47,2,1
296736,Lotus,SSeeS,DFM,Omen,3,1,0,0,0,0,1,0,0,52,0,0
296736,Breeze,stax,DRX,Sova,0,0,1,0,1,0,0,0,0,51,4,1
296736,Breeze,BuZz,DRX,Yoru,2,1,0,0,0,0,0,0,0,46,0,0
296736,Breeze,MaKo,DRX,Viper,3,2,0,0,0,0,0,0,0,61,2,1
296736,Breeze,Foxy9,DRX,Jett,2,1,0,0,0,0,0,0,0,44,1,1
296736,Breeze,Flashback,DRX,Cypher,4,1,1,0,0,0,0,0,0,62,0,2
296736,Breeze,Medusa,DFM,Cypher,3,2,0,0,1,0,0,0,0,74,0,0
296736,Breeze,neth,DFM,Harbor,3,0,0,0,0,0,0,0,0,32,5,0
296736,Breeze,Meiy,DFM,Yoru,3,0,1,0,1,0,0,0,0,50,1,1
296736,Breeze,Anthem,DFM,Sova,1,0,0,0,0,0,0,0,0,43,2,0
296736,Breeze,SSeeS,DFM,Viper,1,0,0,0,0,0,0,0,0,37,0,1
296747,Breeze,Lakia,GEN,Skye,0,1,0,0,0,0,0,0,0,31,3,0
296747,Breeze,Munchkin,GEN,Viper,1,3,0,0,1,1,0,0,0,52,4,0
296747,Breeze,t3xture,GEN,Jett,2,3,1,1,0,0,0,0,0,89,0,0
296747,Breeze,Meteor,GEN,Cypher,3,0,1,0,0,0,0,0,0,52,1,0
296747,Breeze,Karon,GEN,Astra,2,2,1,0,1,0,0,0,0,46,2,2
296747,Breeze,Monyet,PRX,Omen,4,0,0,0,1,0,0,0,0,39,2,1
296747,Breeze,mindfreak,PRX,Sova,3,0,0,0,0,0,0,0,0,54,1,0
296747,Breeze,f0rsakeN,PRX,Harbor,1,1,0,0,0,0,0,0,0,50,4,0
296747,Breeze,d4v41,PRX,Viper,3,3,0,0,1,2,0,0,0,83,0,1
296747,Breeze,something,PRX,Yoru,3,1,0,0,0,0,0,0,0,64,1,1
296747,Lotus,Lakia,GEN,Fade,4,0,0,0,1,0,0,0,0,33,5,1
296747,Lotus,Munchkin,GEN,Viper,0,1,0,0,0,0,0,0,0,50,0,0
296747,Lotus,t3xture,GEN,Raze,4,2,0,0,0,0,0,0,0,64,1,0
296747,Lotus,Meteor,GEN,Killjoy,4,0,1,0,0,0,0,0,0,79,1,0
296747,Lotus,Karon,GEN,Omen,0,2,0,0,0,0,0,0,0,49,1,0
296747,Lotus,Monyet,PRX,Raze,5,0,0,0,0,0,0,0,0,65,3,1
296747,Lotus,mindfreak,PRX,Omen,1,1,0,0,2,1,0,0,0,22,0,1
296747,Lotus,f0rsakeN,PRX,Cypher,4,0,0,0,0,0,0,0,0,43,0,0
296747,Lotus,d4v41,PRX,Skye,4,1,0,0,1,0,0,0,0,66,3,1
296747,Lotus,something,PRX,Jett,5,1,1,0,0,0,0,0,0,79,1,0
296747,Sunset,Lakia,GEN,Skye,5,1,1,0,1,0,0,0,0,66,2,1
296747,Sunset,Munchkin,GEN,Viper,3,0,0,0,0,0,0,0,0,23,0,0
296747,Sunset,t3xture,GEN,Raze,1,2,0,0,0,0,1,0,0,50,0,0
296747,Sunset,Meteor,GEN,Cypher,0,0,0,0,0,0,0,0,0,24,0,1
296747,Sunset,Karon,GEN,Omen,4,0,0,0,0,1,0,0,0,61,2,1
296747,Sunset,Monyet,PRX,Omen,2,2,0,0,0,0,0,0,0,53,0,0
296747,Sunset,mindfreak,PRX,Viper,3,0,0,0,0,0,0,0,0,49,0,0
296747,Sunset,f0rsakeN,PRX,Kayo,2,1,2,0,0,0,0,0,0,70,1,0
296747,Sunset,d4v41,PRX,Sage,2,1,0,1,0,0,0,0,0,72,0,1
296747,Sunset,something,PRX,Gekko,4,0,1,0,0,0,0,0,0,88,5,2
296738,Sunset,yay,BLD,Viper,2,1,0,0,0,0,0,0,0,63,1,0
296738,Sunset,crazyguy,BLD,Sova,2,0,0,0,0,0,0,0,0,38,0,1
296738,Sunset,Egoist,BLD,Cypher,2,0,1,0,0,0,0,0,0,47,4,1
296738,Sunset,sScary,BLD,Omen,2,1,0,0,0,0,0,0,0,58,4,0
296738,Sunset,Deryeon,BLD,Raze,5,1,0,0,0,0,0,0,0,59,0,0
296738,Sunset,Russ,GE,Gekko,1,1,0,0,0,0,0,0,0,36,7,1
296738,Sunset,blaZek1ng,GE,Fade,6,3,0,0,0,1,0,0,0,72,1,2
296738,Sunset,Polvi,GE,Raze,3,1,0,0,0,0,0,0,0,51,1,1
296738,Sunset,Lightningfast,GE,Omen,2,0,0,0,0,0,0,0,0,33,0,0
296738,Sunset,Benkai,GE,Viper,3,0,0,0,0,0,0,0,0,47,0,1
296738,Icebox,yay,BLD,Jett,3,1,0,0,0,0,0,0,0,61,0,0
296738,Icebox,crazyguy,BLD,Sova,5,0,0,0,0,0,0,0,0,59,1,1
296738,Icebox,Egoist,BLD,Killjoy,4,1,0,0,0,0,0,0,0,68,0,0
296738,Icebox,sScary,BLD,Viper,2,0,0,0,2,1,0,0,0,63,2,1
296738,Icebox,Deryeon,BLD,Harbor,2,0,1,0,0,1,0,0,0,63,6,1
296738,Icebox,Russ,GE,Kayo,4,1,0,0,0,0,0,0,0,62,7,1
296738,Icebox,blaZek1ng,GE,Sova,1,2,0,0,0,0,0,0,0,53,0,0
296738,Icebox,Polvi,GE,Jett,3,0,0,0,0,0,0,0,0,40,1,0
296738,Icebox,Lightningfast,GE,Viper,2,0,0,0,0,0,0,0,0,40,1,1
296738,Icebox,Benkai,GE,Killjoy,3,1,0,0,0,0,0,0,0,50,1,0
296738,Split,yay,BLD,Viper,0,1,0,0,0,0,0,0,0,19,3,0
296738,Split,crazyguy,BLD,Skye,1,0,0,0,0,0,0,0,0,30,2,0
296738,Split,Egoist,BLD,Cypher,9,0,0,0,1,2,0,0,0,80,1,3
296738,Split,sScary,BLD,Omen,1,1,0,0,0,0,0,0,0,40,1,0
296738,Split,Deryeon,BLD,Raze,4,2,0,0,0,0,0,0,0,60,0,0
296738,Split,Russ,GE,Breach,2,0,0,0,1,1,0,0,0,43,4,0
296738,Split,blaZek1ng,GE,Gekko,3,2,0,0,0,0,0,0,0,52,4,0
296738,Split,Polvi,GE,Raze,2,2,0,0,0,0,0,0,0,57,1,0
296738,Split,Lightningfast,GE,Omen,3,0,0,0,0,0,0,0,0,45,1,0
296738,Split,Benkai,GE,Cypher,3,1,2,0,0,0,0,0,0,77,0,0
296737,Ascent,Rossy,T1,Viper,3,1,0,0,0,0,0,0,0,51,2,1
296737,Ascent,Sayaplayer,T1,Jett,6,0,0,0,0,0,0,0,0,56,0,0
296737,Ascent,xccurate,T1,Cypher,4,1,0,0,0,0,0,0,0,47,0,0
296737,Ascent,iZu,T1,Omen,2,2,0,0,0,0,0,0,0,50,0,0
296737,Ascent,carpe,T1,Fade,1,0,0,0,0,0,0,0,0,29,4,0
296737,Ascent,Dep,ZETA,Jett,2,2,1,0,0,0,0,0,0,51,0,1
296737,Ascent,Laz,ZETA,Killjoy,3,2,0,0,2,0,0,0,0,70,3,0
296737,Ascent,SugarZ3ro,ZETA,Omen,7,0,0,0,0,0,0,0,0,56,0,1
296737,Ascent,hiroronn,ZETA,Kayo,4,0,0,0,0,0,0,0,0,46,5,0
296737,Ascent,yuran,ZETA,Sova,3,1,0,0,0,0,0,0,0,56,0,0
296737,Lotus,Rossy,T1,Viper,4,1,0,0,1,1,0,0,0,66,0,1
296737,Lotus,Sayaplayer,T1,Raze,1,1,1,0,0,0,0,0,0,52,1,0
296737,Lotus,xccurate,T1,Chamber,5,3,0,0,0,0,0,0,0,80,0,0
296737,Lotus,iZu,T1,Omen,3,1,0,0,0,1,0,0,0,64,1,0
296737,Lotus,carpe,T1,Fade,2,0,0,0,0,0,0,0,0,51,2,1
296737,Lotus,Dep,ZETA,Raze,4,0,0,0,1,0,0,0,0,52,0,1
296737,Lotus,Laz,ZETA,Killjoy,3,0,0,0,0,0,0,0,0,60,1,0
296737,Lotus,SugarZ3ro,ZETA,Omen,2,0,0,0,0,0,0,0,0,38,1,0
296737,Lotus,hiroronn,ZETA,Fade,0,1,0,0,0,0,0,0,0,29,3,0
296737,Lotus,yuran,ZETA,Viper,1,0,0,0,0,0,0,0,0,26,0,0
296737,Sunset,Rossy,T1,Viper,1,1,0,0,2,0,0,0,0,35,0,2
296737,Sunset,Sayaplayer,T1,Raze,3,1,0,0,1,0,0,0,0,77,0,2
296737,Sunset,xccurate,T1,Cypher,1,0,2,0,0,0,0,0,0,63,0,0
296737,Sunset,iZu,T1,Omen,4,0,0,0,0,0,0,0,0,44,2,0
296737,Sunset,carpe,T1,Sova,3,0,1,0,1,0,0,0,0,57,3,0
296737,Sunset,Dep,ZETA,Raze,3,2,0,0,0,0,0,0,0,64,0,0
296737,Sunset,Laz,ZETA,Cypher,0,1,0,0,0,0,0,0,0,30,1,0
296737,Sunset,SugarZ3ro,ZETA,Omen,2,2,0,0,0,0,0,0,0,41,2,0
296737,Sunset,hiroronn,ZETA,Fade,2,2,0,0,0,0,1,0,0,53,5,0
296737,Sunset,yuran,ZETA,Breach,1,0,0,0,0,0,0,0,0,40,0,0
296733,Lotus,Medusa,DFM,Killjoy,2,0,0,0,0,0,0,0,0,58,0,0
296733,Lotus,neth,DFM,Viper,1,0,0,0,0,0,0,0,0,66,1,0
296733,Lotus,Meiy,DFM,Raze,4,3,0,0,0,0,1,0,0,61,0,0
296733,Lotus,Anthem,DFM,Skye,1,0,0,0,0,0,0,0,0,33,2,0
296733,Lotus,SSeeS,DFM,Omen,1,1,0,0,0,1,0,0,0,46,2,1
296733,Lotus,BORKUM,TS,Omen,4,0,0,0,0,0,0,0,0,43,1,0
296733,Lotus,JessieVash,TS,Skye,1,1,0,0,0,0,0,0,0,35,6,0
296733,Lotus,Jremy,TS,Raze,2,1,1,0,1,1,0,0,0,62,0,1
296733,Lotus,invy,TS,Viper,1,2,0,0,0,0,0,0,0,43,1,0
296733,Lotus,NDG,TS,Killjoy,4,1,0,0,0,0,0,0,0,80,2,0
296733,Breeze,Medusa,DFM,Cypher,5,0,0,0,0,0,0,0,0,51,0,0
296733,Breeze,neth,DFM,Harbor,3,1,0,0,0,0,0,0,0,40,3,0
296733,Breeze,Meiy,DFM,Yoru,4,1,0,0,0,0,0,0,0,52,1,2
296733,Breeze,Anthem,DFM,Sova,2,0,0,0,0,0,0,0,0,43,2,0
296733,Breeze,SSeeS,DFM,Viper,3,0,1,0,0,2,0,0,0,51,1,1
296733,Breeze,BORKUM,TS,Viper,3,1,0,0,0,0,0,0,0,57,3,0
296733,Breeze,JessieVash,TS,Sova,0,2,0,0,2,0,0,0,0,56,4,1
296733,Breeze,Jremy,TS,Jett,4,3,0,0,0,0,0,0,0,61,0,0
296733,Breeze,invy,TS,Kayo,3,0,0,0,0,0,0,0,0,47,2,0
296733,Breeze,NDG,TS,Cypher,2,1,0,0,1,0,0,0,0,44,0,1
296732,Split,stax,DRX,Breach,6,1,0,0,0,0,0,0,0,64,7,0
296732,Split,BuZz,DRX,Raze,1,1,0,0,0,0,0,0,0,51,0,0
296732,Split,MaKo,DRX,Omen,3,1,0,0,1,0,0,0,0,55,3,1
296732,Split,Foxy9,DRX,Viper,4,0,1,0,0,0,0,0,0,55,0,0
296732,Split,Flashback,DRX,Cypher,2,1,0,0,0,0,0,0,0,55,0,0
296732,Split,Crws,TLN,Astra,1,0,0,0,0,0,0,0,0,41,2,0
296732,Split,Governor,TLN,Raze,4,0,0,0,0,0,0,0,0,57,0,0
296732,Split,ban,TLN,Skye,3,0,0,0,0,0,0,0,0,38,0,0
296732,Split,lenne,TLN,Sova,0,0,0,0,0,0,0,0,0,35,4,0
296732,Split,JitBoyS,TLN,Cypher,4,1,1,0,2,0,0,1,0,76,1,2
296732,Ascent,stax,DRX,Sova,1,0,0,0,0,0,0,0,0,33,2,1
296732,Ascent,BuZz,DRX,Jett,5,0,0,0,0,0,0,0,0,77,1,0
296732,Ascent,MaKo,DRX,Omen,1,0,0,0,0,0,0,0,0,69,0,0
296732,Ascent,Foxy9,DRX,Kayo,3,1,0,0,0,0,0,0,0,65,5,0
296732,Ascent,Flashback,DRX,Killjoy,4,2,0,0,0,0,0,0,0,71,0,0
296732,Ascent,Crws,TLN,Omen,4,0,0,0,0,0,0,0,0,42,1,0
296732,Ascent,Governor,TLN,Jett,2,0,1,0,0,0,0,0,0,33,0,0
296732,Ascent,ban,TLN,Kayo,2,1,0,0,0,0,0,0,0,34,1,0
296732,Ascent,lenne,TLN,Sova,2,0,0,0,0,0,0,0,0,40,3,1
296732,Ascent,JitBoyS,TLN,Killjoy,3,2,0,0,0,0,0,0,0,53,0,0
296749,Lotus,Lakia,GEN,Fade,2,1,0,0,1,1,0,0,0,42,4,1
296749,Lotus,Munchkin,GEN,Viper,1,0,1,0,0,0,0,0,0,45,0,0
296749,Lotus,t3xture,GEN,Raze,1,2,0,0,0,0,0,0,0,52,3,2
296749,Lotus,Meteor,GEN,Killjoy,4,1,0,0,0,0,0,0,0,65,0,1
296749,Lotus,Karon,GEN,Omen,2,2,0,0,0,0,0,0,0,67,1,0
296749,Lotus,xffero,RRQ,Omen,3,1,0,0,1,0,0,0,0,43,2,1
296749,Lotus,fl1pzjder,RRQ,Viper,4,0,0,0,0,0,0,0,0,40,1,2
296749,Lotus,Lmemore,RRQ,Chamber,1,1,0,0,0,0,0,0,0,46,0,0
296749,Lotus,Jemkin,RRQ,Raze,4,2,0,0,0,0,0,0,0,76,0,0
296749,Lotus,Estrella,RRQ,Fade,3,0,0,0,0,0,0,0,0,32,1,0
296749,Breeze,Lakia,GEN,Skye,3,0,0,0,1,0,0,0,0,50,3,1
296749,Breeze,Munchkin,GEN,Viper,1,1,0,0,0,0,0,0,0,53,4,0
296749,Breeze,t3xture,GEN,Jett,7,1,0,0,0,0,0,0,0,71,1,1
296749,Breeze,Meteor,GEN,Cypher,3,0,1,0,2,0,0,0,0,53,1,0
296749,Breeze,Karon,GEN,Astra,1,1,0,0,0,0,0,0,0,46,0,0
296749,Breeze,xffero,RRQ,Viper,3,1,0,0,0,2,0,0,0,68,6,1
296749,Breeze,fl1pzjder,RRQ,Yoru,1,0,0,0,0,0,0,0,0,24,0,0
296749,Breeze,Lmemore,RRQ,Cypher,4,0,0,0,0,0,0,0,0,39,1,0
296749,Breeze,Jemkin,RRQ,Jett,4,2,0,0,0,0,0,0,0,70,0,0
296749,Breeze,Estrella,RRQ,Sova,3,1,1,0,0,0,0,0,0,57,4,1
296749,Icebox,Lakia,GEN,Gekko,3,2,0,0,0,0,1,0,0,56,10,0
296749,Icebox,Munchkin,GEN,Kayo,1,1,0,0,0,0,0,0,0,35,0,0
296749,Icebox,t3xture,GEN,Jett,5,1,1,0,0,0,0,0,0,62,0,0
296749,Icebox,Meteor,GEN,Killjoy,4,1,0,0,0,0,0,0,0,54,0,1
296749,Icebox,Karon,GEN,Viper,2,1,0,0,0,0,0,0,0,56,0,0
296749,Icebox,xffero,RRQ,Viper,2,0,0,0,1,0,0,0,0,42,0,0
296749,Icebox,fl1pzjder,RRQ,Gekko,1,2,0,0,1,0,1,0,0,44,5,2
296749,Icebox,Lmemore,RRQ,Killjoy,2,1,1,0,0,0,0,0,0,52,0,0
296749,Icebox,Jemkin,RRQ,Jett,4,4,0,0,0,0,0,0,0,65,1,0
296749,Icebox,Estrella,RRQ,Sova,1,1,0,0,0,0,0,0,0,32,2,0
296734,Breeze,Crws,TLN,Harbor,0,0,0,0,0,0,0,0,0,22,0,0
296734,Breeze,Governor,TLN,Neon,0,3,0,0,2,0,0,0,0,50,0,2
296734,Breeze,ban,TLN,Yoru,4,1,0,0,0,1,0,0,0,48,0,1
296734,Breeze,lenne,TLN,Sova,1,0,0,0,0,0,0,0,0,35,6,0
296734,Breeze,JitBoyS,TLN,Viper,3,0,0,1,1,0,1,0,0,70,2,0
296734,Breeze,BORKUM,TS,Viper,4,1,1,0,0,0,0,0,0,74,0,0
296734,Breeze,JessieVash,TS,Sova,3,0,0,0,0,0,0,0,0,50,4,1
296734,Breeze,Jremy,TS,Jett,2,2,0,0,0,0,0,0,0,77,1,2
296734,Breeze,invy,TS,Kayo,5,1,0,0,0,0,0,0,0,65,1,1
296734,Breeze,NDG,TS,Cypher,3,1,0,0,1,0,0,0,0,57,2,0
296734,Ascent,Crws,TLN,Omen,1,0,0,0,0,0,0,0,0,33,6,0
296734,Ascent,Governor,TLN,Jett,3,0,0,0,0,0,0,0,0,46,0,0
296734,Ascent,ban,TLN,Kayo,2,1,0,0,0,0,0,0,0,49,1,0
296734,Ascent,lenne,TLN,Sova,2,0,0,0,1,0,0,0,0,45,1,0
296734,Ascent,JitBoyS,TLN,Killjoy,2,0,0,1,1,0,0,0,0,64,0,0
296734,Ascent,BORKUM,TS,Omen,2,0,0,0,0,0,0,0,0,44,0,0
296734,Ascent,JessieVash,TS,Sova,3,0,0,0,2,0,0,0,0,54,2,1
296734,Ascent,Jremy,TS,Jett,2,2,0,0,0,0,0,0,0,49,0,0
296734,Ascent,invy,TS,Kayo,5,3,0,0,0,0,0,0,0,88,3,0
296734,Ascent,NDG,TS,Killjoy,1,0,0,0,0,0,0,0,0,63,1,1
296739,Bind,Dep,ZETA,Raze,7,2,0,0,0,0,0,0,0,93,0,2
296739,Bind,Laz,ZETA,Cypher,3,1,0,0,0,0,0,0,0,60,0,0
296739,Bind,SugarZ3ro,ZETA,Brimstone,0,1,0,0,0,0,0,0,0,32,0,0
296739,Bind,hiroronn,ZETA,Skye,3,2,0,0,0,0,0,0,0,59,6,1
296739,Bind,yuran,ZETA,Viper,1,0,2,0,0,0,0,0,0,68,0,1
296739,Bind,Russ,GE,Kayo,0,0,1,0,0,0,0,0,0,30,0,0
296739,Bind,blaZek1ng,GE,Gekko,1,0,0,0,0,1,0,0,0,49,7,1
296739,Bind,Polvi,GE,Raze,3,0,0,0,0,0,0,0,0,46,1,0
296739,Bind,Lightningfast,GE,Viper,3,0,0,0,1,0,0,0,0,49,0,0
296739,Bind,Benkai,GE,Cypher,1,1,0,0,0,1,0,0,0,22,0,0
296739,Lotus,Dep,ZETA,Raze,7,1,0,0,0,0,0,0,0,65,1,1
296739,Lotus,Laz,ZETA,Killjoy,5,0,0,0,0,0,0,0,0,66,0,1
296739,Lotus,SugarZ3ro,ZETA,Omen,2,0,0,0,1,0,0,0,0,35,1,0
296739,Lotus,hiroronn,ZETA,Fade,1,0,0,0,0,0,0,0,0,59,9,0
296739,Lotus,yuran,ZETA,Viper,2,2,0,0,0,0,0,0,0,67,0,1
296739,Lotus,Russ,GE,Gekko,3,0,0,0,0,0,0,0,0,46,2,1
296739,Lotus,blaZek1ng,GE,Fade,1,0,0,0,0,0,0,0,0,56,0,0
296739,Lotus,Polvi,GE,Raze,1,0,1,0,0,0,0,0,0,32,1,1
296739,Lotus,Lightningfast,GE,Omen,1,0,0,0,0,0,0,0,0,26,0,0
296739,Lotus,Benkai,GE,Cypher,1,2,0,0,0,0,0,0,0,62,0,0
297254,Breeze,BORKUM,TS,Viper,2,0,0,0,0,0,0,0,0,43,1,0
297254,Breeze,JessieVash,TS,Sova,5,1,0,0,0,0,0,0,0,68,1,1
297254,Breeze,Jremy,TS,Jett,6,1,0,0,0,0,0,0,0,71,0,0
297254,Breeze,invy,TS,Kayo,5,1,0,0,0,0,0,0,0,85,4,0
297254,Breeze,NDG,TS,Cypher,1,0,1,0,0,0,0,0,0,55,0,1
297254,Breeze,Lakia,GEN,Skye,1,0,0,0,0,0,0,0,0,46,3,1
297254,Breeze,Munchkin,GEN,Viper,2,1,0,0,0,0,0,0,0,47,0,0
297254,Breeze,t3xture,GEN,Jett,2,1,0,0,0,0,0,0,0,40,0,0
297254,Breeze,Meteor,GEN,Cypher,3,0,0,0,0,0,0,0,0,38,0,0
297254,Breeze,Karon,GEN,Astra,1,0,0,0,0,0,0,0,0,40,2,0
297254,Lotus,BORKUM,TS,Omen,1,0,1,0,0,0,0,0,0,27,2,0
297254,Lotus,JessieVash,TS,Skye,5,0,0,0,0,0,0,0,0,56,3,0
297254,Lotus,Jremy,TS,Raze,4,2,0,0,0,0,0,0,0,63,1,0
297254,Lotus,invy,TS,Viper,6,0,0,0,0,0,0,0,0,72,1,0
297254,Lotus,NDG,TS,Killjoy,1,1,0,0,1,0,0,0,0,47,1,1
297254,Lotus,Lakia,GEN,Fade,2,0,0,0,0,1,0,0,0,34,2,1
297254,Lotus,Munchkin,GEN,Viper,1,1,0,0,1,0,0,0,0,34,2,0
297254,Lotus,t3xture,GEN,Raze,5,0,0,0,0,0,0,0,0,54,0,0
297254,Lotus,Meteor,GEN,Killjoy,2,5,0,0,0,0,0,0,0,86,1,0
297254,Lotus,Karon,GEN,Omen,2,0,0,0,0,1,0,0,0,34,4,0
297254,Icebox,BORKUM,TS,Viper,4,2,0,0,0,0,0,0,0,52,0,0
297254,Icebox,JessieVash,TS,Sova,2,0,0,0,0,0,0,0,0,35,3,2
297254,Icebox,Jremy,TS,Jett,2,0,1,0,0,0,0,0,0,42,0,1
297254,Icebox,invy,TS,Sage,3,2,0,1,0,0,0,0,0,49,3,1
297254,Icebox,NDG,TS,Killjoy,3,2,0,0,0,1,0,0,0,52,1,1
297254,Icebox,Lakia,GEN,Gekko,3,0,0,0,1,0,0,0,0,27,7,0
297254,Icebox,Munchkin,GEN,Kayo,6,2,0,1,0,1,0,0,0,79,2,1
297254,Icebox,t3xture,GEN,Jett,1,2,0,0,1,0,0,0,0,40,1,0
297254,Icebox,Meteor,GEN,Killjoy,5,1,0,0,0,0,0,0,0,56,0,0
297254,Icebox,Karon,GEN,Viper,4,2,0,0,0,0,0,0,1,59,0,1
297253,Icebox,Dep,ZETA,Jett,6,0,0,0,0,0,0,0,0,89,0,0
297253,Icebox,Laz,ZETA,Killjoy,0,0,0,0,0,0,0,0,0,33,0,0
297253,Icebox,SugarZ3ro,ZETA,Harbor,1,0,0,0,0,0,0,0,0,40,1,0
297253,Icebox,hiroronn,ZETA,Sova,1,0,0,0,0,0,0,0,0,33,0,0
297253,Icebox,yuran,ZETA,Viper,1,0,0,0,0,0,0,0,0,53,0,1
297253,Icebox,BORKUM,TS,Viper,3,1,0,0,1,0,0,0,0,52,1,0
297253,Icebox,JessieVash,TS,Sova,1,0,1,0,0,0,0,0,0,55,4,1
297253,Icebox,Jremy,TS,Jett,5,0,0,1,0,0,0,0,0,86,0,0
297253,Icebox,invy,TS,Sage,2,1,0,0,0,0,0,0,0,46,5,0
297253,Icebox,NDG,TS,Killjoy,4,0,0,0,0,0,0,0,0,76,2,0
297253,Ascent,Dep,ZETA,Jett,1,1,0,0,0,0,0,0,0,42,1,0
297253,Ascent,Laz,ZETA,Killjoy,3,0,0,0,0,1,0,0,0,50,2,0
297253,Ascent,SugarZ3ro,ZETA,Omen,2,2,0,0,0,0,0,0,0,54,1,0
297253,Ascent,hiroronn,ZETA,Kayo,4,0,1,0,1,0,0,0,0,41,2,0
297253,Ascent,yuran,ZETA,Sova,1,1,0,0,0,0,0,0,0,48,1,0
297253,Ascent,BORKUM,TS,Omen,1,2,0,0,0,1,0,0,0,39,0,0
297253,Ascent,JessieVash,TS,Sova,3,0,0,0,0,0,0,0,0,69,2,0
297253,Ascent,Jremy,TS,Jett,6,0,0,0,0,0,0,0,0,62,0,0
297253,Ascent,invy,TS,Kayo,4,1,0,0,0,1,0,0,0,74,5,1
297253,Ascent,NDG,TS,Killjoy,4,1,0,0,1,0,0,0,0,63,0,0
297255,Icebox,Lakia,GEN,Gekko,4,2,0,0,0,0,0,0,0,68,8,1
297255,Icebox,Munchkin,GEN,Kayo,0,1,0,0,0,0,0,0,0,40,0,0
297255,Icebox,t3xture,GEN,Jett,4,1,0,0,0,0,0,0,0,69,1,0
297255,Icebox,Meteor,GEN,Killjoy,6,2,0,0,1,1,0,0,0,68,1,0
297255,Icebox,Karon,GEN,Viper,5,0,0,0,0,1,0,0,0,69,1,0
297255,Icebox,Dep,ZETA,Jett,2,0,0,0,0,0,0,0,0,46,0,0
297255,Icebox,Laz,ZETA,Killjoy,4,0,0,0,0,0,0,0,0,45,0,0
297255,Icebox,SugarZ3ro,ZETA,Harbor,1,0,0,0,1,0,0,0,0,19,2,2
297255,Icebox,hiroronn,ZETA,Sova,3,0,0,0,0,1,0,1,0,48,0,0
297255,Icebox,yuran,ZETA,Viper,3,0,0,0,0,0,0,0,0,51,1,1
297255,Ascent,Lakia,GEN,Sova,1,1,0,0,0,0,0,0,0,47,2,1
297255,Ascent,Munchkin,GEN,Kayo,2,0,1,0,0,0,0,0,0,51,1,3
297255,Ascent,t3xture,GEN,Jett,2,1,0,0,1,0,0,0,0,71,0,1
297255,Ascent,Meteor,GEN,Killjoy,2,1,2,0,0,0,0,0,0,72,0,0
297255,Ascent,Karon,GEN,Omen,4,1,0,0,1,0,0,0,0,92,0,1
297255,Ascent,Dep,ZETA,Jett,3,0,0,0,0,0,0,0,0,39,0,0
297255,Ascent,Laz,ZETA,Killjoy,3,1,0,0,0,0,0,0,0,64,3,0
297255,Ascent,SugarZ3ro,ZETA,Omen,2,0,1,0,0,0,0,0,0,56,1,0
297255,Ascent,hiroronn,ZETA,Kayo,1,0,0,0,0,0,0,0,0,48,4,0
297255,Ascent,yuran,ZETA,Sova,1,0,0,0,0,0,0,0,0,13,1,0
297256,Split,Rossy,T1,Viper,3,0,0,0,1,1,0,0,0,45,4,2
297256,Split,Sayaplayer,T1,Jett,5,1,0,0,0,0,0,0,0,47,0,0
297256,Split,xccurate,T1,Astra,4,0,0,0,0,0,0,0,0,39,3,0
297256,Split,iZu,T1,Raze,6,1,0,0,0,0,0,0,0,48,1,1
297256,Split,carpe,T1,Skye,3,1,0,0,0,1,0,0,0,27,2,2
297256,Split,Monyet,PRX,Raze,1,2,0,0,0,1,0,0,0,34,3,0
297256,Split,mindfreak,PRX,Omen,6,2,0,0,1,1,0,0,0,53,6,1
297256,Split,f0rsakeN,PRX,Yoru,5,5,0,0,0,0,0,0,0,56,3,0
297256,Split,d4v41,PRX,Viper,0,2,0,0,1,0,0,0,0,44,1,1
297256,Split,something,PRX,Jett,1,3,0,0,0,0,0,0,0,33,1,0
297256,Ascent,Rossy,T1,Viper,1,1,1,0,0,0,0,0,0,54,2,1
297256,Ascent,Sayaplayer,T1,Jett,3,0,0,0,0,0,0,0,0,44,0,0
297256,Ascent,xccurate,T1,Cypher,2,3,0,0,0,0,0,0,0,72,1,0
297256,Ascent,iZu,T1,Omen,3,0,0,0,0,0,0,0,0,42,1,0
297256,Ascent,carpe,T1,Fade,0,1,0,0,0,0,0,0,0,31,1,0
297256,Ascent,Monyet,PRX,Raze,2,0,0,0,0,0,0,0,0,37,1,0
297256,Ascent,mindfreak,PRX,Viper,3,1,0,0,2,0,0,0,0,51,1,2
297256,Ascent,f0rsakeN,PRX,Fade,6,0,1,0,0,0,0,0,0,56,0,0
297256,Ascent,d4v41,PRX,Omen,2,0,0,1,0,0,0,0,0,50,0,0
297256,Ascent,something,PRX,Gekko,1,2,0,0,0,1,0,0,0,59,7,1
297257,Bind,stax,DRX,Gekko,2,0,0,0,0,0,0,0,0,42,8,1
297257,Bind,BuZz,DRX,Yoru,4,0,0,1,0,0,1,0,0,46,1,0
297257,Bind,MaKo,DRX,Brimstone,3,1,0,0,0,0,0,0,0,56,1,0
297257,Bind,Foxy9,DRX,Viper,3,1,0,0,1,0,0,0,0,35,0,0
297257,Bind,Flashback,DRX,Cypher,5,1,0,0,1,0,0,0,0,46,0,1
297257,Bind,Lakia,GEN,Skye,3,0,0,0,0,0,0,0,0,40,6,0
297257,Bind,Munchkin,GEN,Viper,3,0,0,0,0,0,0,0,0,61,1,0
297257,Bind,t3xture,GEN,Raze,5,1,1,0,1,0,0,0,0,64,0,2
297257,Bind,Meteor,GEN,Cypher,2,1,0,0,0,0,0,0,0,36,1,0
297257,Bind,Karon,GEN,Brimstone,5,1,1,0,0,1,0,0,0,88,2,1
297257,Lotus,stax,DRX,Fade,4,1,0,0,0,1,0,0,0,60,6,1
297257,Lotus,BuZz,DRX,Raze,4,0,0,0,0,0,0,0,0,35,0,0
297257,Lotus,MaKo,DRX,Omen,5,1,0,0,0,0,0,0,0,80,0,0
297257,Lotus,Foxy9,DRX,Viper,0,1,0,0,0,0,0,0,0,46,1,0
297257,Lotus,Flashback,DRX,Cypher,1,1,0,0,0,0,0,0,0,46,0,0
297257,Lotus,Lakia,GEN,Fade,0,1,1,0,1,1,0,0,0,42,5,0
297257,Lotus,Munchkin,GEN,Viper,2,0,0,0,0,0,0,0,0,58,1,0
297257,Lotus,t3xture,GEN,Raze,4,1,0,0,1,0,0,0,0,58,0,2
297257,Lotus,Meteor,GEN,Killjoy,3,1,0,0,0,0,0,0,0,67,1,1
297257,Lotus,Karon,GEN,Omen,2,0,1,0,1,0,0,0,0,65,3,0
297258,Ascent,Monyet,PRX,Raze,2,0,1,0,0,0,0,0,0,38,1,0
297258,Ascent,mindfreak,PRX,Viper,3,1,0,0,0,0,0,0,0,66,1,0
297258,Ascent,f0rsakeN,PRX,Fade,1,0,0,0,0,0,0,0,0,24,1,0
297258,Ascent,d4v41,PRX,Omen,1,0,0,0,1,0,0,0,0,42,0,0
297258,Ascent,something,PRX,Gekko,3,0,0,0,0,0,0,0,0,48,3,0
297258,Ascent,Lakia,GEN,Sova,3,0,0,0,0,0,0,0,0,41,0,0
297258,Ascent,Munchkin,GEN,Kayo,3,1,0,0,0,0,0,0,0,52,3,1
297258,Ascent,t3xture,GEN,Jett,6,1,2,0,0,1,0,0,0,101,0,0
297258,Ascent,Meteor,GEN,Killjoy,3,0,0,0,0,0,0,0,0,58,1,0
297258,Ascent,Karon,GEN,Omen,3,2,0,0,0,0,0,0,0,77,1,0
297258,Split,Monyet,PRX,Raze,4,0,0,0,0,0,1,0,0,52,3,0
297258,Split,mindfreak,PRX,Omen,3,1,0,0,2,0,0,0,0,49,1,0
297258,Split,f0rsakeN,PRX,Yoru,4,1,0,0,0,1,0,0,0,56,3,1
297258,Split,d4v41,PRX,Viper,1,0,0,0,0,0,0,0,0,64,0,0
297258,Split,something,PRX,Jett,1,1,1,0,0,0,0,0,0,60,1,0
297258,Split,Lakia,GEN,Skye,1,0,0,0,0,0,0,0,0,38,1,0
297258,Split,Munchkin,GEN,Viper,3,0,0,0,0,0,0,0,0,56,0,0
297258,Split,t3xture,GEN,Raze,1,0,0,0,0,0,0,0,0,58,0,0
297258,Split,Meteor,GEN,Jett,2,0,0,0,0,0,0,0,0,56,0,0
297258,Split,Karon,GEN,Astra,2,2,0,0,0,0,0,0,0,61,0,1
297258,Lotus,Monyet,PRX,Raze,0,1,0,0,0,0,0,0,0,38,3,0
297258,Lotus,mindfreak,PRX,Omen,3,1,0,0,0,1,0,0,0,53,0,1
297258,Lotus,f0rsakeN,PRX,Cypher,1,0,0,0,0,0,0,0,0,47,0,1
297258,Lotus,d4v41,PRX,Skye,5,1,0,0,1,0,0,0,0,55,4,1
297258,Lotus,something,PRX,Reyna,5,0,0,0,0,0,0,0,0,60,0,0
297258,Lotus,Lakia,GEN,Fade,3,2,0,0,0,0,0,0,0,61,4,0
297258,Lotus,Munchkin,GEN,Viper,7,0,1,0,0,0,0,0,0,65,1,1
297258,Lotus,t3xture,GEN,Raze,3,0,1,0,0,0,0,0,0,47,1,0
297258,Lotus,Meteor,GEN,Killjoy,3,0,0,0,0,0,0,0,0,37,0,0
297258,Lotus,Karon,GEN,Omen,5,1,0,0,1,0,0,0,0,54,3,0
297258,Bind,Monyet,PRX,Raze,2,0,0,0,0,0,0,0,0,41,1,0
297258,Bind,mindfreak,PRX,Brimstone,4,1,0,0,0,0,0,0,0,74,0,0
297258,Bind,f0rsakeN,PRX,Yoru,2,0,0,0,0,0,0,0,0,45,0,0
297258,Bind,d4v41,PRX,Fade,2,0,0,0,0,0,0,0,0,43,0,0
297258,Bind,something,PRX,Gekko,1,0,0,0,0,0,0,0,0,42,1,1
297258,Bind,Lakia,GEN,Skye,0,0,0,0,1,0,0,0,0,34,7,1
297258,Bind,Munchkin,GEN,Viper,4,0,0,0,0,0,0,0,0,45,0,0
297258,Bind,t3xture,GEN,Raze,4,1,0,0,1,0,0,0,0,90,2,1
297258,Bind,Meteor,GEN,Cypher,3,1,1,0,0,0,0,0,0,76,0,0
297258,Bind,Karon,GEN,Brimstone,1,2,0,0,0,1,0,0,0,48,0,0
