match_id,match_title,event,date,format,teams,score,maps_played,patch,pick_ban_info
318911,Karmine Corp vs GIANTX,Champions Tour 2024: EMEA Stage 1,2024-04-03 11:00:00,Bo3,Karmine Corp vs GIANTX,2 - 0,2,Patch 8.05,GX ban Lotus; KC ban Ascent; GX pick Breeze; KC pick Sunset; GX ban Split; KC ban Icebox; Bind remains
318913,Movistar KOI(KOI) vs Team Liquid,Champions Tour 2024: EMEA Stage 1,2024-04-03 13:05:00,Bo3,Movistar KOI(KOI) vs Team Liquid,0 - 2,2,Patch 8.05,MKOI ban Lotus; TL ban Breeze; MKOI pick Split; TL pick Ascent; MKOI ban Bind; TL ban Sunset; Icebox remains
318914,Team Vitality vs Natus Vincere,Champions Tour 2024: EMEA Stage 1,2024-04-04 11:00:00,Bo3,Team Vitality vs Natus Vincere,0 - 2,2,Patch 8.05,NAVI ban Sunset; VIT ban Ascent; NAVI pick Bind; VIT pick Lotus; NAVI ban Breeze; VIT ban Split; Icebox remains
318915,FNATIC vs Team Heretics,Champions Tour 2024: EMEA Stage 1,2024-04-04 13:10:00,Bo3,FNATIC vs Team Heretics,0 - 2,2,Patch 8.05,FNC ban Sunset; TH ban Ascent; FNC pick Icebox; TH pick Lotus; FNC ban Split; TH ban Breeze; Bind remains
318916,Team Liquid vs FUT Esports,Champions Tour 2024: EMEA Stage 1,2024-04-05 11:00:00,Bo3,Team Liquid vs FUT Esports,0 - 2,2,Patch 8.05,FUT ban Breeze; TL ban Bind; FUT pick Split; TL pick Icebox; FUT ban Ascent; TL ban Sunset; Lotus remains
318917,BBL Esports vs Gentle Mates,Champions Tour 2024: EMEA Stage 1,2024-04-05 13:00:00,Bo3,BBL Esports vs Gentle Mates,0 - 2,2,Patch 8.05,BBL ban Lotus; M8 ban Bind; BBL pick Ascent; M8 pick Sunset; BBL ban Breeze; M8 ban Split; Icebox remains
318918,Karmine Corp vs FUT Esports,Champions Tour 2024: EMEA Stage 1,2024-04-10 11:00:00,Bo3,Karmine Corp vs FUT Esports,1 - 2,3,Patch 8.05,FUT ban Sunset; KC ban Ascent; FUT pick Bind; KC pick Lotus; FUT ban Split; KC ban Icebox; Breeze remains
318919,Team Vitality vs Team Heretics,Champions Tour 2024: EMEA Stage 1,2024-04-10 14:10:00,Bo3,Team Vitality vs Team Heretics,2 - 1,3,Patch 8.05,VIT ban Lotus; TH ban Ascent; VIT pick Breeze; TH pick Sunset; VIT ban Bind; TH ban Split; Icebox remains
318920,Team Liquid vs Natus Vincere,Champions Tour 2024: EMEA Stage 1,2024-04-11 11:00:00,Bo3,Team Liquid vs Natus Vincere,1 - 2,3,Patch 8.05,TL ban Breeze; NAVI ban Sunset; TL pick Lotus; NAVI pick Split; TL ban Bind; NAVI ban Icebox; Ascent remains
318921,BBL Esports vs Movistar KOI(KOI),Champions Tour 2024: EMEA Stage 1,2024-04-11 14:20:00,Bo3,BBL Esports vs Movistar KOI(KOI),2 - 0,2,Patch 8.05,MKOI ban Split; BBL ban Bind; MKOI pick Breeze; BBL pick Icebox; MKOI ban Lotus; BBL ban Sunset; Ascent remains
318922,FNATIC vs GIANTX,Champions Tour 2024: EMEA Stage 1,2024-04-12 11:00:00,Bo3,FNATIC vs GIANTX,2 - 1,3,Patch 8.05,GX ban Lotus; FNC ban Sunset; GX pick Bind; FNC pick Breeze; GX ban Ascent; FNC ban Icebox; Split remains
318923,Karmine Corp vs Gentle Mates,Champions Tour 2024: EMEA Stage 1,2024-04-12 13:45:00,Bo3,Karmine Corp vs Gentle Mates,2 - 0,2,Patch 8.05,KC ban Ascent; M8 ban Bind; KC pick Split; M8 pick Icebox; KC ban Breeze; M8 ban Lotus; Sunset remains
318924,Gentle Mates vs FNATIC,Champions Tour 2024: EMEA Stage 1,2024-04-17 11:00:00,Bo3,Gentle Mates vs FNATIC,0 - 2,2,Patch 8.05,M8 ban Bind; FNC ban Sunset; M8 pick Breeze; FNC pick Lotus; M8 ban Icebox; FNC ban Ascent; Split remains
318925,Karmine Corp vs Natus Vincere,Champions Tour 2024: EMEA Stage 1,2024-04-17 13:00:00,Bo3,Karmine Corp vs Natus Vincere,1 - 2,3,Patch 8.05,NAVI ban Breeze; KC ban Ascent; NAVI pick Bind; KC pick Sunset; NAVI ban Lotus; KC ban Icebox; Split remains
318926,BBL Esports vs Team Heretics,Champions Tour 2024: EMEA Stage 1,2024-04-18 11:00:00,Bo3,BBL Esports vs Team Heretics,2 - 0,2,Patch 8.05,BBL ban Lotus; TH ban Ascent; BBL pick Split; TH pick Sunset; BBL ban Bind; TH ban Breeze; Icebox remains
318927,Team Vitality vs FUT Esports,Champions Tour 2024: EMEA Stage 1,2024-04-18 13:15:00,Bo3,Team Vitality vs FUT Esports,2 - 1,3,Patch 8.05,FUT ban Breeze; VIT ban Bind; FUT pick Ascent; VIT pick Icebox; FUT ban Lotus; VIT ban Split; Sunset remains
318928,Team Liquid vs GIANTX,Champions Tour 2024: EMEA Stage 1,2024-04-19 11:00:00,Bo3,Team Liquid vs GIANTX,2 - 1,3,Patch 8.05,GX ban Split; TL ban Breeze; GX pick Lotus; TL pick Icebox; GX ban Sunset; TL ban Bind; Ascent remains
318929,FNATIC vs Movistar KOI(KOI),Champions Tour 2024: EMEA Stage 1,2024-04-19 14:55:00,Bo3,FNATIC vs Movistar KOI(KOI),2 - 0,2,Patch 8.05,FNC ban Sunset; MKOI ban Lotus; FNC pick Bind; MKOI pick Icebox; FNC ban Split; MKOI ban Ascent; Breeze remains
318930,Team Liquid vs Team Heretics,Champions Tour 2024: EMEA Stage 1,2024-04-24 11:00:00,Bo3,Team Liquid vs Team Heretics,0 - 2,2,Patch 8.07,TH ban Split; TL ban Breeze; TH pick Sunset; TL pick Bind; TH ban Ascent; TL ban Icebox; Lotus remains
318931,Team Vitality vs Gentle Mates,Champions Tour 2024: EMEA Stage 1,2024-04-24 13:00:00,Bo3,Team Vitality vs Gentle Mates,0 - 2,2,Patch 8.07,VIT ban Ascent; M8 ban Bind; VIT pick Icebox; M8 pick Sunset; VIT ban Lotus; M8 ban Split; Breeze remains
318932,FNATIC vs FUT Esports,Champions Tour 2024: EMEA Stage 1,2024-04-25 11:00:00,Bo3,FNATIC vs FUT Esports,0 - 2,2,Patch 8.07,FUT ban Breeze; FNC ban Sunset; FUT pick Split; FNC pick Lotus; FUT ban Icebox; FNC ban Ascent; Bind remains
318933,BBL Esports vs Natus Vincere,Champions Tour 2024: EMEA Stage 1,2024-04-25 13:30:00,Bo3,BBL Esports vs Natus Vincere,2 - 1,3,Patch 8.07,NAVI ban Icebox; BBL ban Breeze; NAVI pick Ascent; BBL pick Sunset; NAVI ban Lotus; BBL ban Bind; Split remains
318934,Team Vitality vs GIANTX,Champions Tour 2024: EMEA Stage 1,2024-04-26 11:00:00,Bo3,Team Vitality vs GIANTX,2 - 1,3,Patch 8.07,GX ban Bind; VIT ban Ascent; GX pick Lotus; VIT pick Breeze; GX ban Icebox; VIT ban Split; Sunset remains
318935,Karmine Corp vs Movistar KOI(KOI),Champions Tour 2024: EMEA Stage 1,2024-04-26 14:10:00,Bo3,Karmine Corp vs Movistar KOI(KOI),2 - 1,3,Patch 8.07,MKOI ban Lotus; KC ban Ascent; MKOI pick Sunset; KC pick Icebox; MKOI ban Split; KC ban Breeze; Bind remains
318936,BBL Esports vs GIANTX,Champions Tour 2024: EMEA Stage 1,2024-05-01 11:00:00,Bo3,BBL Esports vs GIANTX,0 - 2,2,Patch 8.07,GX ban Icebox; BBL ban Lotus; GX pick Bind; BBL pick Sunset; GX ban Ascent; BBL ban Breeze; Split remains
318937,Karmine Corp vs Team Heretics,Champions Tour 2024: EMEA Stage 1,2024-05-01 13:00:00,Bo3,Karmine Corp vs Team Heretics,1 - 2,3,Patch 8.07,KC ban Sunset; TH ban Split; KC pick Icebox; TH pick Lotus; KC ban Ascent; TH ban Breeze; Bind remains
318938,Team Vitality vs Movistar KOI(KOI),Champions Tour 2024: EMEA Stage 1,2024-05-02 11:00:00,Bo3,Team Vitality vs Movistar KOI(KOI),1 - 2,3,Patch 8.07,MKOI ban Lotus; VIT ban Bind; MKOI pick Split; VIT pick Breeze; MKOI ban Sunset; VIT ban Ascent; Icebox remains
318939,Natus Vincere vs FNATIC,Champions Tour 2024: EMEA Stage 1,2024-05-02 13:55:00,Bo3,Natus Vincere vs FNATIC,2 - 1,3,Patch 8.07,FNC ban Sunset; NAVI ban Icebox; FNC pick Breeze; NAVI pick Ascent; FNC ban Split; NAVI ban Lotus; Bind remains
318940,Team Liquid vs Gentle Mates,Champions Tour 2024: EMEA Stage 1,2024-05-03 11:00:00,Bo3,Team Liquid vs Gentle Mates,2 - 0,2,Patch 8.07,TL ban Breeze; M8 ban Bind; TL pick Lotus; M8 pick Icebox; TL ban Split; M8 ban Ascent; Sunset remains
318941,BBL Esports vs FUT Esports,Champions Tour 2024: EMEA Stage 1,2024-05-03 12:50:00,Bo3,BBL Esports vs FUT Esports,0 - 2,2,Patch 8.07,FUT ban Sunset; BBL ban Lotus; FUT pick Bind; BBL pick Icebox; FUT ban Breeze; BBL ban Split; Ascent remains
341816,FNATIC vs Team Liquid,Champions Tour 2024: EMEA Stage 1,2024-05-08 11:00:00,Bo3,FNATIC vs Team Liquid,2 - 1,3,Patch 8.07,TL ban Breeze; FNC ban Sunset; TL pick Ascent; FNC pick Icebox; TL ban Split; FNC ban Bind; Lotus remains
341817,Natus Vincere vs Team Heretics,Champions Tour 2024: EMEA Stage 1,2024-05-08 14:20:00,Bo3,Natus Vincere vs Team Heretics,0 - 2,2,Patch 8.07,TH ban Ascent; NAVI ban Breeze; TH pick Lotus; NAVI pick Split; TH ban Icebox; NAVI ban Sunset; Bind remains
341818,Karmine Corp vs FNATIC,Champions Tour 2024: EMEA Stage 1,2024-05-09 11:00:00,Bo3,Karmine Corp vs FNATIC,0 - 2,2,Patch 8.07,FNC ban Sunset; KC ban Ascent; FNC pick Breeze; KC pick Bind; FNC ban Split; KC ban Icebox; Lotus remains
341819,FUT Esports vs Team Heretics,Champions Tour 2024: EMEA Stage 1,2024-05-09 13:30:00,Bo3,FUT Esports vs Team Heretics,0 - 2,2,Patch 8.07,TH ban Ascent; FUT ban Breeze; TH pick Lotus; FUT pick Split; TH ban Icebox; FUT ban Bind; Sunset remains
341820,FNATIC vs Team Heretics,Champions Tour 2024: EMEA Stage 1,2024-05-10 11:00:00,Bo3,FNATIC vs Team Heretics,0 - 2,2,Patch 8.07,TH ban Ascent; FNC ban Sunset; TH pick Lotus; FNC pick Breeze; TH ban Icebox; FNC ban Bind; Split remains
341822,Karmine Corp vs FUT Esports,Champions Tour 2024: EMEA Stage 1,2024-05-10 13:30:00,Bo3,Karmine Corp vs FUT Esports,0 - 2,2,Patch 8.07,KC ban Ascent; FUT ban Breeze; KC pick Icebox; FUT pick Sunset; KC ban Split; FUT ban Bind; Lotus remains
341823,FNATIC vs FUT Esports,Champions Tour 2024: EMEA Stage 1,2024-05-11 11:00:00,Bo5,FNATIC vs FUT Esports,3 - 1,4,Patch 8.07,FNC ban Sunset; FUT ban Lotus; FNC pick Icebox; FUT pick Bind; FNC pick Breeze; FUT pick Split; Ascent remains
341821,Team Heretics vs FNATIC,Champions Tour 2024: EMEA Stage 1,2024-05-12 11:00:00,Bo5,Team Heretics vs FNATIC,2 - 3,5,Patch 8.07,TH ban Ascent; TH ban Icebox; TH pick Sunset; FNC pick Bind; TH pick Lotus; FNC pick Split; Breeze remains
