Match ID,Map,Player,Team,Agent,2K,3K,4K,5K,1v1,1v2,1v3,1v4,1v5,ECON,PL,DE
318911,Breeze,MAGNUM,KC,Sova,0,1,0,0,1,0,0,0,0,42,1,1
318911,Breeze,sh1n,KC,Viper,3,1,0,0,0,0,0,0,0,76,2,1
318911,Breeze,marteen,KC,Jett,4,1,0,0,1,0,0,0,0,69,0,1
318911,Breeze,tomaszy,KC,Cypher,1,1,0,0,1,0,0,0,0,73,1,0
318911,Breeze,N4RRATE,KC,Kayo,3,1,0,0,0,0,0,0,0,60,1,1
318911,Breeze,Fit1nho,GX,Yoru,2,0,0,0,0,0,0,0,0,45,0,0
318911,Breeze,Redgar,GX,Cypher,0,0,0,0,0,0,0,0,0,20,1,0
318911,Breeze,purp0,GX,Jett,2,0,0,0,0,0,0,0,0,26,2,0
318911,Breeze,hoody,GX,Viper,3,0,0,0,0,0,0,0,0,54,1,0
318911,Breeze,Cloud,GX,Sova,1,1,1,0,1,0,0,0,0,67,3,1
318911,Sunset,MAGNUM,KC,Kayo,3,0,0,0,0,0,0,0,0,42,0,2
318911,Sunset,sh1n,KC,Omen,1,2,0,0,0,0,0,0,0,49,0,0
318911,Sunset,marteen,KC,Raze,1,0,0,0,0,0,0,0,0,32,1,0
318911,Sunset,tomaszy,KC,Cypher,5,2,1,0,0,0,1,0,0,82,0,0
318911,Sunset,N4RRATE,KC,Gekko,2,2,0,0,0,1,0,0,0,75,6,1
318911,Sunset,Fit1nho,GX,Breach,3,2,0,0,0,0,0,0,0,75,2,1
318911,Sunset,Redgar,GX,Omen,1,0,0,0,0,0,0,0,0,21,1,0
318911,Sunset,purp0,GX,Raze,4,2,0,0,0,0,0,0,0,68,0,0
318911,Sunset,hoody,GX,Cypher,0,1,0,0,0,1,0,0,0,33,1,0
318911,Sunset,Cloud,GX,Sova,5,0,1,0,0,0,0,0,0,61,2,0
318913,Split,ShadoW,MKOI,Breach,3,0,0,0,0,0,0,0,0,33,4,0
318913,Split,starxo,MKOI,Fade,0,1,0,0,1,0,0,0,0,28,3,0
318913,Split,sheydos,MKOI,Viper,5,0,0,0,0,0,0,0,0,58,1,0
318913,Split,grubinho,MKOI,Omen,2,2,0,0,0,0,0,0,0,56,1,0
318913,Split,kamo,MKOI,Raze,3,1,0,0,1,0,0,0,0,59,1,0
318913,Split,Enzo,TL,Skye,2,1,0,0,0,0,0,0,0,43,6,0
318913,Split,nAts,TL,Cypher,4,1,0,0,0,1,1,0,0,61,1,0
318913,Split,Mistic,TL,Omen,3,0,0,0,0,0,0,0,0,53,1,0
318913,Split,Jamppi,TL,Viper,5,1,0,0,0,0,0,0,0,66,1,2
318913,Split,Keiko,TL,Raze,2,1,0,0,0,0,0,0,0,45,0,0
318913,Ascent,ShadoW,MKOI,Sova,1,2,0,0,0,0,0,0,0,61,2,1
318913,Ascent,starxo,MKOI,Kayo,2,0,0,0,0,0,0,0,0,45,1,0
318913,Ascent,sheydos,MKOI,Cypher,1,3,0,0,1,0,0,0,0,60,0,0
318913,Ascent,grubinho,MKOI,Omen,1,0,0,0,0,0,0,0,0,42,0,0
318913,Ascent,kamo,MKOI,Jett,1,1,0,0,0,0,0,0,0,31,0,0
318913,Ascent,Enzo,TL,Sova,1,0,0,0,0,0,0,0,0,54,6,0
318913,Ascent,nAts,TL,Cypher,3,2,0,0,0,0,0,0,0,60,0,0
318913,Ascent,Mistic,TL,Omen,3,1,0,0,0,0,0,0,0,73,1,0
318913,Ascent,Jamppi,TL,Viper,0,1,1,0,0,0,0,0,0,42,2,0
318913,Ascent,Keiko,TL,Yoru,0,3,1,0,0,0,0,0,0,49,0,0
318914,Bind,Sayf,VIT,Gekko,3,1,0,0,0,0,0,0,0,63,4,2
318914,Bind,trexx,VIT,Viper,4,0,0,0,0,0,0,0,0,59,0,1
318914,Bind,ceNder,VIT,Brimstone,2,0,0,0,0,0,0,0,0,57,1,0
318914,Bind,Kicks,VIT,Deadlock,2,0,0,0,0,1,0,0,0,32,2,1
318914,Bind,runneR,VIT,Raze,2,2,1,0,0,0,0,0,0,68,1,0
318914,Bind,Zyppan,NAVI,Raze,2,0,0,0,0,0,0,0,0,40,1,0
318914,Bind,ardiis,NAVI,Kayo,3,0,0,0,0,0,0,0,0,45,3,0
318914,Bind,ANGE1,NAVI,Gekko,5,2,0,1,0,0,0,0,0,68,4,0
318914,Bind,Shao,NAVI,Brimstone,1,0,0,0,2,0,0,0,0,47,2,3
318914,Bind,SUYGETSU,NAVI,Viper,2,1,0,0,0,0,0,0,0,37,2,1
318914,Lotus,Sayf,VIT,Viper,3,0,0,0,0,0,0,0,0,55,2,0
318914,Lotus,trexx,VIT,Fade,2,0,0,0,0,0,0,0,0,29,1,0
318914,Lotus,ceNder,VIT,Omen,1,0,0,0,0,0,0,0,0,15,1,1
318914,Lotus,Kicks,VIT,Killjoy,2,0,0,0,0,0,0,0,0,48,0,1
318914,Lotus,runneR,VIT,Raze,3,0,0,1,0,0,0,0,0,64,0,1
318914,Lotus,Zyppan,NAVI,Raze,2,2,0,0,0,0,0,0,0,82,2,0
318914,Lotus,ardiis,NAVI,Breach,2,0,0,0,0,0,0,0,0,38,1,0
318914,Lotus,ANGE1,NAVI,Gekko,1,0,0,0,0,0,0,0,0,38,6,0
318914,Lotus,Shao,NAVI,Brimstone,1,2,1,0,0,0,1,0,0,96,2,1
318914,Lotus,SUYGETSU,NAVI,Killjoy,5,0,0,0,0,0,0,0,0,63,1,2
318915,Icebox,Boaster,FNC,Harbor,0,0,0,0,0,0,0,0,0,36,1,1
318915,Icebox,Chronicle,FNC,Viper,2,0,0,0,0,1,0,0,0,50,1,0
318915,Icebox,Leo,FNC,Sova,2,1,0,0,0,0,0,0,0,56,0,0
318915,Icebox,Derke,FNC,Jett,3,2,0,0,0,0,0,0,0,62,1,0
318915,Icebox,Alfajer,FNC,Killjoy,1,0,0,0,0,0,0,0,0,42,0,0
318915,Icebox,paTiTek,TH,Viper,2,1,0,0,0,0,0,0,0,47,0,0
318915,Icebox,Boo,TH,Sage,4,0,0,0,0,0,0,0,0,47,3,1
318915,Icebox,RieNs,TH,Gekko,1,0,0,0,1,0,0,0,0,43,6,1
318915,Icebox,MiniBoo,TH,Kayo,5,0,0,0,0,0,0,0,0,81,1,0
318915,Icebox,benjyfishy,TH,Killjoy,3,3,0,0,0,1,0,0,0,70,0,0
318915,Lotus,Boaster,FNC,Omen,4,1,1,0,0,0,0,0,0,45,4,1
318915,Lotus,Chronicle,FNC,Viper,4,0,0,0,0,0,0,0,0,42,0,0
318915,Lotus,Leo,FNC,Fade,5,0,1,0,0,0,0,0,0,48,2,2
318915,Lotus,Derke,FNC,Raze,2,2,0,0,0,0,0,0,0,38,2,1
318915,Lotus,Alfajer,FNC,Killjoy,5,0,1,0,0,0,0,0,0,38,1,1
318915,Lotus,paTiTek,TH,Viper,5,0,0,0,0,0,0,0,0,37,2,0
318915,Lotus,Boo,TH,Omen,5,0,0,1,0,0,1,0,0,41,2,0
318915,Lotus,RieNs,TH,Gekko,5,2,0,0,0,1,1,0,0,55,9,1
318915,Lotus,MiniBoo,TH,Neon,4,0,0,0,0,0,0,0,0,40,0,0
318915,Lotus,benjyfishy,TH,Killjoy,3,1,0,0,1,0,0,0,0,49,0,0
318916,Split,Enzo,TL,Skye,2,0,0,0,0,0,0,0,0,35,3,0
318916,Split,nAts,TL,Cypher,0,1,0,0,0,0,0,0,0,42,0,0
318916,Split,Mistic,TL,Omen,2,0,0,0,0,0,0,0,0,58,1,0
318916,Split,Jamppi,TL,Viper,0,0,1,0,0,0,0,0,0,48,0,0
318916,Split,Keiko,TL,Raze,2,1,0,0,0,0,0,0,0,52,0,0
318916,Split,cNed,FUT,Chamber,3,0,1,0,0,0,0,0,0,77,0,1
318916,Split,qRaxs,FUT,Raze,2,1,0,0,0,0,0,0,0,51,2,1
318916,Split,AtaKaptan,FUT,Omen,3,1,0,0,1,0,0,0,0,48,2,0
318916,Split,MrFaliN,FUT,Skye,1,0,0,0,0,0,0,0,0,51,5,0
318916,Split,yetujey,FUT,Viper,0,1,0,0,0,0,0,0,0,51,1,0
318916,Icebox,Enzo,TL,Gekko,3,1,0,0,0,0,0,0,0,59,4,1
318916,Icebox,nAts,TL,Viper,3,0,1,0,0,1,0,0,0,43,0,0
318916,Icebox,Mistic,TL,Harbor,1,0,0,0,0,0,0,0,0,31,1,0
318916,Icebox,Jamppi,TL,Killjoy,2,2,0,0,0,0,0,0,0,51,1,0
318916,Icebox,Keiko,TL,Jett,3,2,1,0,0,0,0,0,0,62,0,0
318916,Icebox,cNed,FUT,Jett,4,0,0,0,0,0,0,0,0,58,0,0
318916,Icebox,qRaxs,FUT,Kayo,4,1,0,0,2,0,0,0,0,64,0,1
318916,Icebox,AtaKaptan,FUT,Viper,2,1,0,0,0,0,0,0,0,50,0,0
318916,Icebox,MrFaliN,FUT,Sova,4,1,0,0,0,2,0,0,0,66,2,1
318916,Icebox,yetujey,FUT,Sage,2,2,0,0,0,0,0,0,0,56,3,0
318917,Ascent,pAura,BBL,Kayo,2,2,0,0,0,0,0,0,0,61,2,1
318917,Ascent,Brave,BBL,Omen,3,0,0,0,0,0,0,0,0,37,1,0
318917,Ascent,reazy,BBL,Sova,2,0,0,0,0,0,0,0,0,41,1,0
318917,Ascent,QutionerX,BBL,Jett,1,0,0,0,0,0,0,0,0,33,0,2
318917,Ascent,Elite,BBL,Killjoy,4,0,0,0,0,1,0,0,0,60,0,0
318917,Ascent,beyAz,M8,Sova,3,1,0,0,0,0,0,0,0,51,0,0
318917,Ascent,TakaS,M8,Yoru,2,1,0,0,0,0,0,0,0,47,0,0
318917,Ascent,logaN,M8,Cypher,2,0,0,0,0,0,0,0,0,36,3,0
318917,Ascent,nataNk,M8,Phoenix,5,3,0,0,2,0,0,0,0,90,2,1
318917,Ascent,Wailers,M8,Omen,1,0,0,0,1,0,0,0,0,41,6,0
318917,Sunset,pAura,BBL,Kayo,1,3,0,0,0,0,0,0,0,48,2,1
318917,Sunset,Brave,BBL,Omen,1,0,0,0,0,0,0,0,0,28,1,0
318917,Sunset,reazy,BBL,Sova,2,0,1,0,0,0,1,0,0,43,3,1
318917,Sunset,QutionerX,BBL,Neon,1,1,1,0,0,0,0,0,0,62,2,0
318917,Sunset,Elite,BBL,Cypher,2,1,1,0,0,0,0,0,0,71,0,0
318917,Sunset,beyAz,M8,Kayo,5,2,0,0,1,0,0,0,0,64,4,1
318917,Sunset,TakaS,M8,Neon,2,1,1,0,0,0,0,0,0,64,0,1
318917,Sunset,logaN,M8,Omen,0,1,0,0,1,1,0,0,0,31,3,1
318917,Sunset,nataNk,M8,Raze,3,2,0,0,0,0,0,0,0,54,1,0
318917,Sunset,Wailers,M8,Cypher,1,1,0,0,0,0,0,0,0,37,0,0
318918,Bind,MAGNUM,KC,Skye,2,0,0,0,0,1,0,0,0,33,0,1
318918,Bind,sh1n,KC,Omen,6,2,0,0,1,0,0,0,0,66,0,1
318918,Bind,marteen,KC,Raze,6,1,0,0,0,0,0,0,0,69,0,0
318918,Bind,tomaszy,KC,Viper,3,1,0,0,0,0,0,0,0,50,0,1
318918,Bind,N4RRATE,KC,Gekko,1,0,0,0,0,0,0,0,0,45,8,2
318918,Bind,cNed,FUT,Sage,1,1,0,0,0,0,0,0,0,49,1,0
318918,Bind,qRaxs,FUT,Kayo,2,1,0,0,0,0,0,0,0,52,3,0
318918,Bind,AtaKaptan,FUT,Omen,2,0,0,0,0,0,0,0,0,39,1,0
318918,Bind,MrFaliN,FUT,Gekko,3,1,0,0,0,1,0,0,0,56,5,1
318918,Bind,yetujey,FUT,Viper,3,0,1,0,0,0,0,0,0,52,1,0
318918,Lotus,MAGNUM,KC,Killjoy,0,1,0,0,0,1,0,0,0,45,1,0
318918,Lotus,sh1n,KC,Omen,6,0,0,0,0,0,0,0,0,50,0,0
318918,Lotus,marteen,KC,Raze,1,0,0,1,0,0,1,0,0,36,0,0
318918,Lotus,tomaszy,KC,Viper,0,0,0,0,0,0,0,0,0,30,0,0
318918,Lotus,N4RRATE,KC,Fade,2,0,1,0,0,0,0,0,0,56,4,2
318918,Lotus,cNed,FUT,Jett,1,3,0,0,0,0,0,0,0,78,1,0
318918,Lotus,qRaxs,FUT,Sage,3,1,0,0,0,0,0,0,0,66,3,0
318918,Lotus,AtaKaptan,FUT,Viper,2,1,0,0,0,0,0,0,0,42,3,0
318918,Lotus,MrFaliN,FUT,Omen,2,0,0,0,0,0,0,0,0,45,1,0
318918,Lotus,yetujey,FUT,Cypher,4,2,1,0,0,0,0,0,0,69,2,0
318918,Breeze,MAGNUM,KC,Sova,3,0,0,0,0,0,0,0,0,61,2,2
318918,Breeze,sh1n,KC,Viper,0,0,0,0,0,0,0,0,0,27,0,0
318918,Breeze,marteen,KC,Jett,4,0,0,0,0,0,0,0,0,63,0,0
318918,Breeze,tomaszy,KC,Cypher,1,1,0,0,0,0,1,0,0,43,0,0
318918,Breeze,N4RRATE,KC,Kayo,2,1,0,0,0,0,0,0,0,51,1,2
318918,Breeze,cNed,FUT,Jett,2,2,0,1,0,0,0,0,0,61,0,1
318918,Breeze,qRaxs,FUT,Kayo,1,1,0,0,0,0,0,0,0,30,2,0
318918,Breeze,AtaKaptan,FUT,Viper,1,0,2,0,0,0,0,0,0,80,1,1
318918,Breeze,MrFaliN,FUT,Sova,1,1,0,0,0,0,0,0,0,47,7,0
318918,Breeze,yetujey,FUT,Cypher,3,0,1,0,0,0,0,0,0,66,0,0
318919,Breeze,Sayf,VIT,Cypher,4,2,0,0,1,0,0,0,0,48,0,0
318919,Breeze,trexx,VIT,Astra,3,0,1,0,0,1,0,1,0,48,0,0
318919,Breeze,ceNder,VIT,Viper,5,1,0,0,0,0,0,0,0,71,2,0
318919,Breeze,Kicks,VIT,Sova,1,2,0,0,1,1,0,0,0,54,5,3
318919,Breeze,runneR,VIT,Yoru,3,1,0,0,0,0,0,0,0,52,1,0
318919,Breeze,paTiTek,TH,Kayo,2,0,0,0,0,0,0,0,0,44,1,1
318919,Breeze,Boo,TH,Viper,2,1,0,0,0,1,0,0,0,51,2,0
318919,Breeze,RieNs,TH,Sova,4,2,0,0,0,0,0,0,0,71,1,0
318919,Breeze,MiniBoo,TH,Yoru,4,1,1,0,0,0,0,0,0,72,2,0
318919,Breeze,benjyfishy,TH,Cypher,2,0,0,0,0,0,0,0,0,25,2,0
318919,Sunset,Sayf,VIT,Viper,3,2,0,0,0,0,0,0,0,48,0,0
318919,Sunset,trexx,VIT,Kayo,0,0,0,0,0,0,0,0,0,29,0,2
318919,Sunset,ceNder,VIT,Omen,2,0,0,0,0,0,0,0,0,43,1,0
318919,Sunset,Kicks,VIT,Gekko,4,2,0,0,1,0,0,0,0,65,10,1
318919,Sunset,runneR,VIT,Raze,3,1,0,0,0,0,0,0,0,44,0,0
318919,Sunset,paTiTek,TH,Kayo,0,1,1,0,0,0,0,0,0,64,2,1
318919,Sunset,Boo,TH,Omen,0,0,0,0,0,0,0,0,0,13,3,1
318919,Sunset,RieNs,TH,Sova,4,1,0,0,0,0,0,0,0,62,2,1
318919,Sunset,MiniBoo,TH,Neon,3,3,1,0,0,0,0,0,0,66,0,0
318919,Sunset,benjyfishy,TH,Cypher,6,4,0,0,3,0,0,0,0,102,2,3
318919,Icebox,Sayf,VIT,Killjoy,2,1,0,0,0,0,0,0,0,47,1,0
318919,Icebox,trexx,VIT,Kayo,3,1,0,0,1,0,0,0,0,52,1,1
318919,Icebox,ceNder,VIT,Viper,1,4,0,0,0,1,0,0,0,79,0,0
318919,Icebox,Kicks,VIT,Gekko,3,0,0,0,2,0,0,0,0,52,8,1
318919,Icebox,runneR,VIT,Raze,4,2,0,0,0,0,0,0,0,77,1,1
318919,Icebox,paTiTek,TH,Viper,2,1,0,0,0,1,0,0,0,41,0,0
318919,Icebox,Boo,TH,Sage,2,0,0,0,0,0,0,0,0,28,3,0
318919,Icebox,RieNs,TH,Gekko,1,1,0,0,0,1,0,0,0,44,2,1
318919,Icebox,MiniBoo,TH,Kayo,8,2,0,0,0,0,0,0,0,73,1,0
318919,Icebox,benjyfishy,TH,Killjoy,5,0,0,0,0,0,0,0,0,48,2,2
318920,Lotus,Enzo,TL,Sova,3,0,0,0,0,0,0,0,0,44,4,0
318920,Lotus,nAts,TL,Cypher,2,1,0,0,1,0,0,0,0,64,1,1
318920,Lotus,Mistic,TL,Omen,3,1,0,0,0,0,0,0,0,61,0,1
318920,Lotus,Jamppi,TL,Breach,3,1,0,0,0,1,0,0,0,57,4,0
318920,Lotus,Keiko,TL,Raze,3,2,0,0,1,0,0,0,0,55,1,2
318920,Lotus,Zyppan,NAVI,Raze,4,1,0,0,0,0,0,0,0,63,0,1
318920,Lotus,ardiis,NAVI,Breach,2,0,0,0,0,0,0,0,0,39,3,0
318920,Lotus,ANGE1,NAVI,Gekko,0,0,0,0,0,0,0,0,0,23,3,1
318920,Lotus,Shao,NAVI,Brimstone,2,1,0,0,0,0,0,0,0,56,0,1
318920,Lotus,SUYGETSU,NAVI,Killjoy,6,1,0,0,1,0,0,0,0,94,1,2
318920,Split,Enzo,TL,Cypher,1,1,0,0,0,0,0,0,0,42,2,0
318920,Split,nAts,TL,Viper,3,3,0,0,0,2,0,0,0,59,2,0
318920,Split,Mistic,TL,Omen,3,1,0,0,0,0,0,0,0,50,1,0
318920,Split,Jamppi,TL,Skye,1,0,0,0,0,1,0,0,0,34,2,0
318920,Split,Keiko,TL,Raze,6,0,0,0,0,1,0,0,0,67,1,0
318920,Split,Zyppan,NAVI,Raze,1,1,0,0,0,0,0,0,0,45,1,0
318920,Split,ardiis,NAVI,Breach,4,0,0,0,0,0,0,0,0,51,6,0
318920,Split,ANGE1,NAVI,Fade,3,0,0,0,1,0,0,0,0,39,2,0
318920,Split,Shao,NAVI,Omen,5,2,0,0,1,0,0,0,0,73,0,0
318920,Split,SUYGETSU,NAVI,Viper,3,1,1,0,0,0,0,0,0,66,2,0
318920,Ascent,Enzo,TL,Sova,4,1,0,0,0,0,0,0,0,85,1,0
318920,Ascent,nAts,TL,Cypher,2,0,0,0,0,0,0,0,0,48,0,1
318920,Ascent,Mistic,TL,Omen,1,0,0,0,0,0,0,0,0,28,1,0
318920,Ascent,Jamppi,TL,Viper,4,0,0,0,0,0,0,0,0,48,0,0
318920,Ascent,Keiko,TL,Yoru,3,0,0,0,0,0,0,0,0,42,0,0
318920,Ascent,Zyppan,NAVI,Kayo,5,0,0,0,0,0,0,0,0,64,2,0
318920,Ascent,ardiis,NAVI,Jett,2,1,1,0,0,0,0,0,0,68,1,0
318920,Ascent,ANGE1,NAVI,Sova,4,2,0,0,0,0,0,0,0,60,3,0
318920,Ascent,Shao,NAVI,Omen,3,1,0,0,1,0,0,0,0,50,4,0
318920,Ascent,SUYGETSU,NAVI,Cypher,2,1,0,0,0,0,0,0,0,52,0,0
318921,Breeze,pAura,BBL,Sova,5,1,0,0,0,0,0,0,0,63,1,1
318921,Breeze,Brave,BBL,Omen,2,0,0,0,0,0,0,0,0,57,0,0
318921,Breeze,reazy,BBL,Viper,1,1,0,0,2,0,0,0,0,66,1,3
318921,Breeze,QutionerX,BBL,Yoru,1,0,0,0,0,0,0,0,0,34,2,1
318921,Breeze,Elite,BBL,Cypher,3,2,0,0,0,0,0,0,0,71,1,1
318921,Breeze,ShadoW,MKOI,Sova,2,0,0,0,0,0,0,0,0,42,4,0
318921,Breeze,starxo,MKOI,Omen,2,2,0,0,0,0,0,0,0,53,1,0
318921,Breeze,sheydos,MKOI,Cypher,0,0,1,0,0,0,0,0,0,45,3,0
318921,Breeze,grubinho,MKOI,Viper,1,1,0,0,0,0,0,0,0,46,1,0
318921,Breeze,kamo,MKOI,Yoru,1,0,0,0,0,0,0,0,0,24,0,1
318921,Icebox,pAura,BBL,Sage,1,0,0,0,0,0,0,0,0,28,1,0
318921,Icebox,Brave,BBL,Viper,3,2,0,0,1,0,0,0,0,100,0,2
318921,Icebox,reazy,BBL,Sova,2,0,0,0,0,1,0,0,0,39,1,1
318921,Icebox,QutionerX,BBL,Omen,1,2,0,0,0,0,0,0,0,71,0,2
318921,Icebox,Elite,BBL,Killjoy,0,3,1,0,0,0,0,0,0,78,2,2
318921,Icebox,ShadoW,MKOI,Sova,1,0,0,0,0,0,0,0,0,37,3,0
318921,Icebox,starxo,MKOI,Harbor,0,0,0,0,0,0,0,0,0,30,4,0
318921,Icebox,sheydos,MKOI,Killjoy,3,0,0,0,1,0,0,0,0,53,2,0
318921,Icebox,grubinho,MKOI,Viper,1,0,0,0,0,0,0,0,0,42,0,0
318921,Icebox,kamo,MKOI,Yoru,1,1,1,0,0,0,0,0,0,72,1,0
318922,Bind,Boaster,FNC,Brimstone,5,0,1,0,0,0,0,0,0,105,0,0
318922,Bind,Chronicle,FNC,Skye,3,1,0,0,0,0,0,0,0,56,1,0
318922,Bind,Leo,FNC,Gekko,3,0,0,1,0,0,0,0,0,54,6,0
318922,Bind,Derke,FNC,Raze,1,0,1,0,0,0,0,0,0,54,0,0
318922,Bind,Alfajer,FNC,Viper,3,1,0,0,0,0,0,0,0,72,1,1
318922,Bind,Fit1nho,GX,Raze,0,1,0,0,0,0,0,0,0,46,0,0
318922,Bind,Redgar,GX,Omen,0,0,0,0,0,0,0,0,0,31,0,1
318922,Bind,purp0,GX,Yoru,5,0,0,0,0,0,0,0,0,54,0,0
318922,Bind,hoody,GX,Viper,3,0,0,0,0,0,0,0,0,53,1,0
318922,Bind,Cloud,GX,Skye,0,1,0,0,0,0,0,0,0,33,0,1
318922,Breeze,Boaster,FNC,Viper,1,1,0,0,0,0,0,0,0,37,2,0
318922,Breeze,Chronicle,FNC,Kayo,2,1,0,0,0,0,0,0,0,47,2,0
318922,Breeze,Leo,FNC,Sova,2,0,0,0,1,0,0,0,0,54,1,0
318922,Breeze,Derke,FNC,Yoru,0,1,0,0,0,0,1,0,0,22,2,0
318922,Breeze,Alfajer,FNC,Cypher,3,1,0,0,1,0,0,0,0,57,0,1
318922,Breeze,Fit1nho,GX,Yoru,4,2,0,0,0,0,0,0,0,59,0,1
318922,Breeze,Redgar,GX,Cypher,4,1,0,0,0,0,0,0,0,67,2,1
318922,Breeze,purp0,GX,Jett,2,0,1,0,1,0,0,0,0,57,0,0
318922,Breeze,hoody,GX,Viper,1,1,0,0,0,0,0,0,0,53,1,0
318922,Breeze,Cloud,GX,Sova,2,0,1,0,0,0,0,0,0,60,3,1
318922,Split,Boaster,FNC,Omen,1,0,0,0,0,0,0,0,0,40,0,0
318922,Split,Chronicle,FNC,Cypher,3,2,0,0,0,0,0,0,0,62,1,0
318922,Split,Leo,FNC,Breach,3,1,0,0,0,0,0,0,0,58,0,0
318922,Split,Derke,FNC,Yoru,2,1,0,0,0,0,0,0,0,40,5,0
318922,Split,Alfajer,FNC,Raze,2,2,0,1,0,2,0,0,0,69,2,1
318922,Split,Fit1nho,GX,Breach,1,0,0,0,0,0,1,0,0,40,1,1
318922,Split,Redgar,GX,Omen,1,0,0,0,0,0,0,0,0,28,1,0
318922,Split,purp0,GX,Raze,0,1,1,0,0,0,0,0,0,55,0,0
318922,Split,hoody,GX,Viper,1,1,0,0,0,0,0,0,0,41,1,0
318922,Split,Cloud,GX,Skye,1,0,0,0,0,0,0,0,0,39,1,0
318923,Split,MAGNUM,KC,Fade,2,0,0,0,1,0,0,0,0,36,1,0
318923,Split,sh1n,KC,Omen,3,1,0,0,0,0,0,0,0,48,1,0
318923,Split,marteen,KC,Yoru,1,1,0,0,0,0,0,0,0,44,0,1
318923,Split,tomaszy,KC,Viper,6,1,0,0,0,0,0,0,0,78,1,3
318923,Split,N4RRATE,KC,Raze,4,2,0,0,1,0,0,0,0,78,1,1
318923,Split,beyAz,M8,Skye,1,1,0,0,0,0,0,0,0,51,2,0
318923,Split,TakaS,M8,Jett,1,1,0,0,0,0,0,0,0,31,1,0
318923,Split,logaN,M8,Viper,4,0,0,0,0,0,0,0,0,40,3,0
318923,Split,nataNk,M8,Phoenix,3,0,1,0,0,0,0,0,0,64,1,0
318923,Split,Wailers,M8,Omen,0,0,0,0,1,0,0,0,0,23,1,0
318923,Icebox,MAGNUM,KC,Killjoy,4,1,0,0,0,0,0,0,0,65,1,2
318923,Icebox,sh1n,KC,Sage,1,0,1,0,0,0,0,0,0,41,0,1
318923,Icebox,marteen,KC,Jett,1,2,0,0,0,0,0,0,0,64,0,0
318923,Icebox,tomaszy,KC,Viper,3,1,0,0,1,0,0,0,0,78,1,1
318923,Icebox,N4RRATE,KC,Gekko,3,0,2,0,0,1,0,0,0,86,4,3
318923,Icebox,beyAz,M8,Sova,0,0,0,0,0,0,0,0,0,34,0,1
318923,Icebox,TakaS,M8,Jett,2,0,0,0,0,0,0,0,0,44,1,0
318923,Icebox,logaN,M8,Killjoy,3,2,0,0,0,0,0,0,0,76,0,0
318923,Icebox,nataNk,M8,Sage,3,2,0,0,0,0,0,0,0,60,6,1
318923,Icebox,Wailers,M8,Viper,2,0,0,0,0,0,0,0,0,29,2,1
318924,Breeze,beyAz,M8,Sova,1,0,0,0,0,0,0,0,0,38,2,1
318924,Breeze,TakaS,M8,Yoru,1,1,0,0,0,0,0,0,0,33,0,0
318924,Breeze,logaN,M8,Cypher,3,0,0,0,0,0,0,0,0,67,1,0
318924,Breeze,nataNk,M8,Phoenix,2,2,0,0,0,1,0,0,0,75,1,0
318924,Breeze,Wailers,M8,Viper,2,0,0,0,0,0,0,0,0,28,0,0
318924,Breeze,Boaster,FNC,Viper,2,1,0,0,0,1,0,0,0,61,0,1
318924,Breeze,Chronicle,FNC,Kayo,2,0,0,0,0,0,0,0,0,64,4,0
318924,Breeze,Leo,FNC,Sova,5,1,0,0,0,1,0,0,0,66,0,1
318924,Breeze,Derke,FNC,Yoru,7,1,1,0,0,0,0,0,0,73,1,0
318924,Breeze,Alfajer,FNC,Cypher,1,0,0,0,0,0,0,0,0,31,0,0
318924,Lotus,beyAz,M8,Breach,1,0,0,0,0,0,0,0,0,36,4,0
318924,Lotus,TakaS,M8,Raze,0,1,0,0,0,0,0,0,0,33,1,0
318924,Lotus,logaN,M8,Omen,2,0,0,0,0,0,0,0,0,35,2,0
318924,Lotus,nataNk,M8,Phoenix,2,0,2,0,0,1,0,0,0,71,1,0
318924,Lotus,Wailers,M8,Cypher,0,0,0,0,0,0,0,0,0,11,0,0
318924,Lotus,Boaster,FNC,Omen,2,0,0,0,0,0,0,0,0,74,1,0
318924,Lotus,Chronicle,FNC,Viper,6,1,0,0,0,0,0,0,0,82,0,1
318924,Lotus,Leo,FNC,Fade,2,0,0,0,1,0,0,0,0,69,0,2
318924,Lotus,Derke,FNC,Raze,3,1,0,0,0,0,0,0,0,73,2,1
318924,Lotus,Alfajer,FNC,Killjoy,3,1,0,0,0,0,0,0,0,70,2,0
318925,Bind,MAGNUM,KC,Skye,1,1,0,0,0,0,1,0,0,33,1,0
318925,Bind,sh1n,KC,Omen,0,0,0,0,0,0,0,0,0,26,2,0
318925,Bind,marteen,KC,Raze,4,0,1,0,0,2,0,0,0,74,1,1
318925,Bind,tomaszy,KC,Viper,4,0,0,0,1,0,0,0,0,58,1,0
318925,Bind,N4RRATE,KC,Gekko,2,1,0,1,0,0,0,0,1,76,4,1
318925,Bind,Zyppan,NAVI,Raze,4,0,0,0,0,0,0,0,0,64,1,1
318925,Bind,ardiis,NAVI,Kayo,1,2,0,0,0,0,0,0,0,70,2,1
318925,Bind,ANGE1,NAVI,Gekko,1,0,0,0,0,0,0,0,0,35,1,0
318925,Bind,Shao,NAVI,Brimstone,2,1,0,0,0,0,0,0,0,35,1,0
318925,Bind,SUYGETSU,NAVI,Viper,3,1,0,0,0,0,0,0,0,56,0,0
318925,Sunset,MAGNUM,KC,Kayo,1,2,0,0,0,0,0,0,0,57,0,1
318925,Sunset,sh1n,KC,Omen,3,0,0,0,1,0,0,0,0,30,0,1
318925,Sunset,marteen,KC,Raze,1,1,0,0,0,0,0,0,0,44,0,1
318925,Sunset,tomaszy,KC,Cypher,4,3,0,0,0,0,0,0,0,80,2,0
318925,Sunset,N4RRATE,KC,Gekko,5,0,0,0,0,0,0,0,0,49,3,0
318925,Sunset,Zyppan,NAVI,Neon,2,1,0,0,0,0,0,0,0,30,0,0
318925,Sunset,ardiis,NAVI,Kayo,4,0,0,1,0,0,0,0,0,77,4,0
318925,Sunset,ANGE1,NAVI,Sova,3,0,0,0,1,0,0,0,0,61,2,0
318925,Sunset,Shao,NAVI,Omen,2,1,1,0,1,0,0,0,0,57,3,2
318925,Sunset,SUYGETSU,NAVI,Killjoy,2,2,0,0,0,1,0,0,0,55,0,1
318925,Split,MAGNUM,KC,Fade,2,0,0,0,0,0,0,0,0,49,2,0
318925,Split,sh1n,KC,Omen,1,0,0,0,0,0,0,0,0,49,2,0
318925,Split,marteen,KC,Yoru,4,0,0,0,1,0,0,0,0,44,1,1
318925,Split,tomaszy,KC,Viper,3,2,0,0,0,0,0,0,0,77,0,1
318925,Split,N4RRATE,KC,Raze,1,0,0,0,0,0,0,0,0,40,1,1
318925,Split,Zyppan,NAVI,Raze,2,2,1,0,0,1,0,0,0,62,1,1
318925,Split,ardiis,NAVI,Breach,3,1,0,0,1,0,0,0,0,76,2,2
318925,Split,ANGE1,NAVI,Fade,5,1,0,0,0,0,0,0,0,47,3,0
318925,Split,Shao,NAVI,Omen,0,0,0,0,0,0,0,0,0,47,1,0
318925,Split,SUYGETSU,NAVI,Viper,3,1,0,0,1,1,0,0,0,49,0,0
318926,Split,pAura,BBL,Breach,1,1,1,0,0,0,0,0,0,45,4,0
318926,Split,Brave,BBL,Omen,1,2,1,0,0,0,1,0,0,75,1,0
318926,Split,reazy,BBL,Skye,2,1,0,0,0,0,0,0,0,61,3,0
318926,Split,QutionerX,BBL,Raze,3,0,0,1,0,0,0,0,0,67,1,0
318926,Split,Elite,BBL,Viper,3,1,0,0,0,0,0,0,0,60,0,0
318926,Split,paTiTek,TH,Brimstone,1,0,1,0,1,0,0,0,0,55,0,0
318926,Split,Boo,TH,Omen,3,1,0,0,0,0,0,0,0,46,0,0
318926,Split,RieNs,TH,Skye,1,1,0,0,0,0,0,0,0,37,1,2
318926,Split,MiniBoo,TH,Raze,0,1,0,0,0,0,0,0,0,57,1,0
318926,Split,benjyfishy,TH,Cypher,2,0,0,0,0,0,0,0,0,34,0,0
318926,Sunset,pAura,BBL,Kayo,3,1,0,0,0,0,1,0,0,46,3,0
318926,Sunset,Brave,BBL,Omen,0,1,0,0,0,0,0,0,0,34,1,0
318926,Sunset,reazy,BBL,Gekko,2,0,0,0,0,1,0,0,0,48,5,3
318926,Sunset,QutionerX,BBL,Raze,6,3,1,0,0,0,0,0,0,80,0,0
318926,Sunset,Elite,BBL,Cypher,3,2,0,0,1,0,0,0,0,68,0,0
318926,Sunset,paTiTek,TH,Kayo,3,2,0,0,0,0,0,0,0,55,0,1
318926,Sunset,Boo,TH,Omen,2,1,0,0,0,0,0,0,0,41,4,0
318926,Sunset,RieNs,TH,Sova,3,0,0,0,0,0,0,0,0,39,3,0
318926,Sunset,MiniBoo,TH,Neon,1,1,0,0,0,0,0,0,0,31,0,0
318926,Sunset,benjyfishy,TH,Cypher,3,2,0,0,0,0,0,0,0,61,1,1
318927,Ascent,Sayf,VIT,Omen,2,1,0,0,0,0,0,0,0,36,1,0
318927,Ascent,trexx,VIT,Sova,3,1,0,0,0,0,0,0,0,73,1,1
318927,Ascent,ceNder,VIT,Killjoy,0,2,0,0,0,0,0,0,0,57,0,2
318927,Ascent,Kicks,VIT,Kayo,3,1,0,0,0,0,0,0,0,45,3,0
318927,Ascent,runneR,VIT,Jett,1,0,0,0,0,0,0,0,0,17,0,0
318927,Ascent,cNed,FUT,Jett,2,1,0,0,0,0,0,0,0,59,0,0
318927,Ascent,qRaxs,FUT,Kayo,3,3,0,0,0,0,0,1,0,77,3,0
318927,Ascent,AtaKaptan,FUT,Omen,1,1,0,0,0,0,0,0,0,38,3,0
318927,Ascent,MrFaliN,FUT,Sova,2,1,2,0,0,0,0,0,0,62,5,1
318927,Ascent,yetujey,FUT,Killjoy,2,0,0,0,0,0,0,0,0,41,0,1
318927,Icebox,Sayf,VIT,Killjoy,2,2,0,0,0,0,0,0,0,59,0,0
318927,Icebox,trexx,VIT,Kayo,4,2,0,0,0,0,0,0,0,55,1,0
318927,Icebox,ceNder,VIT,Viper,2,2,0,0,0,0,0,0,0,55,0,1
318927,Icebox,Kicks,VIT,Gekko,2,0,0,0,1,0,0,0,0,32,6,1
318927,Icebox,runneR,VIT,Raze,3,0,1,0,0,2,0,0,0,51,0,3
318927,Icebox,cNed,FUT,Jett,2,1,0,0,0,0,0,0,0,55,0,0
318927,Icebox,qRaxs,FUT,Kayo,2,0,0,0,0,0,0,0,0,43,2,0
318927,Icebox,AtaKaptan,FUT,Viper,2,2,0,0,0,0,0,0,0,61,1,1
318927,Icebox,MrFaliN,FUT,Sova,3,1,0,0,0,0,0,0,0,60,3,0
318927,Icebox,yetujey,FUT,Sage,2,2,0,0,0,0,0,0,0,56,5,0
318927,Sunset,Sayf,VIT,Viper,3,2,0,0,0,0,0,0,0,71,1,0
318927,Sunset,trexx,VIT,Kayo,3,1,0,0,0,0,0,0,0,57,0,2
318927,Sunset,ceNder,VIT,Omen,0,3,0,0,0,0,0,0,0,47,0,1
318927,Sunset,Kicks,VIT,Gekko,0,1,0,0,1,0,0,0,0,37,6,0
318927,Sunset,runneR,VIT,Raze,2,1,0,0,0,0,0,0,0,51,0,1
318927,Sunset,cNed,FUT,Raze,4,2,0,0,0,1,0,0,0,63,1,0
318927,Sunset,qRaxs,FUT,Gekko,0,0,1,0,0,0,0,0,0,35,0,1
318927,Sunset,AtaKaptan,FUT,Omen,0,0,0,0,0,0,0,0,0,25,1,0
318927,Sunset,MrFaliN,FUT,Deadlock,3,1,0,0,0,0,0,0,0,49,5,0
318927,Sunset,yetujey,FUT,Cypher,5,0,0,0,0,1,0,0,0,57,0,0
318928,Lotus,Enzo,TL,Sova,3,1,0,0,0,0,1,0,0,47,7,0
318928,Lotus,nAts,TL,Cypher,0,3,0,0,0,0,0,0,0,37,1,0
318928,Lotus,Mistic,TL,Omen,1,3,1,1,0,0,0,0,0,46,1,0
318928,Lotus,Jamppi,TL,Breach,2,1,0,0,1,0,1,0,0,33,1,3
318928,Lotus,Keiko,TL,Raze,3,4,0,0,0,0,0,0,0,51,0,0
318928,Lotus,Fit1nho,GX,Killjoy,4,1,0,0,1,0,0,0,0,46,0,0
318928,Lotus,Redgar,GX,Omen,1,0,0,0,0,0,0,0,0,18,3,0
318928,Lotus,purp0,GX,Raze,3,2,0,0,0,0,0,0,0,43,1,1
318928,Lotus,hoody,GX,Viper,6,0,2,0,0,0,0,0,0,59,0,0
318928,Lotus,Cloud,GX,Fade,5,0,1,0,1,0,0,1,0,36,8,1
318928,Icebox,Enzo,TL,Killjoy,2,0,0,0,0,0,0,0,0,42,1,0
318928,Icebox,nAts,TL,Viper,1,2,0,1,0,1,0,0,0,90,2,0
318928,Icebox,Mistic,TL,Harbor,2,1,0,0,0,0,0,1,0,36,5,1
318928,Icebox,Jamppi,TL,Sova,3,1,0,0,0,0,0,0,0,39,1,0
318928,Icebox,Keiko,TL,Jett,5,1,0,0,0,0,0,0,0,72,0,0
318928,Icebox,Fit1nho,GX,Killjoy,3,2,0,0,0,0,0,0,0,57,0,0
318928,Icebox,Redgar,GX,Kayo,1,0,1,0,0,1,0,0,0,77,0,0
318928,Icebox,purp0,GX,Chamber,3,0,0,0,0,0,0,0,0,37,0,0
318928,Icebox,hoody,GX,Viper,2,0,0,0,0,0,0,0,0,46,0,0
318928,Icebox,Cloud,GX,Gekko,0,0,0,0,0,0,0,0,0,28,3,0
318928,Ascent,Enzo,TL,Sova,4,1,0,0,1,0,0,0,0,65,2,1
318928,Ascent,nAts,TL,Cypher,3,1,0,0,0,0,0,0,0,33,0,0
318928,Ascent,Mistic,TL,Omen,2,1,0,0,0,0,0,0,0,41,1,0
318928,Ascent,Jamppi,TL,Viper,4,1,1,0,0,0,0,0,0,84,1,0
318928,Ascent,Keiko,TL,Yoru,6,0,0,0,0,0,0,0,0,39,0,0
318928,Ascent,Fit1nho,GX,Kayo,1,0,0,0,0,0,0,0,0,45,0,0
318928,Ascent,Redgar,GX,Omen,3,0,0,0,0,1,0,0,0,52,0,0
318928,Ascent,purp0,GX,Jett,4,0,1,0,1,0,0,0,0,50,0,0
318928,Ascent,hoody,GX,Cypher,2,0,0,0,0,0,0,0,0,43,0,0
318928,Ascent,Cloud,GX,Sova,2,2,1,0,0,0,0,0,0,84,4,0
318929,Bind,Boaster,FNC,Brimstone,2,0,0,0,0,1,0,0,0,40,0,0
318929,Bind,Chronicle,FNC,Skye,2,1,1,0,0,0,0,0,0,65,1,1
318929,Bind,Leo,FNC,Gekko,3,1,0,0,0,0,1,0,0,64,9,1
318929,Bind,Derke,FNC,Raze,4,1,0,1,0,0,0,0,0,77,1,0
318929,Bind,Alfajer,FNC,Viper,4,1,0,0,0,0,0,0,0,45,0,0
318929,Bind,ShadoW,MKOI,Gekko,3,0,0,0,0,0,0,0,0,35,5,1
318929,Bind,starxo,MKOI,Kayo,3,1,0,0,0,0,0,0,0,42,2,0
318929,Bind,sheydos,MKOI,Viper,1,0,0,0,0,0,0,0,0,41,0,0
318929,Bind,grubinho,MKOI,Brimstone,6,2,0,0,0,0,0,0,0,55,1,0
318929,Bind,kamo,MKOI,Raze,4,0,0,0,0,0,0,0,0,45,2,0
318929,Icebox,Boaster,FNC,Viper,1,0,0,0,0,0,0,0,0,26,1,1
318929,Icebox,Chronicle,FNC,Sage,5,0,0,0,0,0,0,0,0,76,8,1
318929,Icebox,Leo,FNC,Sova,4,1,0,0,0,0,0,0,0,77,0,0
318929,Icebox,Derke,FNC,Jett,2,4,0,0,0,0,0,0,0,92,0,0
318929,Icebox,Alfajer,FNC,Killjoy,2,1,0,1,1,0,0,0,0,74,1,1
318929,Icebox,ShadoW,MKOI,Gekko,1,1,0,0,0,0,0,0,0,49,2,2
318929,Icebox,starxo,MKOI,Kayo,1,1,0,0,1,0,0,0,0,48,0,0
318929,Icebox,sheydos,MKOI,Killjoy,0,0,0,0,0,0,0,0,0,25,1,0
318929,Icebox,grubinho,MKOI,Viper,3,0,0,0,0,0,0,0,0,70,0,0
318929,Icebox,kamo,MKOI,Omen,0,0,0,0,0,0,0,0,0,23,0,0
318930,Sunset,Enzo,TL,Gekko,0,0,0,0,0,0,0,0,0,69,2,1
318930,Sunset,nAts,TL,Cypher,2,0,0,0,0,0,0,0,0,44,0,0
318930,Sunset,Mistic,TL,Omen,0,0,0,0,0,0,0,0,0,32,0,0
318930,Sunset,Jamppi,TL,Sova,3,0,0,0,0,0,0,0,0,67,0,0
318930,Sunset,Keiko,TL,Yoru,0,0,0,0,0,0,0,0,0,17,0,0
318930,Sunset,Boo,TH,Omen,2,1,0,0,0,0,0,0,0,54,4,0
318930,Sunset,RieNs,TH,Sova,4,1,0,0,0,0,0,0,0,63,2,0
318930,Sunset,MiniBoo,TH,Neon,3,1,0,0,0,0,0,0,0,72,0,1
318930,Sunset,Wo0t,TH,Kayo,0,1,0,0,0,0,0,0,0,75,3,1
318930,Sunset,benjyfishy,TH,Cypher,3,0,0,0,0,0,0,0,0,61,2,0
318930,Bind,Enzo,TL,Gekko,1,0,0,0,0,0,0,0,0,24,5,1
318930,Bind,nAts,TL,Viper,3,1,0,0,0,0,0,0,0,62,1,0
318930,Bind,Mistic,TL,Harbor,3,0,0,0,0,0,0,0,0,42,1,0
318930,Bind,Jamppi,TL,Kayo,1,0,0,0,0,0,0,0,0,31,1,0
318930,Bind,Keiko,TL,Raze,5,1,0,0,0,0,0,0,0,59,0,0
318930,Bind,Boo,TH,Omen,2,0,0,0,0,1,0,0,0,34,3,0
318930,Bind,RieNs,TH,Sova,0,0,0,0,0,0,0,0,0,45,2,2
318930,Bind,MiniBoo,TH,Yoru,4,1,0,0,0,0,0,0,0,55,0,1
318930,Bind,Wo0t,TH,Skye,3,2,1,0,1,0,0,0,0,91,2,0
318930,Bind,benjyfishy,TH,Viper,1,0,1,0,0,0,0,0,0,63,0,0
318931,Icebox,Sayf,VIT,Killjoy,2,1,0,0,0,0,0,0,0,55,1,0
318931,Icebox,trexx,VIT,Kayo,2,0,0,0,0,0,0,0,0,59,0,1
318931,Icebox,ceNder,VIT,Viper,1,0,0,0,0,0,0,0,0,47,0,0
318931,Icebox,Kicks,VIT,Gekko,1,1,0,0,0,0,0,0,0,29,6,0
318931,Icebox,runneR,VIT,Raze,3,0,0,0,0,0,0,0,0,46,1,0
318931,Icebox,beyAz,M8,Kayo,1,1,0,0,0,0,0,0,0,48,1,0
318931,Icebox,TakaS,M8,Gekko,3,1,0,0,0,0,0,0,0,52,5,1
318931,Icebox,logaN,M8,Killjoy,2,0,1,0,0,0,0,0,0,68,0,1
318931,Icebox,nataNk,M8,Sage,4,0,2,0,1,0,0,0,0,94,0,1
318931,Icebox,Wailers,M8,Viper,2,1,0,0,0,0,0,0,0,49,0,1
318931,Sunset,Sayf,VIT,Viper,2,0,0,1,0,0,0,0,0,85,0,0
318931,Sunset,trexx,VIT,Kayo,1,0,0,0,0,0,0,0,0,52,1,0
318931,Sunset,ceNder,VIT,Omen,2,0,0,0,1,0,0,0,0,48,1,0
318931,Sunset,Kicks,VIT,Gekko,1,0,0,0,0,0,0,0,0,30,4,0
318931,Sunset,runneR,VIT,Raze,2,0,0,0,0,0,0,0,0,55,0,1
318931,Sunset,beyAz,M8,Kayo,2,1,0,0,0,0,0,0,0,38,0,1
318931,Sunset,TakaS,M8,Raze,0,1,2,0,0,0,0,0,0,70,0,1
318931,Sunset,logaN,M8,Omen,3,0,1,0,0,0,0,0,0,65,1,0
318931,Sunset,nataNk,M8,Sage,1,0,0,0,0,0,0,1,0,42,2,1
318931,Sunset,Wailers,M8,Cypher,1,2,0,0,1,0,0,0,0,63,1,1
318932,Split,Boaster,FNC,Omen,3,0,0,0,0,0,0,0,0,50,2,0
318932,Split,Chronicle,FNC,Cypher,2,1,0,0,1,0,0,0,0,48,1,0
318932,Split,Leo,FNC,Breach,3,0,0,0,0,0,0,0,0,40,1,0
318932,Split,Derke,FNC,Yoru,2,1,0,0,0,0,0,0,0,52,3,0
318932,Split,Alfajer,FNC,Raze,2,1,0,0,0,0,0,0,0,56,0,0
318932,Split,cNed,FUT,Chamber,5,1,0,0,0,0,0,0,0,70,1,0
318932,Split,qRaxs,FUT,Raze,4,2,0,0,2,0,0,0,0,80,0,1
318932,Split,AtaKaptan,FUT,Omen,2,1,0,0,0,0,0,0,0,63,2,0
318932,Split,MrFaliN,FUT,Skye,0,1,0,0,0,0,0,0,0,19,3,1
318932,Split,yetujey,FUT,Viper,3,1,1,0,1,0,0,0,0,71,0,0
318932,Lotus,Boaster,FNC,Omen,4,1,0,0,0,1,0,0,0,40,7,0
318932,Lotus,Chronicle,FNC,Viper,3,1,0,0,1,0,0,0,0,57,3,0
318932,Lotus,Leo,FNC,Fade,6,0,0,0,0,0,0,0,0,52,1,2
318932,Lotus,Derke,FNC,Raze,6,1,0,0,0,0,0,0,0,61,0,1
318932,Lotus,Alfajer,FNC,Killjoy,4,0,0,0,1,0,0,0,0,39,0,1
318932,Lotus,cNed,FUT,Jett,5,1,0,0,0,0,0,0,0,69,1,1
318932,Lotus,qRaxs,FUT,Sage,3,0,1,0,0,0,0,0,0,26,5,1
318932,Lotus,AtaKaptan,FUT,Viper,6,0,0,0,2,0,0,0,0,33,2,0
318932,Lotus,MrFaliN,FUT,Omen,4,2,0,0,0,0,0,0,0,54,3,1
318932,Lotus,yetujey,FUT,Cypher,0,0,0,0,0,0,0,0,0,34,1,1
318933,Ascent,pAura,BBL,Kayo,0,0,0,0,0,0,0,0,0,32,3,0
318933,Ascent,Brave,BBL,Omen,3,2,0,0,1,0,0,0,0,68,0,0
318933,Ascent,reazy,BBL,Sova,2,0,0,0,0,0,0,0,0,51,1,0
318933,Ascent,QutionerX,BBL,Jett,4,1,0,0,1,0,0,0,0,58,0,1
318933,Ascent,Elite,BBL,Killjoy,3,0,0,0,1,1,0,0,0,44,0,1
318933,Ascent,Zyppan,NAVI,Kayo,1,0,2,0,0,0,0,0,0,50,1,0
318933,Ascent,ardiis,NAVI,Jett,4,1,0,0,0,0,0,0,0,54,0,0
318933,Ascent,ANGE1,NAVI,Sova,4,1,0,0,0,0,0,0,0,63,4,0
318933,Ascent,Shao,NAVI,Omen,4,0,0,0,0,0,0,0,0,57,3,1
318933,Ascent,SUYGETSU,NAVI,Cypher,2,2,0,0,0,0,0,0,0,70,1,0
318933,Sunset,pAura,BBL,Kayo,3,2,0,0,0,0,0,0,0,67,1,0
318933,Sunset,Brave,BBL,Omen,3,2,1,0,1,0,1,0,0,61,0,2
318933,Sunset,reazy,BBL,Gekko,1,0,0,0,0,0,1,0,0,29,5,1
318933,Sunset,QutionerX,BBL,Raze,3,0,0,0,0,0,0,0,0,41,0,1
318933,Sunset,Elite,BBL,Cypher,2,2,1,0,1,0,0,0,0,74,1,0
318933,Sunset,Zyppan,NAVI,Neon,3,3,0,0,1,0,0,0,0,78,1,0
318933,Sunset,ardiis,NAVI,Kayo,2,1,0,0,0,0,0,0,0,35,3,0
318933,Sunset,ANGE1,NAVI,Sova,2,0,0,0,0,0,0,0,0,38,2,0
318933,Sunset,Shao,NAVI,Omen,2,1,1,0,0,1,0,0,0,52,0,1
318933,Sunset,SUYGETSU,NAVI,Killjoy,2,0,0,0,0,0,0,0,0,42,2,1
318933,Split,pAura,BBL,Breach,3,0,0,0,0,1,0,0,0,44,3,0
318933,Split,Brave,BBL,Omen,5,4,0,0,0,0,0,0,0,82,0,0
318933,Split,reazy,BBL,Skye,2,2,0,0,2,0,0,0,0,47,1,1
318933,Split,QutionerX,BBL,Raze,2,1,0,1,0,0,0,0,0,57,0,0
318933,Split,Elite,BBL,Viper,2,0,0,0,0,0,0,0,0,41,2,0
318933,Split,Zyppan,NAVI,Raze,3,0,0,0,0,0,0,0,0,52,0,0
318933,Split,ardiis,NAVI,Breach,4,0,0,0,1,0,0,0,0,47,0,0
318933,Split,ANGE1,NAVI,Fade,4,1,0,0,0,0,0,0,0,56,1,0
318933,Split,Shao,NAVI,Omen,3,1,0,0,0,0,0,0,0,61,1,0
318933,Split,SUYGETSU,NAVI,Viper,2,0,0,0,0,0,0,0,0,55,0,0
318934,Lotus,Sayf,VIT,Killjoy,6,0,0,0,1,1,0,0,0,37,2,0
318934,Lotus,trexx,VIT,Omen,4,0,0,0,0,0,0,0,0,36,0,0
318934,Lotus,ceNder,VIT,Viper,4,2,0,0,0,0,0,0,0,49,2,1
318934,Lotus,Kicks,VIT,Gekko,2,1,0,0,1,0,0,0,0,34,9,1
318934,Lotus,runneR,VIT,Neon,3,1,1,0,0,0,0,0,0,48,0,0
318934,Lotus,Fit1nho,GX,Killjoy,0,1,1,0,0,0,0,0,0,50,1,0
318934,Lotus,Redgar,GX,Omen,0,1,0,0,2,0,0,0,0,23,4,2
318934,Lotus,purp0,GX,Raze,4,3,0,0,0,0,0,0,0,50,0,1
318934,Lotus,hoody,GX,Viper,5,0,1,0,0,0,0,0,0,57,0,0
318934,Lotus,Cloud,GX,Fade,2,2,0,1,0,0,0,0,0,56,5,2
318934,Breeze,Sayf,VIT,Cypher,3,1,3,0,0,0,0,0,0,108,1,0
318934,Breeze,trexx,VIT,Astra,3,1,0,0,0,0,0,0,0,64,2,0
318934,Breeze,ceNder,VIT,Viper,2,1,0,0,0,0,0,0,0,39,3,0
318934,Breeze,Kicks,VIT,Sova,2,1,0,0,0,0,0,0,0,57,5,0
318934,Breeze,runneR,VIT,Yoru,5,0,0,0,0,0,0,0,0,48,1,0
318934,Breeze,Fit1nho,GX,Yoru,2,0,0,0,0,0,0,0,0,44,0,1
318934,Breeze,Redgar,GX,Cypher,2,1,0,0,2,0,0,0,0,44,1,1
318934,Breeze,purp0,GX,Jett,3,2,0,0,0,0,0,0,0,66,2,1
318934,Breeze,hoody,GX,Viper,1,0,0,0,0,0,0,0,0,34,0,0
318934,Breeze,Cloud,GX,Sova,3,1,1,0,0,0,0,0,0,63,0,0
318934,Sunset,Sayf,VIT,Viper,2,1,1,0,0,0,0,0,0,49,0,0
318934,Sunset,trexx,VIT,Kayo,4,2,0,0,0,0,0,0,0,63,1,0
318934,Sunset,ceNder,VIT,Omen,4,0,0,0,1,0,0,0,0,62,0,0
318934,Sunset,Kicks,VIT,Gekko,1,1,1,0,0,1,0,0,0,55,7,1
318934,Sunset,runneR,VIT,Raze,3,3,0,0,1,0,0,0,0,77,1,0
318934,Sunset,Fit1nho,GX,Breach,1,0,0,0,0,0,0,0,0,44,0,1
318934,Sunset,Redgar,GX,Omen,4,0,0,0,0,0,0,0,0,69,0,0
318934,Sunset,purp0,GX,Raze,5,0,0,0,0,0,0,0,0,63,0,0
318934,Sunset,hoody,GX,Cypher,2,0,0,0,1,1,0,0,0,25,0,1
318934,Sunset,Cloud,GX,Gekko,2,1,0,0,0,0,0,0,0,52,2,0
318935,Sunset,MAGNUM,KC,Kayo,2,0,0,0,0,0,0,0,0,46,0,1
318935,Sunset,sh1n,KC,Omen,0,1,0,0,0,0,0,0,0,38,1,0
318935,Sunset,marteen,KC,Raze,0,1,0,0,0,0,0,0,0,48,1,1
318935,Sunset,tomaszy,KC,Cypher,5,0,0,0,0,0,0,0,0,64,0,0
318935,Sunset,N4RRATE,KC,Gekko,8,1,0,0,0,0,0,0,0,88,8,1
318935,Sunset,ShadoW,MKOI,Gekko,0,1,0,0,0,0,0,0,0,15,3,1
318935,Sunset,starxo,MKOI,Kayo,3,0,0,0,0,0,0,0,0,44,0,0
318935,Sunset,sheydos,MKOI,Cypher,0,1,0,0,0,0,0,0,0,36,0,0
318935,Sunset,grubinho,MKOI,Omen,1,0,0,0,2,0,0,0,0,23,3,1
318935,Sunset,kamo,MKOI,Neon,1,1,1,0,0,0,0,0,0,73,0,0
318935,Icebox,MAGNUM,KC,Killjoy,1,2,0,0,0,1,0,0,0,55,0,0
318935,Icebox,sh1n,KC,Sage,4,0,0,0,0,0,0,0,0,36,0,2
318935,Icebox,marteen,KC,Jett,2,0,0,0,0,0,0,0,0,49,0,1
318935,Icebox,tomaszy,KC,Viper,5,0,0,0,0,0,0,0,0,52,1,0
318935,Icebox,N4RRATE,KC,Gekko,4,0,1,0,0,0,0,0,0,53,5,0
318935,Icebox,ShadoW,MKOI,Gekko,0,0,0,0,0,0,0,0,0,24,6,1
318935,Icebox,starxo,MKOI,Kayo,3,2,1,0,2,0,0,0,0,65,0,0
318935,Icebox,sheydos,MKOI,Killjoy,3,1,0,0,0,2,0,0,0,54,1,0
318935,Icebox,grubinho,MKOI,Viper,2,1,0,0,0,0,0,0,0,69,1,0
318935,Icebox,kamo,MKOI,Jett,4,1,1,0,1,0,0,0,0,72,3,1
318935,Bind,MAGNUM,KC,Skye,2,1,0,0,0,0,0,0,0,30,0,0
318935,Bind,sh1n,KC,Omen,2,1,0,0,0,0,0,0,0,28,5,1
318935,Bind,marteen,KC,Raze,5,2,1,0,0,0,0,0,0,57,0,0
318935,Bind,tomaszy,KC,Viper,6,1,0,0,0,1,0,0,0,76,0,1
318935,Bind,N4RRATE,KC,Gekko,5,1,0,0,0,0,0,0,0,62,4,3
318935,Bind,ShadoW,MKOI,Gekko,3,0,0,0,0,0,0,0,0,38,6,1
318935,Bind,starxo,MKOI,Kayo,6,0,0,0,1,0,0,0,0,56,0,2
318935,Bind,sheydos,MKOI,Viper,3,1,1,0,1,0,0,0,0,41,1,0
318935,Bind,grubinho,MKOI,Brimstone,4,0,1,0,0,1,1,0,0,43,0,1
318935,Bind,kamo,MKOI,Raze,3,0,1,0,0,0,0,0,0,38,1,0
318936,Bind,pAura,BBL,Breach,1,0,0,0,0,0,0,0,0,27,3,0
318936,Bind,Brave,BBL,Brimstone,3,0,0,1,0,0,0,0,0,69,0,0
318936,Bind,reazy,BBL,Skye,2,0,0,0,0,0,0,0,0,34,1,0
318936,Bind,QutionerX,BBL,Raze,3,0,1,0,0,0,0,0,0,41,0,0
318936,Bind,Elite,BBL,Viper,2,1,0,0,0,0,1,0,0,68,0,1
318936,Bind,Fit1nho,GX,Raze,2,1,1,0,0,0,0,0,0,43,0,1
318936,Bind,Redgar,GX,Omen,2,2,0,0,0,0,1,0,0,54,2,0
318936,Bind,purp0,GX,Yoru,8,0,0,0,0,0,0,0,0,90,0,1
318936,Bind,hoody,GX,Viper,2,1,0,0,0,1,0,0,0,65,3,1
318936,Bind,Cloud,GX,Skye,1,1,0,0,0,0,0,0,0,34,3,0
318936,Sunset,pAura,BBL,Kayo,2,0,0,1,0,0,0,0,0,51,1,1
318936,Sunset,Brave,BBL,Omen,1,0,0,0,1,0,0,0,0,30,0,0
318936,Sunset,reazy,BBL,Gekko,2,1,0,0,0,0,0,0,0,44,5,0
318936,Sunset,QutionerX,BBL,Raze,2,2,0,0,0,0,0,0,0,57,0,0
318936,Sunset,Elite,BBL,Cypher,4,2,0,0,0,1,0,0,0,71,1,1
318936,Sunset,Fit1nho,GX,Breach,1,1,0,0,0,0,0,0,0,47,1,2
318936,Sunset,Redgar,GX,Omen,4,1,0,0,0,0,0,0,0,58,0,1
318936,Sunset,purp0,GX,Raze,2,2,0,0,0,0,0,0,0,58,0,1
318936,Sunset,hoody,GX,Cypher,1,4,0,0,1,0,0,0,0,77,0,0
318936,Sunset,Cloud,GX,Gekko,3,0,1,0,0,0,0,0,0,53,6,1
318937,Icebox,MAGNUM,KC,Killjoy,5,0,0,0,0,0,0,0,0,41,3,0
318937,Icebox,sh1n,KC,Sage,1,1,0,0,0,0,0,0,0,32,0,0
318937,Icebox,marteen,KC,Jett,7,0,0,0,0,0,0,0,0,63,0,0
318937,Icebox,tomaszy,KC,Viper,3,3,0,0,0,0,0,0,0,48,1,1
318937,Icebox,N4RRATE,KC,Gekko,3,3,0,0,1,0,0,0,0,56,5,3
318937,Icebox,Boo,TH,Viper,3,0,0,0,1,0,0,0,0,51,8,2
318937,Icebox,RieNs,TH,Sova,1,0,0,0,0,0,0,0,0,37,1,1
318937,Icebox,MiniBoo,TH,Jett,6,1,0,0,1,0,0,0,0,54,0,0
318937,Icebox,Wo0t,TH,Reyna,5,0,1,0,0,0,0,0,0,64,0,0
318937,Icebox,benjyfishy,TH,Killjoy,4,1,0,0,0,0,0,0,0,65,2,0
318937,Lotus,MAGNUM,KC,Cypher,4,2,0,0,0,0,1,0,0,91,0,0
318937,Lotus,sh1n,KC,Omen,1,1,0,0,0,0,0,0,0,51,2,0
318937,Lotus,marteen,KC,Raze,2,0,1,0,0,0,0,0,0,59,0,0
318937,Lotus,tomaszy,KC,Viper,3,0,1,0,0,0,0,0,0,72,0,0
318937,Lotus,N4RRATE,KC,Fade,1,0,0,0,0,0,0,0,0,45,8,1
318937,Lotus,Boo,TH,Omen,2,0,0,0,0,0,0,0,0,47,1,0
318937,Lotus,RieNs,TH,Gekko,0,0,0,0,0,0,0,0,0,24,2,0
318937,Lotus,MiniBoo,TH,Neon,1,1,0,0,0,0,0,0,0,29,0,0
318937,Lotus,Wo0t,TH,Viper,0,2,0,0,0,0,0,0,0,50,0,0
318937,Lotus,benjyfishy,TH,Killjoy,2,0,0,0,1,0,0,0,0,43,1,0
318937,Bind,MAGNUM,KC,Skye,0,1,0,0,0,1,0,0,0,40,2,0
318937,Bind,sh1n,KC,Omen,0,0,0,0,1,0,0,0,0,24,1,1
318937,Bind,marteen,KC,Raze,2,2,1,0,1,0,0,0,0,63,1,0
318937,Bind,tomaszy,KC,Viper,0,1,1,0,0,0,0,0,0,76,0,0
318937,Bind,N4RRATE,KC,Gekko,1,1,0,0,0,0,0,0,0,56,6,0
318937,Bind,Boo,TH,Omen,2,0,0,0,0,0,0,0,0,46,1,0
318937,Bind,RieNs,TH,Sova,2,2,0,0,1,0,0,0,0,52,2,2
318937,Bind,MiniBoo,TH,Yoru,1,2,0,0,0,0,0,0,0,48,0,0
318937,Bind,Wo0t,TH,Skye,2,2,0,0,0,0,0,0,0,38,3,0
318937,Bind,benjyfishy,TH,Viper,5,0,1,0,0,1,0,0,0,96,2,0
318938,Split,Sayf,VIT,Viper,2,0,0,0,0,0,0,0,0,53,0,0
318938,Split,trexx,VIT,Astra,0,1,0,0,0,0,1,0,0,31,0,0
318938,Split,ceNder,VIT,Killjoy,0,1,0,0,0,0,0,0,0,31,1,0
318938,Split,Kicks,VIT,Skye,2,0,0,0,0,0,0,0,0,52,6,0
318938,Split,runneR,VIT,Raze,2,0,0,0,0,0,0,0,0,41,1,0
318938,Split,ShadoW,MKOI,Fade,2,1,0,0,0,0,0,0,0,87,4,1
318938,Split,starxo,MKOI,Yoru,1,0,0,0,0,0,0,0,0,44,1,0
318938,Split,sheydos,MKOI,Viper,4,1,0,0,0,0,0,0,0,61,0,2
318938,Split,grubinho,MKOI,Omen,1,1,0,0,0,0,0,0,0,49,0,0
318938,Split,kamo,MKOI,Raze,1,3,1,0,0,0,0,0,0,77,0,0
318938,Breeze,Sayf,VIT,Cypher,2,1,0,0,0,0,0,0,0,60,3,1
318938,Breeze,trexx,VIT,Astra,6,3,0,0,1,1,0,0,0,106,0,0
318938,Breeze,ceNder,VIT,Viper,2,0,0,0,0,0,0,0,0,42,0,0
318938,Breeze,Kicks,VIT,Sova,2,0,0,0,0,0,0,0,0,33,7,1
318938,Breeze,runneR,VIT,Yoru,2,0,0,0,0,0,0,0,0,29,0,1
318938,Breeze,ShadoW,MKOI,Sova,4,0,0,0,0,0,0,0,0,76,2,1
318938,Breeze,starxo,MKOI,Yoru,4,0,0,0,0,0,0,0,0,46,0,1
318938,Breeze,sheydos,MKOI,Cypher,1,0,0,0,0,0,0,0,0,31,1,0
318938,Breeze,grubinho,MKOI,Viper,4,0,0,0,0,0,0,0,0,58,0,1
318938,Breeze,kamo,MKOI,Jett,0,1,1,0,0,0,0,0,0,49,1,1
318938,Icebox,Sayf,VIT,Killjoy,0,0,1,0,0,0,0,0,0,34,0,0
318938,Icebox,trexx,VIT,Kayo,1,0,0,0,0,0,0,0,0,42,0,0
318938,Icebox,ceNder,VIT,Viper,0,1,0,0,0,0,1,0,0,56,1,0
318938,Icebox,Kicks,VIT,Gekko,2,0,0,0,0,0,0,0,0,45,11,0
318938,Icebox,runneR,VIT,Raze,2,0,0,0,0,0,0,0,0,38,0,0
318938,Icebox,ShadoW,MKOI,Gekko,2,1,0,0,0,0,0,0,0,52,3,3
318938,Icebox,starxo,MKOI,Kayo,3,1,0,0,0,0,0,0,0,51,1,2
318938,Icebox,sheydos,MKOI,Killjoy,6,0,0,0,0,0,0,0,0,66,0,3
318938,Icebox,grubinho,MKOI,Viper,1,2,0,0,1,0,0,0,0,86,0,1
318938,Icebox,kamo,MKOI,Jett,4,0,0,0,0,0,0,0,0,57,0,0
318939,Breeze,Zyppan,NAVI,Sova,2,2,0,0,0,0,0,0,0,51,5,0
318939,Breeze,ardiis,NAVI,Jett,3,1,0,0,0,0,0,0,0,63,0,0
318939,Breeze,ANGE1,NAVI,Yoru,1,0,0,0,0,0,0,0,0,35,2,1
318939,Breeze,Shao,NAVI,Astra,3,0,0,0,0,0,0,0,0,40,0,0
318939,Breeze,SUYGETSU,NAVI,Cypher,0,0,0,0,0,0,0,0,0,18,1,0
318939,Breeze,Boaster,FNC,Viper,0,0,0,0,0,0,0,0,0,13,0,1
318939,Breeze,Chronicle,FNC,Kayo,2,1,0,0,0,0,0,0,0,53,1,0
318939,Breeze,Leo,FNC,Sova,2,2,0,0,1,0,0,0,0,66,2,3
318939,Breeze,Derke,FNC,Yoru,5,2,1,0,0,0,0,0,0,87,3,0
318939,Breeze,Alfajer,FNC,Cypher,1,1,1,0,0,0,0,0,0,62,0,0
318939,Ascent,Zyppan,NAVI,Kayo,4,0,0,0,0,0,0,0,0,52,4,1
318939,Ascent,ardiis,NAVI,Jett,3,3,1,0,2,0,0,0,0,85,0,0
318939,Ascent,ANGE1,NAVI,Sova,2,0,0,0,0,0,0,0,0,30,4,0
318939,Ascent,Shao,NAVI,Omen,1,2,0,0,0,1,0,0,0,57,2,0
318939,Ascent,SUYGETSU,NAVI,Cypher,0,0,0,0,1,0,0,0,0,52,0,0
318939,Ascent,Boaster,FNC,Omen,0,1,0,0,0,1,0,0,0,37,3,0
318939,Ascent,Chronicle,FNC,Kayo,3,1,0,0,0,0,0,0,0,57,1,0
318939,Ascent,Leo,FNC,Sova,1,0,0,0,0,0,0,0,0,37,2,0
318939,Ascent,Derke,FNC,Jett,2,1,0,1,0,1,0,0,0,64,0,1
318939,Ascent,Alfajer,FNC,Killjoy,3,3,0,0,0,0,0,0,0,61,0,0
318939,Bind,Zyppan,NAVI,Raze,0,1,0,0,0,0,0,0,0,37,1,2
318939,Bind,ardiis,NAVI,Kayo,3,1,0,0,0,0,0,0,0,101,1,0
318939,Bind,ANGE1,NAVI,Cypher,1,2,1,0,0,0,0,0,0,83,0,0
318939,Bind,Shao,NAVI,Brimstone,1,1,0,0,0,0,0,0,0,65,2,1
318939,Bind,SUYGETSU,NAVI,Viper,3,1,0,0,0,0,0,0,0,91,0,1
318939,Bind,Boaster,FNC,Brimstone,0,0,0,0,0,0,0,0,0,36,2,0
318939,Bind,Chronicle,FNC,Skye,2,0,0,0,0,0,0,0,0,29,0,0
318939,Bind,Leo,FNC,Gekko,1,0,0,0,0,0,0,0,0,37,5,0
318939,Bind,Derke,FNC,Raze,3,0,0,0,0,0,0,0,0,40,0,0
318939,Bind,Alfajer,FNC,Viper,2,1,0,0,0,0,0,0,0,43,0,0
318940,Lotus,Enzo,TL,Sova,2,0,0,0,0,0,0,0,0,68,6,1
318940,Lotus,nAts,TL,Cypher,2,2,0,0,0,0,2,0,0,58,1,0
318940,Lotus,Mistic,TL,Omen,1,1,0,0,0,0,1,0,0,31,0,1
318940,Lotus,Jamppi,TL,Breach,3,1,0,0,0,0,0,0,0,49,3,0
318940,Lotus,Keiko,TL,Raze,2,2,0,0,0,0,0,0,0,64,0,1
318940,Lotus,beyAz,M8,Breach,1,0,0,0,0,0,0,0,0,58,2,1
318940,Lotus,TakaS,M8,Raze,1,1,0,0,0,0,0,0,0,78,0,0
318940,Lotus,logaN,M8,Cypher,2,1,0,0,0,0,0,0,0,40,0,0
318940,Lotus,nataNk,M8,Sage,1,0,0,0,0,0,0,0,0,35,1,1
318940,Lotus,Wailers,M8,Omen,2,2,0,0,0,0,0,0,0,59,0,0
318940,Icebox,Enzo,TL,Sova,0,1,0,0,0,0,0,0,0,59,0,0
318940,Icebox,nAts,TL,Viper,2,4,0,0,1,0,0,0,0,80,0,0
318940,Icebox,Mistic,TL,Sage,2,0,0,0,0,0,0,0,0,40,11,0
318940,Icebox,Jamppi,TL,Chamber,4,1,1,0,0,0,0,0,0,85,0,0
318940,Icebox,Keiko,TL,Reyna,1,2,0,0,0,1,0,0,0,67,0,0
318940,Icebox,beyAz,M8,Kayo,0,0,1,0,0,0,0,0,0,65,0,0
318940,Icebox,TakaS,M8,Gekko,1,0,0,0,0,0,0,0,0,32,0,1
318940,Icebox,logaN,M8,Killjoy,2,0,0,0,0,0,0,0,0,61,0,0
318940,Icebox,nataNk,M8,Sage,0,0,0,0,0,1,0,0,0,42,0,1
318940,Icebox,Wailers,M8,Viper,0,0,0,0,0,0,0,0,0,28,0,0
318941,Bind,pAura,BBL,Breach,1,0,0,0,1,0,0,0,0,32,3,1
318941,Bind,Brave,BBL,Brimstone,5,0,0,0,0,0,0,0,0,50,0,0
318941,Bind,reazy,BBL,Skye,2,1,0,0,0,0,0,0,0,44,3,0
318941,Bind,QutionerX,BBL,Raze,3,0,0,0,0,0,0,0,0,49,0,0
318941,Bind,Elite,BBL,Viper,6,1,0,0,0,0,0,0,0,51,1,1
318941,Bind,cNed,FUT,Raze,2,4,0,0,0,0,0,0,0,79,0,2
318941,Bind,qRaxs,FUT,Kayo,6,1,0,0,0,0,0,0,0,87,3,0
318941,Bind,AtaKaptan,FUT,Omen,1,0,0,0,0,0,0,0,0,47,1,0
318941,Bind,MrFaliN,FUT,Gekko,1,0,0,0,0,0,0,0,0,30,3,0
318941,Bind,yetujey,FUT,Viper,2,2,0,0,0,0,0,0,0,66,0,1
318941,Icebox,pAura,BBL,Sage,3,0,0,0,0,0,0,0,0,46,3,2
318941,Icebox,Brave,BBL,Viper,0,1,0,0,0,0,0,0,0,27,1,0
318941,Icebox,reazy,BBL,Sova,1,0,0,0,0,0,0,0,0,59,0,0
318941,Icebox,QutionerX,BBL,Omen,4,1,0,0,0,0,0,0,0,65,0,0
318941,Icebox,Elite,BBL,Killjoy,2,0,0,0,0,0,0,0,0,37,1,0
318941,Icebox,cNed,FUT,Jett,4,0,0,0,0,0,0,0,0,67,0,0
318941,Icebox,qRaxs,FUT,Kayo,4,0,0,0,0,0,0,0,0,44,2,0
318941,Icebox,AtaKaptan,FUT,Viper,4,0,1,0,0,0,0,1,0,60,2,0
318941,Icebox,MrFaliN,FUT,Sova,2,2,0,0,0,0,0,0,0,70,5,1
318941,Icebox,yetujey,FUT,Killjoy,3,0,0,0,0,0,0,0,0,47,2,1
341816,Ascent,Boaster,FNC,Omen,1,0,0,0,0,0,0,0,0,20,2,0
341816,Ascent,Chronicle,FNC,Kayo,3,1,0,0,1,0,0,0,0,53,2,1
341816,Ascent,Leo,FNC,Sova,4,3,0,0,0,0,1,0,0,95,1,1
341816,Ascent,Derke,FNC,Jett,4,0,1,0,0,0,0,0,0,48,0,0
341816,Ascent,Alfajer,FNC,Killjoy,3,1,0,0,1,0,0,0,0,51,0,4
341816,Ascent,Enzo,TL,Sova,3,1,0,0,0,0,0,0,0,48,4,1
341816,Ascent,nAts,TL,Cypher,4,0,0,0,0,0,0,0,0,44,1,0
341816,Ascent,Mistic,TL,Omen,3,2,0,0,0,0,0,0,0,68,0,0
341816,Ascent,Jamppi,TL,Kayo,2,0,1,0,0,0,0,0,0,51,3,0
341816,Ascent,Keiko,TL,Jett,6,0,0,0,1,0,0,0,0,50,0,1
341816,Icebox,Boaster,FNC,Viper,4,1,0,0,0,0,0,0,0,60,3,1
341816,Icebox,Chronicle,FNC,Sage,2,0,0,0,0,0,0,0,0,43,3,0
341816,Icebox,Leo,FNC,Sova,3,1,0,0,0,0,0,0,0,45,1,0
341816,Icebox,Derke,FNC,Jett,1,1,0,0,0,0,0,0,0,40,0,1
341816,Icebox,Alfajer,FNC,Killjoy,7,1,0,0,0,0,0,0,0,69,0,3
341816,Icebox,Enzo,TL,Sova,0,1,0,0,1,0,0,0,0,38,3,1
341816,Icebox,nAts,TL,Viper,3,2,0,0,1,0,0,0,0,70,0,0
341816,Icebox,Mistic,TL,Sage,3,1,0,0,0,0,0,0,0,35,6,0
341816,Icebox,Jamppi,TL,Chamber,4,1,0,0,0,0,0,0,0,50,1,0
341816,Icebox,Keiko,TL,Reyna,7,1,0,0,0,0,0,0,0,57,1,1
341816,Lotus,Boaster,FNC,Omen,0,1,0,0,0,0,0,0,0,32,1,1
341816,Lotus,Chronicle,FNC,Viper,4,2,0,0,0,0,0,0,0,72,0,0
341816,Lotus,Leo,FNC,Fade,4,1,0,0,0,0,0,0,0,60,0,2
341816,Lotus,Derke,FNC,Raze,1,2,0,0,0,1,0,0,0,64,0,2
341816,Lotus,Alfajer,FNC,Killjoy,4,1,0,0,0,0,0,0,0,56,1,2
341816,Lotus,Enzo,TL,Sova,3,0,0,0,0,0,0,0,0,56,4,0
341816,Lotus,nAts,TL,Cypher,1,0,0,0,0,0,0,0,0,35,0,0
341816,Lotus,Mistic,TL,Omen,1,2,0,0,0,0,0,0,0,44,0,0
341816,Lotus,Jamppi,TL,Breach,0,0,0,0,0,0,0,0,0,25,3,0
341816,Lotus,Keiko,TL,Raze,4,1,0,0,0,0,0,0,0,68,1,0
341817,Lotus,Zyppan,NAVI,Raze,5,1,1,0,1,0,0,0,0,94,0,1
341817,Lotus,ardiis,NAVI,Breach,5,0,0,0,0,0,0,0,0,59,2,0
341817,Lotus,ANGE1,NAVI,Gekko,4,0,0,0,1,0,0,0,0,50,3,0
341817,Lotus,Shao,NAVI,Brimstone,3,1,0,0,0,0,0,0,0,57,3,0
341817,Lotus,SUYGETSU,NAVI,Killjoy,2,0,0,0,0,0,0,0,0,36,0,0
341817,Lotus,Boo,TH,Omen,4,0,0,0,0,0,0,0,0,47,3,0
341817,Lotus,RieNs,TH,Breach,6,0,1,0,2,0,0,0,0,54,4,1
341817,Lotus,MiniBoo,TH,Raze,2,1,1,0,0,0,0,0,0,59,0,0
341817,Lotus,Wo0t,TH,Fade,2,1,0,0,0,0,0,0,0,52,0,1
341817,Lotus,benjyfishy,TH,Cypher,5,1,0,0,0,0,1,0,0,65,1,0
341817,Split,Zyppan,NAVI,Raze,1,1,0,0,0,0,0,0,0,41,2,0
341817,Split,ardiis,NAVI,Breach,3,1,0,0,0,0,0,0,0,64,3,0
341817,Split,ANGE1,NAVI,Fade,2,0,0,0,0,0,0,0,0,46,2,0
341817,Split,Shao,NAVI,Omen,4,3,0,0,3,0,0,0,0,66,1,1
341817,Split,SUYGETSU,NAVI,Viper,3,0,0,0,0,0,0,0,0,53,0,0
341817,Split,Boo,TH,Omen,2,0,0,0,1,0,0,0,0,54,3,1
341817,Split,RieNs,TH,Skye,2,1,0,0,1,0,0,0,0,36,3,0
341817,Split,MiniBoo,TH,Raze,3,0,0,0,1,0,0,0,0,54,0,0
341817,Split,Wo0t,TH,Viper,2,1,0,0,0,0,0,0,0,47,0,1
341817,Split,benjyfishy,TH,Cypher,7,0,1,0,0,0,0,0,0,93,1,0
341818,Breeze,MAGNUM,KC,Sova,1,0,1,0,0,0,0,0,0,46,5,0
341818,Breeze,sh1n,KC,Viper,1,1,0,0,1,0,0,0,0,46,5,0
341818,Breeze,marteen,KC,Yoru,5,0,0,0,0,0,0,0,0,39,0,0
341818,Breeze,tomaszy,KC,Cypher,1,1,0,0,0,0,0,0,0,35,1,0
341818,Breeze,N4RRATE,KC,Jett,4,1,1,0,1,0,0,0,0,49,0,0
341818,Breeze,Boaster,FNC,Viper,2,0,0,0,0,0,0,0,0,32,1,1
341818,Breeze,Chronicle,FNC,Kayo,2,2,0,0,0,0,0,0,0,61,3,0
341818,Breeze,Leo,FNC,Sova,6,1,1,0,0,0,0,0,0,101,1,1
341818,Breeze,Derke,FNC,Yoru,4,1,0,0,1,0,0,0,0,54,5,0
341818,Breeze,Alfajer,FNC,Cypher,6,0,0,0,0,0,0,0,0,48,0,0
341818,Bind,MAGNUM,KC,Skye,2,0,1,0,0,0,1,0,0,48,2,0
341818,Bind,sh1n,KC,Omen,0,1,0,0,0,0,0,0,0,22,2,0
341818,Bind,marteen,KC,Raze,0,1,0,0,0,0,0,0,0,52,0,0
341818,Bind,tomaszy,KC,Viper,3,1,0,0,0,0,0,0,0,55,0,0
341818,Bind,N4RRATE,KC,Gekko,3,1,0,0,0,0,0,0,0,47,5,0
341818,Bind,Boaster,FNC,Brimstone,2,0,0,0,1,0,0,0,0,47,0,1
341818,Bind,Chronicle,FNC,Skye,1,1,1,0,0,0,1,0,0,56,0,0
341818,Bind,Leo,FNC,Gekko,4,0,1,0,0,1,0,0,0,57,7,0
341818,Bind,Derke,FNC,Raze,4,3,0,0,0,0,0,0,0,58,1,0
341818,Bind,Alfajer,FNC,Viper,3,1,0,0,0,0,0,0,0,46,1,0
341819,Lotus,cNed,FUT,Jett,1,2,0,0,0,0,0,0,0,42,1,0
341819,Lotus,qRaxs,FUT,Sage,5,1,0,0,0,0,0,0,0,54,6,1
341819,Lotus,AtaKaptan,FUT,Viper,2,0,0,0,0,0,0,0,0,51,3,0
341819,Lotus,MrFaliN,FUT,Omen,1,0,1,0,0,0,0,0,0,54,0,1
341819,Lotus,yetujey,FUT,Cypher,5,0,1,0,0,0,1,0,0,61,1,1
341819,Lotus,Boo,TH,Omen,3,1,0,0,0,0,0,0,0,57,0,2
341819,Lotus,RieNs,TH,Breach,3,2,0,0,0,0,0,0,0,61,7,2
341819,Lotus,MiniBoo,TH,Raze,3,0,0,1,1,0,0,0,0,54,0,0
341819,Lotus,Wo0t,TH,Fade,3,2,0,0,0,0,0,0,0,69,2,0
341819,Lotus,benjyfishy,TH,Cypher,2,0,0,0,0,0,0,0,0,25,1,1
341819,Split,cNed,FUT,Chamber,4,1,0,0,0,0,0,0,0,42,0,1
341819,Split,qRaxs,FUT,Raze,3,3,0,0,1,0,0,0,0,50,0,1
341819,Split,AtaKaptan,FUT,Omen,5,0,0,0,0,0,0,0,0,36,1,0
341819,Split,MrFaliN,FUT,Skye,4,2,1,0,0,1,0,0,0,62,6,0
341819,Split,yetujey,FUT,Viper,4,0,0,0,0,0,0,0,0,36,0,0
341819,Split,Boo,TH,Omen,1,0,0,0,0,0,0,0,0,26,4,0
341819,Split,RieNs,TH,Skye,3,0,1,0,0,0,0,0,0,47,2,1
341819,Split,MiniBoo,TH,Raze,3,3,0,0,0,0,0,0,0,58,1,0
341819,Split,Wo0t,TH,Viper,5,1,0,0,1,0,0,0,0,48,1,0
341819,Split,benjyfishy,TH,Cypher,6,0,2,0,0,1,0,0,0,66,0,1
341820,Lotus,Boaster,FNC,Omen,2,0,0,0,0,0,0,0,0,21,6,0
341820,Lotus,Chronicle,FNC,Viper,3,2,0,0,1,1,0,0,0,63,0,1
341820,Lotus,Leo,FNC,Fade,1,1,0,0,0,0,0,0,0,41,0,2
341820,Lotus,Derke,FNC,Raze,7,0,1,0,0,0,0,0,0,54,2,0
341820,Lotus,Alfajer,FNC,Killjoy,3,1,0,0,0,0,0,0,0,34,0,0
341820,Lotus,Boo,TH,Omen,4,1,0,0,0,0,0,0,0,37,0,0
341820,Lotus,RieNs,TH,Breach,3,1,0,0,0,0,0,0,0,32,6,1
341820,Lotus,MiniBoo,TH,Raze,6,1,0,0,0,0,0,0,0,45,0,1
341820,Lotus,Wo0t,TH,Fade,4,0,0,0,0,0,0,0,0,49,4,0
341820,Lotus,benjyfishy,TH,Cypher,4,2,1,0,0,1,0,0,0,56,0,0
341820,Breeze,Boaster,FNC,Viper,1,0,1,0,1,0,0,0,0,50,1,0
341820,Breeze,Chronicle,FNC,Kayo,1,0,0,0,0,0,0,0,0,46,4,0
341820,Breeze,Leo,FNC,Sova,3,0,0,0,0,0,0,0,0,52,0,0
341820,Breeze,Derke,FNC,Yoru,1,0,0,0,1,0,0,0,0,33,3,0
341820,Breeze,Alfajer,FNC,Cypher,0,0,0,0,0,0,0,0,0,41,0,0
341820,Breeze,Boo,TH,Viper,1,0,0,0,0,0,0,0,0,61,0,2
341820,Breeze,RieNs,TH,Sova,2,2,0,0,1,0,0,0,0,82,2,0
341820,Breeze,MiniBoo,TH,Yoru,3,1,0,0,0,0,0,0,0,48,0,1
341820,Breeze,Wo0t,TH,Kayo,3,2,0,0,0,0,1,0,0,68,3,0
341820,Breeze,benjyfishy,TH,Cypher,4,0,0,0,1,0,0,0,0,59,0,1
341822,Icebox,MAGNUM,KC,Killjoy,1,2,0,0,1,0,0,0,0,44,1,0
341822,Icebox,sh1n,KC,Sage,3,0,0,0,1,0,0,0,0,34,0,1
341822,Icebox,marteen,KC,Reyna,4,0,0,0,1,0,0,0,0,65,0,1
341822,Icebox,tomaszy,KC,Viper,1,1,0,0,0,0,0,0,0,40,0,0
341822,Icebox,N4RRATE,KC,Sova,0,0,0,0,0,0,0,0,0,56,0,0
341822,Icebox,cNed,FUT,Jett,2,3,0,0,0,0,0,0,0,82,1,0
341822,Icebox,qRaxs,FUT,Kayo,4,0,0,0,1,1,0,0,0,41,4,0
341822,Icebox,AtaKaptan,FUT,Viper,2,1,0,0,0,1,0,0,0,52,3,0
341822,Icebox,MrFaliN,FUT,Sova,2,3,0,0,0,0,0,0,0,94,3,0
341822,Icebox,yetujey,FUT,Killjoy,4,1,0,0,0,2,0,0,0,66,1,0
341822,Sunset,MAGNUM,KC,Kayo,1,2,0,0,0,0,0,0,0,44,0,0
341822,Sunset,sh1n,KC,Omen,3,0,0,0,0,0,0,0,0,45,1,0
341822,Sunset,marteen,KC,Raze,4,2,1,0,0,1,0,0,0,76,0,3
341822,Sunset,tomaszy,KC,Cypher,1,1,0,0,0,0,0,0,0,40,0,0
341822,Sunset,N4RRATE,KC,Gekko,2,1,0,0,0,0,0,0,0,47,5,2
341822,Sunset,cNed,FUT,Raze,5,1,0,0,1,0,0,0,0,63,1,1
341822,Sunset,qRaxs,FUT,Gekko,5,0,0,0,0,1,0,0,0,48,5,0
341822,Sunset,AtaKaptan,FUT,Omen,0,0,0,0,0,0,0,0,0,27,1,1
341822,Sunset,MrFaliN,FUT,Breach,3,1,0,0,1,0,0,0,0,62,2,1
341822,Sunset,yetujey,FUT,Cypher,5,3,0,0,0,0,0,0,0,76,1,0
341823,Icebox,Boaster,FNC,Viper,4,0,0,0,0,0,1,0,0,44,3,0
341823,Icebox,Chronicle,FNC,Sage,0,1,0,0,0,0,0,0,0,43,3,0
341823,Icebox,Leo,FNC,Sova,5,0,1,0,0,0,0,0,0,74,4,2
341823,Icebox,Derke,FNC,Jett,3,3,2,0,0,0,0,0,0,75,2,0
341823,Icebox,Alfajer,FNC,Killjoy,1,4,0,0,0,0,0,0,0,54,0,0
341823,Icebox,cNed,FUT,Jett,5,2,0,0,0,1,0,0,0,64,0,0
341823,Icebox,qRaxs,FUT,Kayo,5,1,0,0,1,0,0,0,0,50,0,0
341823,Icebox,AtaKaptan,FUT,Viper,3,0,0,0,0,1,0,0,0,34,2,1
341823,Icebox,MrFaliN,FUT,Sova,3,0,0,0,0,0,0,0,0,50,6,2
341823,Icebox,yetujey,FUT,Killjoy,4,1,0,0,3,0,0,0,0,53,3,1
341823,Bind,Boaster,FNC,Brimstone,5,1,0,0,0,0,0,0,0,101,0,1
341823,Bind,Chronicle,FNC,Skye,2,1,0,0,0,0,0,0,0,49,0,0
341823,Bind,Leo,FNC,Gekko,1,1,0,0,0,0,0,0,0,47,5,4
341823,Bind,Derke,FNC,Raze,2,0,0,0,1,0,0,0,0,51,1,0
341823,Bind,Alfajer,FNC,Viper,2,1,0,0,0,0,0,0,0,60,1,0
341823,Bind,cNed,FUT,Raze,6,1,0,0,0,0,0,0,0,59,1,0
341823,Bind,qRaxs,FUT,Kayo,0,1,0,0,0,0,0,0,0,29,2,0
341823,Bind,AtaKaptan,FUT,Omen,2,0,0,0,0,0,0,0,0,43,2,0
341823,Bind,MrFaliN,FUT,Gekko,1,0,0,0,0,0,0,0,0,43,6,0
341823,Bind,yetujey,FUT,Viper,0,1,0,0,0,0,0,0,0,49,0,0
341823,Breeze,Boaster,FNC,Viper,3,0,0,0,0,1,0,0,0,61,0,0
341823,Breeze,Chronicle,FNC,Kayo,2,1,0,0,0,0,0,0,0,63,2,1
341823,Breeze,Leo,FNC,Sova,2,0,0,0,0,0,0,0,0,56,0,0
341823,Breeze,Derke,FNC,Yoru,5,0,0,0,2,1,0,0,0,54,6,1
341823,Breeze,Alfajer,FNC,Cypher,3,1,0,0,0,0,0,0,0,50,0,0
341823,Breeze,cNed,FUT,Jett,4,0,0,0,0,0,0,0,0,59,0,0
341823,Breeze,qRaxs,FUT,Kayo,5,1,0,0,1,0,0,0,0,63,2,0
341823,Breeze,AtaKaptan,FUT,Viper,4,0,0,0,1,0,0,0,0,36,2,0
341823,Breeze,MrFaliN,FUT,Sova,1,0,0,0,0,0,0,0,0,40,2,0
341823,Breeze,yetujey,FUT,Cypher,6,0,0,0,2,0,0,0,0,37,2,1
341823,Split,Boaster,FNC,Omen,2,0,0,0,0,0,0,0,0,46,4,0
341823,Split,Chronicle,FNC,Cypher,5,0,0,0,1,2,0,0,0,41,1,3
341823,Split,Leo,FNC,Breach,6,0,0,0,1,0,0,0,0,59,1,1
341823,Split,Derke,FNC,Yoru,4,1,0,0,0,1,0,0,0,50,2,0
341823,Split,Alfajer,FNC,Raze,3,0,1,0,0,0,0,0,0,70,1,0
341823,Split,cNed,FUT,Chamber,4,1,0,0,0,0,0,0,0,62,1,0
341823,Split,qRaxs,FUT,Raze,3,2,0,0,0,0,0,0,0,48,1,2
341823,Split,AtaKaptan,FUT,Omen,3,0,0,0,0,0,0,0,0,37,3,2
341823,Split,MrFaliN,FUT,Skye,3,0,1,0,0,0,0,0,0,48,2,1
341823,Split,yetujey,FUT,Viper,3,0,0,0,0,0,0,0,0,31,0,0
341821,Sunset,Boo,TH,Omen,4,0,0,0,1,0,0,0,0,62,1,1
341821,Sunset,RieNs,TH,Sova,2,2,0,0,0,0,0,0,0,54,0,0
341821,Sunset,MiniBoo,TH,Neon,2,0,0,0,1,0,0,0,0,49,1,0
341821,Sunset,Wo0t,TH,Kayo,3,0,1,0,1,0,0,0,0,55,1,2
341821,Sunset,benjyfishy,TH,Cypher,2,1,1,0,0,2,0,0,0,64,1,1
341821,Sunset,Boaster,FNC,Sova,0,1,0,0,0,0,0,0,0,53,5,0
341821,Sunset,Chronicle,FNC,Omen,1,0,0,0,0,0,0,0,0,46,1,0
341821,Sunset,Leo,FNC,Breach,2,1,0,0,0,0,0,0,0,52,1,0
341821,Sunset,Derke,FNC,Yoru,3,0,1,0,0,0,0,0,0,46,1,0
341821,Sunset,Alfajer,FNC,Deadlock,4,1,0,0,0,0,0,0,0,67,0,0
341821,Bind,Boo,TH,Omen,2,1,0,0,0,0,0,0,0,41,0,0
341821,Bind,RieNs,TH,Sova,4,1,0,0,1,0,0,0,0,57,0,1
341821,Bind,MiniBoo,TH,Yoru,4,0,0,0,0,0,0,0,0,40,2,0
341821,Bind,Wo0t,TH,Skye,2,1,0,0,0,0,0,0,0,39,2,1
341821,Bind,benjyfishy,TH,Viper,5,1,0,0,0,0,0,0,0,53,5,1
341821,Bind,Boaster,FNC,Brimstone,2,0,0,0,0,0,0,0,0,37,1,1
341821,Bind,Chronicle,FNC,Skye,2,2,1,0,0,1,0,0,0,58,1,0
341821,Bind,Leo,FNC,Gekko,2,1,0,0,1,0,0,0,0,45,7,1
341821,Bind,Derke,FNC,Raze,4,0,0,0,0,0,0,0,0,39,1,0
341821,Bind,Alfajer,FNC,Viper,2,0,0,1,0,0,0,0,0,47,0,0
341821,Lotus,Boo,TH,Omen,2,0,0,0,1,0,0,0,0,34,0,0
341821,Lotus,RieNs,TH,Breach,0,0,0,0,1,0,0,0,0,26,4,0
341821,Lotus,MiniBoo,TH,Raze,5,3,0,0,1,0,0,0,0,71,1,0
341821,Lotus,Wo0t,TH,Fade,3,0,0,0,0,0,0,0,0,49,3,0
341821,Lotus,benjyfishy,TH,Cypher,4,0,0,0,0,0,0,0,0,56,1,0
341821,Lotus,Boaster,FNC,Omen,3,1,0,0,0,0,0,0,0,49,1,0
341821,Lotus,Chronicle,FNC,Viper,3,0,1,0,0,0,0,0,0,65,3,1
341821,Lotus,Leo,FNC,Fade,3,0,1,0,0,0,0,0,0,61,2,2
341821,Lotus,Derke,FNC,Raze,3,1,0,0,0,0,0,0,0,67,1,0
341821,Lotus,Alfajer,FNC,Killjoy,4,1,0,0,0,0,0,0,0,40,1,0
341821,Split,Boo,TH,Omen,0,0,0,0,0,0,0,0,0,31,1,0
341821,Split,RieNs,TH,Skye,5,0,0,0,1,0,0,0,0,56,1,2
341821,Split,MiniBoo,TH,Raze,1,0,0,0,0,0,0,0,0,51,0,0
341821,Split,Wo0t,TH,Viper,3,0,0,0,0,0,0,0,0,55,0,0
341821,Split,benjyfishy,TH,Cypher,0,0,0,0,0,0,0,0,0,21,0,0
341821,Split,Boaster,FNC,Omen,1,1,0,0,0,0,0,0,0,36,2,0
341821,Split,Chronicle,FNC,Cypher,2,2,0,0,1,0,0,0,0,65,2,0
341821,Split,Leo,FNC,Breach,2,0,0,0,0,0,0,0,0,33,2,0
341821,Split,Derke,FNC,Yoru,3,1,0,0,0,0,0,0,0,66,3,2
341821,Split,Alfajer,FNC,Raze,1,3,1,0,0,0,0,0,0,73,1,0
341821,Breeze,Boo,TH,Viper,0,0,1,0,0,0,0,0,0,54,3,0
341821,Breeze,RieNs,TH,Sova,2,3,0,0,0,0,0,0,0,54,4,1
341821,Breeze,MiniBoo,TH,Yoru,1,0,0,0,0,0,0,0,0,30,0,0
341821,Breeze,Wo0t,TH,Kayo,2,0,0,0,0,0,0,0,0,32,0,1
341821,Breeze,benjyfishy,TH,Cypher,2,0,0,0,0,0,0,0,0,56,1,0
341821,Breeze,Boaster,FNC,Viper,1,0,1,0,0,0,0,0,0,49,2,0
341821,Breeze,Chronicle,FNC,Kayo,4,0,0,0,0,0,0,0,0,56,0,1
341821,Breeze,Leo,FNC,Sova,2,5,0,0,1,0,0,0,0,104,1,2
341821,Breeze,Derke,FNC,Yoru,1,1,0,0,0,0,0,0,0,53,4,0
341821,Breeze,Alfajer,FNC,Cypher,2,0,0,0,0,0,0,0,0,29,0,1
