player,player_name,team,player_id,agents,agents_count,rounds,rating,acs,kd_ratio,kast,adr,kpr,apr,fkpr,fdpr,hs_percent,cl_percent,clutches,k_max,kills,deaths,assists,first_kills,first_deaths
whzy,whzy,BLG,4885,"['Yoru', 'Jett', 'Raze']",3,304,,246.8,1.14,,,0.86,0.21,,,,0%,,24,261,228,63,0,0
CB,CB,NOVA,39697,"['Fade', 'Sova', 'Skye', 'Gekko']",4,337,,205.7,0.96,,,0.69,0.31,,,,0%,,24,232,242,104,0,0
nobody,nobody,EDG,3017,"['Sova', 'Skye', 'Gekko', 'Sage']",4,538,,202.8,1.1,,,0.74,0.28,,,,0%,,28,396,359,149,0,0
CHICHOO,CHICHOO,EDG,15559,"['Killjoy', 'Brimstone', 'Viper', 'Cypher', 'Reyna']",5,538,,193.3,1.12,,,0.72,0.24,,,,0%,,26,387,347,130,0,0
Smoggy,Smoggy,EDG,4742,"['Jett', 'Raze', 'Omen', 'Brimstone', 'Viper']",5,538,,202.0,1.2,,,0.74,0.36,,,,0%,,24,398,333,191,0,0
stew,stew,JDG,16924,"['Jett', 'Raze']",2,267,,206.0,0.98,,,0.72,0.21,,,,0%,,22,191,195,55,0,0
Viva,Viva,JDG,36415,"['Sova', 'Skye', 'Jett', 'Viper']",4,267,,216.5,1.16,,,0.75,0.28,,,,0%,,23,201,173,76,0,0
YHchen,YHchen,JDG,10486,"['Kayo', 'Gekko', 'Skye', 'Cypher', 'Harbor', 'Fade']",6,267,,180.8,0.88,,,0.62,0.36,,,,0%,,19,165,188,97,0,0
YiHao,YiHao,JDG,4320,"['Omen', 'Brimstone']",2,124,,159.7,0.84,,,0.55,0.47,,,,0%,,16,68,81,58,0,0
MarT1n,MarT1n,JDG,36668,"['Killjoy', 'Viper']",2,267,,194.7,0.94,,,0.66,0.24,,,,0%,,21,176,187,64,0,0
SWERL,SWERL,NOVA,1209,"['Raze', 'Jett', 'Killjoy', 'Omen']",4,337,,241.7,1.09,,,0.82,0.24,,,,0%,,28,277,253,81,0,0
o0o0o,o0o0o,NOVA,4402,"['Viper', 'Breach', 'Kayo']",3,337,,159.3,0.74,,,0.54,0.34,,,,0%,,19,183,246,113,0,0
OBONE,OBONE,NOVA,36670,"['Omen', 'Viper', 'Astra']",3,264,,168.8,0.86,,,0.61,0.32,,,,0%,,20,160,185,85,0,0
GuanG,GuanG,NOVA,41054,"['Killjoy', 'Neon', 'Gekko', 'Cypher', 'Chamber', 'Jett', 'Sage']",7,337,,187.3,1.0,,,0.69,0.16,,,,0%,,30,233,234,55,0,0
Haodong,Haodong,EDG,4720,"['Omen', 'Cypher', 'Gekko', 'Kayo', 'Breach']",5,538,,158.2,0.83,,,0.56,0.36,,,,0%,,20,299,359,193,0,0
FengF,FengF,TE,4770,"['Raze', 'Sova', 'Cypher']",3,391,,243.5,1.16,,,0.83,0.19,,,,0%,,24,323,278,76,0,0
LuoK1ng,LuoK1ng,TE,3045,"['Omen', 'Viper']",2,391,,193.8,0.93,,,0.67,0.38,,,,0%,,21,261,280,148,0,0
YOU,YOU,TE,4710,"['Fade', 'Killjoy', 'Skye', 'Sova']",4,391,,184.2,0.97,,,0.65,0.3,,,,0%,,21,254,262,119,0,0
heybay,heybay,TE,4712,"['Viper', 'Kayo', 'Yoru', 'Brimstone', 'Breach']",5,391,,186.0,0.9,,,0.64,0.38,,,,0%,,22,250,279,148,0,0
Kai,Kai,TE,37494,"['Killjoy', 'Jett', 'Cypher', 'Gekko']",4,391,,207.5,1.12,,,0.76,0.21,,,,0%,,25,299,268,81,0,0
AAAAY,AAAAY,FPX,19530,"['Fade', 'Gekko', 'Astra', 'Sova']",4,412,,197.1,1.12,,,0.74,0.23,,,,0%,,23,305,272,95,0,0
BerLIN,BerLIN,FPX,7857,"['Omen', 'Astra', 'Sova', 'Kayo', 'Harbor']",5,412,,184.9,0.89,,,0.61,0.39,,,,0%,,27,252,283,162,0,0
Lysoar,Lysoar,FPX,37489,"['Killjoy', 'Omen', 'Viper', 'Brimstone', 'Cypher']",5,412,,214.9,1.35,,,0.81,0.29,,,,0%,,29,332,246,118,0,0
Autumn,Autumn,FPX,872,"['Viper', 'Yoru', 'Jett', 'Kayo', 'Harbor']",5,412,,214.2,1.18,,,0.76,0.32,,,,0%,,21,315,267,132,0,0
Life,Life,FPX,3028,"['Yoru', 'Raze', 'Jett', 'Reyna', 'Clove']",5,412,,246.3,1.11,,,0.84,0.25,,,,0%,,28,345,311,105,0,0
jkuro,jkuro,JDG,3519,"['Yoru', 'Harbor', 'Brimstone', 'Omen']",4,143,,218.6,1.2,,,0.84,0.3,,,,0%,,24,120,100,43,0,0
Levius,Levius,BLG,40845,"['Fade', 'Skye', 'Killjoy', 'Sova']",4,142,,149.9,0.75,,,0.54,0.24,,,,0%,,18,76,102,34,0,0
ZmjjKK,ZmjjKK,EDG,3520,"['Kayo', 'Raze', 'Jett']",3,538,,282.7,1.35,,,0.98,0.24,,,,0%,,30,529,391,127,0,0
Spitfires,Spitfires,AG,4881,"['Raze', 'Cypher']",2,313,,215.4,0.99,,,0.75,0.15,,,,0%,,27,235,238,48,0,0
Biank,Biank,BLG,3021,"['Gekko', 'Sova', 'Fade', 'Skye', 'Omen', 'Brimstone', 'Harbor']",7,304,,173.0,0.86,,,0.59,0.41,,,,0%,,27,178,208,124,0,0
Yuicaw,Yuicaw,WOL,11218,"['Cypher', 'Yoru', 'Gekko', 'Jett']",4,302,,213.4,1.02,,,0.76,0.19,,,,0%,,30,231,227,58,0,0
Knight,Knight,BLG,4774,"['Cypher', 'Killjoy', 'Omen', 'Gekko', 'Breach', 'Harbor', 'Reyna']",7,304,,197.3,1.05,,,0.7,0.22,,,,0%,,22,213,203,68,0,0
yosemite,yosemite,BLG,6022,"['Viper', 'Cypher']",2,304,,209.7,1.08,,,0.73,0.27,,,,0%,,25,223,207,82,0,0
B3ar,B3ar,BLG,25329,"['Brimstone', 'Harbor', 'Omen', 'Viper']",4,162,,137.6,0.72,,,0.48,0.4,,,,0%,,12,77,107,64,0,0
Eren,Eren,TYL,14444,"['Viper', 'Reyna', 'Sova', 'Killjoy', 'Yoru']",5,255,,200.4,0.95,,,0.68,0.24,,,,0%,,23,174,184,60,0,0
ICEKING,ICEKING,TYL,4771,"['Skye', 'Killjoy', 'Fade', 'Breach', 'Kayo', 'Astra']",6,255,,158.5,0.75,,,0.55,0.4,,,,0%,,17,141,188,101,0,0
AAK,AAK,TYL,4773,"['Raze', 'Jett']",2,255,,228.8,1.12,,,0.8,0.18,,,,0%,,24,205,183,45,0,0
Flex1n,Flex1n,TYL,4705,"['Brimstone', 'Viper', 'Omen']",3,255,,192.9,1.04,,,0.66,0.42,,,,0%,,22,168,161,106,0,0
zjc,zjc,TYL,7135,"['Cypher', 'Gekko', 'Killjoy', 'Sova']",4,255,,220.6,1.18,,,0.78,0.23,,,,0%,,20,199,168,58,0,0
pl1xx,pl1xx,WOL,871,"['Skye', 'Fade', 'Kayo', 'Cypher', 'Sova', 'Omen']",6,302,,154.3,0.74,,,0.54,0.37,,,,0%,,20,163,221,112,0,0
Spring,Spring,WOL,14125,"['Raze', 'Jett']",2,302,,205.8,0.99,,,0.74,0.14,,,,0%,,25,222,224,42,0,0
balua,balua,WOL,14441,"['Omen', 'Viper', 'Killjoy', 'Cypher']",4,302,,197.6,0.91,,,0.7,0.34,,,,0%,,31,211,233,103,0,0
coldfish,coldfish,WOL,3020,"['Viper', 'Sova', 'Cypher']",3,302,,188.9,0.88,,,0.61,0.33,,,,0%,,24,183,209,101,0,0
Rb,Rb,TEC,488,"['Raze', 'Cypher', 'Yoru', 'Kayo', 'Gekko', 'Breach', 'Viper']",7,260,,219.1,1.08,,,0.77,0.28,,,,0%,,33,201,186,73,0,0
deLb,deLb,AG,10821,"['Killjoy', 'Cypher', 'Yoru', 'Viper']",4,313,,222.1,1.15,,,0.79,0.2,,,,0%,,27,247,214,64,0,0
AC,AC,TEC,14445,"['Omen', 'Viper', 'Killjoy']",3,260,,193.6,1.0,,,0.7,0.29,,,,0%,,22,182,182,76,0,0
Abo,Abo,TEC,5011,"['Viper', 'Raze', 'Jett', 'Gekko']",4,260,,201.2,0.83,,,0.68,0.22,,,,0%,,20,177,212,56,0,0
kawaii,kawaii,TEC,4778,"['Cypher', 'Brimstone', 'Killjoy', 'Reyna']",4,260,,175.4,0.84,,,0.61,0.22,,,,0%,,24,158,187,56,0,0
LockM,LockM,TEC,25339,"['Skye', 'Fade', 'Sova']",3,260,,158.5,0.76,,,0.56,0.28,,,,0%,,19,146,192,73,0,0
Nicc,Nicc,DRG,11524,"['Sova', 'Breach', 'Kayo', 'Skye']",4,549,,186.7,1.03,,,0.68,0.39,,,,0%,,21,372,362,212,0,0
TvirusLuke,TvirusLuke,DRG,7841,"['Jett', 'Yoru', 'Raze']",3,549,,212.9,0.87,,,0.7,0.2,,,,0%,,25,386,442,109,0,0
vo0kashu,vo0kashu,DRG,3741,"['Killjoy', 'Cypher']",2,549,,231.6,1.19,,,0.85,0.2,,,,0%,,30,467,392,111,0,0
Shion7,Shion7,DRG,41774,"['Harbor', 'Sova', 'Omen', 'Viper']",4,549,,183.7,0.85,,,0.63,0.32,,,,0%,,24,347,408,178,0,0
nizhaoTZH,nizhaoTZH,DRG,4880,"['Viper', 'Omen', 'Brimstone']",3,549,,179.9,0.95,,,0.64,0.32,,,,0%,,21,351,371,176,0,0
sword9,sword9,AG,3049,"['Kayo', 'Sova', 'Fade', 'Gekko', 'Breach']",5,313,,159.9,0.74,,,0.53,0.4,,,,0%,,17,167,226,126,0,0
bunt,bunt,AG,25949,"['Viper', 'Omen', 'Brimstone', 'Astra']",4,313,,189.9,1.02,,,0.69,0.33,,,,0%,,24,217,212,103,0,0
monk,monk,AG,14431,"['Harbor', 'Breach', 'Viper', 'Skye']",4,313,,185.8,0.89,,,0.65,0.34,,,,0%,,24,203,227,106,0,0
PangH,PangH,NOVA,4727,['Omen'],1,73,,180.0,0.72,,,0.56,0.34,,,,0%,,18,41,57,25,0,0
