match_id,match_title,event,date,format,teams,score,maps_played,patch,pick_ban_info
314301.0,Global Esports vs ZETA DIVISION,Champions Tour 2024: Pacific Stage 1,2024-04-06 04:00:00,Bo3,Global Esports vs ZETA DIVISION,1 - 2,3,Patch 8.05,ZETA ban Breeze; GE ban Bind; ZETA pick Sunset; GE pick Icebox; ZETA ban Split; GE ban Lotus; Ascent remains
314302.0,Team Secret vs DRX,Champions Tour 2024: Pacific Stage 1,2024-04-06 07:00:00,Bo3,Team Secret vs DRX,0 - 2,2,Patch 8.05,TS ban Bind; DRX ban Icebox; TS pick Sunset; DRX pick Lotus; TS ban Split; DRX ban Ascent; Breeze remains
314303.0,BLEED vs TALON,Champions Tour 2024: Pacific Stage 1,2024-04-07 04:00:00,Bo3,BLEED vs TALON,1 - 2,3,Patch 8.05,TLN ban Breeze; BLD ban Ascent; TLN pick Lotus; BLD pick Bind; TLN ban Split; BLD ban Sunset; Icebox remains
314304.0,T1 vs Paper Rex,Champions Tour 2024: Pacific Stage 1,2024-04-07 07:15:00,Bo3,T1 vs Paper Rex,0 - 2,2,Patch 8.05,T1 ban Icebox; PRX ban Breeze; T1 pick Lotus; PRX pick Bind; T1 ban Split; PRX ban Ascent; Sunset remains
314305.0,Team Secret vs Rex Regum Qeon,Champions Tour 2024: Pacific Stage 1,2024-04-08 04:00:00,Bo3,Team Secret vs Rex Regum Qeon,1 - 2,3,Patch 8.05,TS ban Bind; RRQ ban Sunset; TS pick Breeze; RRQ pick Split; TS ban Lotus; RRQ ban Ascent; Icebox remains
314306.0,Global Esports vs DRX,Champions Tour 2024: Pacific Stage 1,2024-04-08 07:20:00,Bo3,Global Esports vs DRX,0 - 2,2,Patch 8.05,GE ban Bind; DRX ban Icebox; GE pick Ascent; DRX pick Lotus; GE ban Sunset; DRX ban Split; Breeze remains
314307.0,Gen.G vs TALON,Champions Tour 2024: Pacific Stage 1,2024-04-09 04:00:00,Bo3,Gen.G vs TALON,2 - 0,2,Patch 8.05,GEN ban Sunset; TLN ban Breeze; GEN pick Lotus; TLN pick Ascent; GEN ban Icebox; TLN ban Split; Bind remains
314308.0,T1 vs DetonatioN FocusMe,Champions Tour 2024: Pacific Stage 1,2024-04-09 06:10:00,Bo3,T1 vs DetonatioN FocusMe,1 - 2,3,Patch 8.05,DFM ban Bind; T1 ban Icebox; DFM pick Ascent; T1 pick Lotus; DFM ban Breeze; T1 ban Split; Sunset remains
314309.0,Gen.G vs Paper Rex,Champions Tour 2024: Pacific Stage 1,2024-04-13 04:00:00,Bo3,Gen.G vs Paper Rex,1 - 2,3,Patch 8.05,GEN ban Sunset; PRX ban Breeze; GEN pick Lotus; PRX pick Icebox; GEN ban Split; PRX ban Ascent; Bind remains
314310.0,T1 vs DRX,Champions Tour 2024: Pacific Stage 1,2024-04-13 07:10:00,Bo3,T1 vs DRX,1 - 2,3,Patch 8.05,T1 ban Icebox; DRX ban Lotus; T1 pick Breeze; DRX pick Split; T1 ban Sunset; DRX ban Ascent; Bind remains
314311.0,Team Secret vs ZETA DIVISION,Champions Tour 2024: Pacific Stage 1,2024-04-14 04:00:00,Bo3,Team Secret vs ZETA DIVISION,2 - 1,3,Patch 8.05,TS ban Bind; ZETA ban Breeze; TS pick Icebox; ZETA pick Lotus; TS ban Ascent; ZETA ban Split; Sunset remains
314312.0,BLEED vs Rex Regum Qeon,Champions Tour 2024: Pacific Stage 1,2024-04-14 07:00:00,Bo3,BLEED vs Rex Regum Qeon,0 - 2,2,Patch 8.05,BLD ban Ascent; RRQ ban Sunset; BLD pick Lotus; RRQ pick Icebox; BLD ban Split; RRQ ban Bind; Breeze remains
314313.0,Gen.G vs DetonatioN FocusMe,Champions Tour 2024: Pacific Stage 1,2024-04-15 04:00:00,Bo3,Gen.G vs DetonatioN FocusMe,2 - 0,2,Patch 8.05,DFM ban Bind; GEN ban Sunset; DFM pick Split; GEN pick Lotus; DFM ban Icebox; GEN ban Ascent; Breeze remains
314314.0,Global Esports vs TALON,Champions Tour 2024: Pacific Stage 1,2024-04-15 06:10:00,Bo3,Global Esports vs TALON,1 - 2,3,Patch 8.05,TLN ban Split; GE ban Bind; TLN pick Icebox; GE pick Breeze; TLN ban Ascent; GE ban Sunset; Lotus remains
314315.0,T1 vs Rex Regum Qeon,Champions Tour 2024: Pacific Stage 1,2024-04-16 04:00:00,Bo3,T1 vs Rex Regum Qeon,2 - 0,2,Patch 8.05,RRQ ban Sunset; T1 ban Icebox; RRQ pick Ascent; T1 pick Lotus; RRQ ban Split; T1 ban Bind; Breeze remains
314316.0,BLEED vs ZETA DIVISION,Champions Tour 2024: Pacific Stage 1,2024-04-16 06:00:00,Bo3,BLEED vs ZETA DIVISION,1 - 2,3,Patch 8.05,BLD ban Icebox; ZETA ban Breeze; BLD pick Sunset; ZETA pick Ascent; BLD ban Split; ZETA ban Bind; Lotus remains
314317.0,Gen.G vs DRX,Champions Tour 2024: Pacific Stage 1,2024-04-20 04:00:00,Bo3,Gen.G vs DRX,1 - 2,3,Patch 8.07,DRX ban Lotus; GEN ban Sunset; DRX pick Bind; GEN pick Ascent; DRX ban Breeze; GEN ban Icebox; Split remains
314318.0,BLEED vs DetonatioN FocusMe,Champions Tour 2024: Pacific Stage 1,2024-04-20 07:15:00,Bo3,BLEED vs DetonatioN FocusMe,2 - 1,3,Patch 8.07,BLD ban Icebox; DFM ban Bind; BLD pick Lotus; DFM pick Split; BLD ban Sunset; DFM ban Breeze; Ascent remains
314319.0,Global Esports vs Rex Regum Qeon,Champions Tour 2024: Pacific Stage 1,2024-04-21 04:00:00,Bo3,Global Esports vs Rex Regum Qeon,2 - 0,2,Patch 8.07,RRQ ban Sunset; GE ban Bind; RRQ pick Lotus; GE pick Icebox; RRQ ban Split; GE ban Breeze; Ascent remains
314320.0,Team Secret vs Paper Rex,Champions Tour 2024: Pacific Stage 1,2024-04-21 07:00:00,Bo3,Team Secret vs Paper Rex,2 - 0,2,Patch 8.07,TS ban Bind; PRX ban Breeze; TS pick Icebox; PRX pick Sunset; TS ban Lotus; PRX ban Ascent; Split remains
314321.0,T1 vs TALON,Champions Tour 2024: Pacific Stage 1,2024-04-22 04:00:00,Bo3,T1 vs TALON,0 - 2,2,Patch 8.07,T1 ban Icebox; TLN ban Breeze; T1 pick Lotus; TLN pick Bind; T1 ban Split; TLN ban Sunset; Ascent remains
314322.0,Gen.G vs ZETA DIVISION,Champions Tour 2024: Pacific Stage 1,2024-04-22 06:15:00,Bo3,Gen.G vs ZETA DIVISION,2 - 0,2,Patch 8.07,ZETA ban Breeze; GEN ban Sunset; ZETA pick Split; GEN pick Ascent; ZETA ban Icebox; GEN ban Bind; Lotus remains
314323.0,Team Secret vs DetonatioN FocusMe,Champions Tour 2024: Pacific Stage 1,2024-04-23 04:00:00,Bo3,Team Secret vs DetonatioN FocusMe,2 - 1,3,Patch 8.07,DFM ban Icebox; TS ban Bind; DFM pick Lotus; TS pick Breeze; DFM ban Ascent; TS ban Split; Sunset remains
314324.0,Global Esports vs Paper Rex,Champions Tour 2024: Pacific Stage 1,2024-04-23 06:50:00,Bo3,Global Esports vs Paper Rex,0 - 2,2,Patch 8.07,PRX ban Breeze; GE ban Bind; PRX pick Sunset; GE pick Icebox; PRX ban Ascent; GE ban Lotus; Split remains
314325.0,BLEED vs Paper Rex,Champions Tour 2024: Pacific Stage 1,2024-04-27 04:00:00,Bo3,BLEED vs Paper Rex,0 - 2,2,Patch 8.07,BLD ban Sunset; PRX ban Breeze; BLD pick Ascent; PRX pick Bind; BLD ban Split; PRX ban Icebox; Lotus remains
,Team 1 vs Team 2,,,,Team 1 vs Team 2,0 - 0,0,,
314327.0,T1 vs ZETA DIVISION,Champions Tour 2024: Pacific Stage 1,2024-04-28 04:00:00,Bo3,T1 vs ZETA DIVISION,2 - 1,3,Patch 8.07,ZETA ban Breeze; T1 ban Icebox; ZETA pick Bind; T1 pick Lotus; ZETA ban Split; T1 ban Ascent; Sunset remains
314328.0,Team Secret vs TALON,Champions Tour 2024: Pacific Stage 1,2024-04-28 07:10:00,Bo3,Team Secret vs TALON,1 - 2,3,Patch 8.07,TS ban Bind; TLN ban Icebox; TS pick Sunset; TLN pick Lotus; TS ban Split; TLN ban Ascent; Breeze remains
314329.0,BLEED vs DRX,Champions Tour 2024: Pacific Stage 1,2024-04-29 04:00:00,Bo3,BLEED vs DRX,0 - 2,2,Patch 8.07,DRX ban Ascent; BLD ban Sunset; DRX pick Bind; BLD pick Breeze; DRX ban Icebox; BLD ban Lotus; Split remains
314330.0,Gen.G vs Rex Regum Qeon,Champions Tour 2024: Pacific Stage 1,2024-04-29 06:05:00,Bo3,Gen.G vs Rex Regum Qeon,1 - 2,3,Patch 8.07,RRQ ban Sunset; GEN ban Icebox; RRQ pick Breeze; GEN pick Ascent; RRQ ban Lotus; GEN ban Bind; Split remains
329907.0,Team Secret vs T1,Champions Tour 2024: Pacific Stage 1,2024-05-03 04:00:00,Bo3,Team Secret vs T1,0 - 2,2,Patch 8.07,T1 ban Icebox; TS ban Bind; T1 pick Lotus; TS pick Sunset; T1 ban Ascent; TS ban Split; Breeze remains
329908.0,Paper Rex vs TALON,Champions Tour 2024: Pacific Stage 1,2024-05-03 06:10:00,Bo3,Paper Rex vs TALON,2 - 1,3,Patch 8.07,TLN ban Split; PRX ban Breeze; TLN pick Lotus; PRX pick Bind; TLN ban Ascent; PRX ban Icebox; Sunset remains
329909.0,Gen.G vs T1,Champions Tour 2024: Pacific Stage 1,2024-05-04 04:00:00,Bo3,Gen.G vs T1,1 - 2,3,Patch 8.07,GEN ban Lotus; T1 ban Icebox; GEN pick Ascent; T1 pick Sunset; GEN ban Bind; T1 ban Split; Breeze remains
329910.0,DRX vs Paper Rex,Champions Tour 2024: Pacific Stage 1,2024-05-04 07:10:00,Bo3,DRX vs Paper Rex,1 - 2,3,Patch 8.07,PRX ban Breeze; DRX ban Sunset; PRX pick Lotus; DRX pick Ascent; PRX ban Icebox; DRX ban Split; Bind remains
329912.0,T1 vs Paper Rex,Champions Tour 2024: Pacific Stage 1,2024-05-05 04:00:00,Bo3,T1 vs Paper Rex,0 - 2,2,Patch 8.07,T1 ban Icebox; PRX ban Breeze; T1 pick Lotus; PRX pick Sunset; T1 ban Bind; PRX ban Ascent; Split remains
329911.0,Gen.G vs DRX,Champions Tour 2024: Pacific Stage 1,2024-05-05 06:00:00,Bo3,Gen.G vs DRX,2 - 1,3,Patch 8.07,DRX ban Lotus; GEN ban Icebox; DRX pick Bind; GEN pick Sunset; DRX ban Breeze; GEN ban Split; Ascent remains
329913.0,T1 vs Gen.G,Champions Tour 2024: Pacific Stage 1,2024-05-11 04:00:00,Bo5,T1 vs Gen.G,0 - 3,3,Patch 8.07,T1 ban Sunset; GEN ban Breeze; T1 pick Lotus; GEN pick Icebox; T1 pick Bind; GEN pick Split; Ascent remains
329914.0,Paper Rex vs Gen.G,Champions Tour 2024: Pacific Stage 1,2024-05-12 04:00:00,Bo5,Paper Rex vs Gen.G,3 - 2,5,Patch 8.07,PRX ban Breeze; PRX ban Ascent; PRX pick Lotus; GEN pick Sunset; PRX pick Icebox; GEN pick Bind; Split remains
