match_id,map_name,map_order,score,winner,duration,picked_by
314301,Sunset,1,1 - 13,ZETA DIVISION,50:44,ZETA DIVISION
314301,Icebox,2,13 - 10,Global Esports,49:39,Global Esports
314301,Ascent,3,8 - 13,ZETA DIVISION,50:21,Decider
314302,Sunset,1,8 - 13,DRX,55:38,Team Secret
314302,Lotus,2,8 - 13,DRX,43:04,DRX
314303,Lotus,1,13 - 9,BLEED,1:07:26,TALON
314303,Bind,2,7 - 13,TALON,46:40,BLEED
314303,Icebox,3,6 - 13,TALON,44:25,Decider
314304,Lotus,1,10 - 13,Paper Rex,1:14:34,T1
314304,Bind,2,12 - 14,Paper Rex,53:12,Paper Rex
314305,Breeze,1,10 - 13,Rex Regum Qeon,1:02:28,Team Secret
314305,Split,2,13 - 6,Team Secret,43:42,Rex Regum Qeon
314305,Icebox,3,12 - 14,Rex Regum Qeon,1:01:08,Decider
314306,Ascent,1,8 - 13,DRX,54:18,Global Esports
314306,Lotus,2,6 - 13,DRX,46:52,DRX
314307,Lotus,1,13 - 9,Gen.G,54:49,Gen.G
314307,Ascent,2,13 - 8,Gen.G,45:05,TALON
314308,Ascent,1,10 - 13,DetonatioN FocusMe,1:01:35,DetonatioN FocusMe
314308,Lotus,2,13 - 5,T1,43:30,T1
314308,Sunset,3,11 - 13,DetonatioN FocusMe,51:41,Decider
314309,Lotus,1,13 - 11,Gen.G,1:05:26,Gen.G
314309,Icebox,2,11 - 13,Paper Rex,46:40,Paper Rex
314309,Bind,3,6 - 13,Paper Rex,41:46,Decider
314310,Breeze,1,13 - 9,T1,53:18,T1
314310,Split,2,5 - 13,DRX,39:20,DRX
314310,Bind,3,6 - 13,DRX,42:03,Decider
314311,Icebox,1,13 - 8,Team Secret,59:07,Team Secret
314311,Lotus,2,6 - 13,ZETA DIVISION,41:51,ZETA DIVISION
314311,Sunset,3,13 - 7,Team Secret,48:17,Decider
314312,Lotus,1,2 - 13,Rex Regum Qeon,43:49,BLEED
314312,Icebox,2,5 - 13,Rex Regum Qeon,42:36,Rex Regum Qeon
314313,Split,1,13 - 8,Gen.G,1:00:31,DetonatioN FocusMe
314313,Lotus,2,13 - 7,Gen.G,47:19,Gen.G
314314,Icebox,1,13 - 4,Global Esports,45:38,TALON
314314,Breeze,2,12 - 14,TALON,1:01:14,Global Esports
314314,Lotus,3,6 - 13,TALON,43:39,Decider
314315,Ascent,1,13 - 6,T1,47:31,Rex Regum Qeon
314315,Lotus,2,13 - 8,T1,45:15,T1
314316,Sunset,1,9 - 13,ZETA DIVISION,56:30,BLEED
314316,Ascent,2,13 - 9,BLEED,49:21,ZETA DIVISION
314316,Lotus,3,8 - 13,ZETA DIVISION,47:40,Decider
314317,Bind,1,10 - 13,DRX,1:08:39,DRX
314317,Ascent,2,13 - 9,Gen.G,49:14,Gen.G
314317,Split,3,7 - 13,DRX,44:30,Decider
314318,Lotus,1,9 - 13,DetonatioN FocusMe,58:48,BLEED
314318,Split,2,13 - 7,BLEED,44:56,DetonatioN FocusMe
314318,Ascent,3,13 - 4,BLEED,42:47,Decider
314319,Lotus,1,13 - 10,Global Esports,1:03:36,Rex Regum Qeon
314319,Icebox,2,13 - 4,Global Esports,39:20,Global Esports
314320,Icebox,1,13 - 9,Team Secret,52:40,Team Secret
314320,Sunset,2,13 - 8,Team Secret,46:10,Paper Rex
314321,Lotus,1,11 - 13,TALON,1:04:52,T1
314321,Bind,2,10 - 13,TALON,43:46,TALON
314322,Split,1,13 - 8,Gen.G,54:17,ZETA DIVISION
314322,Ascent,2,14 - 12,Gen.G,1:02:50,Gen.G
314323,Lotus,1,13 - 4,Team Secret,49:53,DetonatioN FocusMe
314323,Breeze,2,9 - 13,DetonatioN FocusMe,51:52,Team Secret
314323,Sunset,3,13 - 2,Team Secret,37:16,Decider
314324,Sunset,1,4 - 13,Paper Rex,41:53,Paper Rex
314324,Icebox,2,7 - 13,Paper Rex,41:50,Global Esports
314325,Ascent,1,5 - 13,Paper Rex,48:05,BLEED
314325,Bind,2,6 - 13,Paper Rex,42:29,Paper Rex
314327,Bind,1,11 - 13,ZETA DIVISION,1:02:00,ZETA DIVISION
314327,Lotus,2,13 - 9,T1,43:54,T1
314327,Sunset,3,13 - 10,T1,49:36,Decider
314328,Sunset,1,13 - 11,Team Secret,1:00:53,Team Secret
314328,Lotus,2,11 - 13,TALON,56:09,TALON
314328,Breeze,3,10 - 13,TALON,52:49,Decider
314329,Bind,1,9 - 13,DRX,1:02:13,DRX
314329,Breeze,2,4 - 13,DRX,40:37,BLEED
314330,Breeze,1,13 - 3,Gen.G,42:51,Rex Regum Qeon
314330,Ascent,2,11 - 13,Rex Regum Qeon,58:52,Gen.G
314330,Split,3,10 - 13,Rex Regum Qeon,59:20,Decider
329907,Lotus,1,7 - 13,T1,51:57,T1
329907,Sunset,2,11 - 13,T1,48:52,Team Secret
329908,Lotus,1,13 - 0,Paper Rex,32:57,TALON
329908,Sunset,2,13 - 9,Paper Rex,48:57,Decider
329908,Bind,3,7 - 13,TALON,43:47,Decider
329909,Ascent,1,9 - 13,T1,1:02:04,Gen.G
329909,Sunset,2,13 - 8,Gen.G,42:54,T1
329909,Breeze,3,7 - 13,T1,45:28,Decider
329910,Lotus,1,6 - 13,Paper Rex,41:45,Paper Rex
329910,Ascent,2,13 - 10,DRX,48:53,DRX
329910,Bind,3,6 - 13,Paper Rex,39:44,Decider
329912,Lotus,1,3 - 13,Paper Rex,58:46,T1
329912,Sunset,2,5 - 13,Paper Rex,35:05,Paper Rex
329911,Bind,1,8 - 13,DRX,55:20,DRX
329911,Sunset,2,13 - 11,Gen.G,53:23,Gen.G
329911,Ascent,3,13 - 8,Gen.G,53:16,Decider
329913,Lotus,1,2 - 13,Gen.G,42:10,T1
329913,Icebox,2,11 - 13,Gen.G,45:46,Gen.G
329913,Bind,3,9 - 13,Gen.G,48:26,T1
329914,Lotus,1,9 - 13,Gen.G,1:03:03,Paper Rex
329914,Sunset,2,13 - 9,Paper Rex,45:51,Gen.G
329914,Icebox,3,13 - 11,Paper Rex,52:44,Paper Rex
329914,Bind,4,9 - 13,Gen.G,45:57,Gen.G
329914,Split,5,13 - 8,Paper Rex,45:13,Decider
