match_id,match_title,event,date,format,teams,score,maps_played,patch,pick_ban_info
298687,Trace Esports vs TYLOO,Champions Tour 2024: China Kickoff,2024-02-22 04:00:00,Bo3,Trace Esports vs TYLOO,2 - 0,2,,TYL ban Lotus; TE ban Icebox; TYL pick Ascent; TE pick Sunset; TYL ban Breeze; TE ban Bind; Split remains
298688,FunPlus Phoenix vs Nova Esports,Champions Tour 2024: China Kickoff,2024-02-22 06:05:00,Bo3,FunPlus Phoenix vs Nova Esports,2 - 0,2,,NOVA ban Breeze; FPX ban Ascent; NOVA pick Sunset; FPX pick Lotus; NOVA ban Icebox; FPX ban Split; Bind remains
298692,JDG Esports vs Titan Esports Club,Champions Tour 2024: China Kickoff,2024-02-23 02:00:00,Bo3,JDG Esports vs Titan Esports Club,0 - 2,2,,JDG ban Breeze; TEC ban Sunset; JDG pick Lotus; TEC pick Bind; JDG ban Ascent; TEC ban Icebox; Split remains
298693,Dragon Ranger Gaming vs All Gamers,Champions Tour 2024: China Kickoff,2024-02-23 04:55:00,Bo3,Dragon Ranger Gaming vs All Gamers,2 - 0,2,,AG ban Lotus; DRG ban Breeze; AG pick Sunset; DRG pick Ascent; AG ban Bind; DRG ban Split; Icebox remains
298697,Bilibili Gaming vs Wolves Esports,Champions Tour 2024: China Kickoff,2024-02-23 07:05:00,Bo3,Bilibili Gaming vs Wolves Esports,0 - 2,2,,BLG ban Breeze; WOL ban Lotus; BLG pick Ascent; WOL pick Icebox; BLG ban Bind; WOL ban Sunset; Split remains
298690,TYLOO vs Nova Esports,Champions Tour 2024: China Kickoff,2024-02-24 04:00:00,Bo3,TYLOO vs Nova Esports,0 - 2,2,,TYL ban Sunset; NOVA ban Breeze; TYL pick Ascent; NOVA pick Split; TYL ban Lotus; NOVA ban Icebox; Bind remains
298695,JDG Esports vs All Gamers,Champions Tour 2024: China Kickoff,2024-02-24 06:25:00,Bo3,JDG Esports vs All Gamers,2 - 0,2,,AG ban Lotus; JDG ban Breeze; AG pick Icebox; JDG pick Sunset; AG ban Ascent; JDG ban Bind; Split remains
298689,Trace Esports vs FunPlus Phoenix,Champions Tour 2024: China Kickoff,2024-02-25 02:00:00,Bo3,Trace Esports vs FunPlus Phoenix,1 - 2,3,,FPX ban Ascent; TE ban Icebox; FPX pick Sunset; TE pick Bind; FPX ban Split; TE ban Breeze; Lotus remains
298694,Titan Esports Club vs Dragon Ranger Gaming,Champions Tour 2024: China Kickoff,2024-02-25 05:30:00,Bo3,Titan Esports Club vs Dragon Ranger Gaming,1 - 2,3,,DRG ban Lotus; TEC ban Ascent; DRG pick Icebox; TEC pick Split; DRG ban Breeze; TEC ban Sunset; Bind remains
298698,Wolves Esports vs EDward Gaming,Champions Tour 2024: China Kickoff,2024-02-25 09:00:00,Bo3,Wolves Esports vs EDward Gaming,1 - 2,3,,EDG ban Icebox; WOL ban Sunset; EDG pick Bind; WOL pick Ascent; EDG ban Lotus; WOL ban Split; Breeze remains
298691,Trace Esports vs Nova Esports,Champions Tour 2024: China Kickoff,2024-02-26 02:00:00,Bo3,Trace Esports vs Nova Esports,2 - 0,2,,NOVA ban Breeze; TE ban Icebox; NOVA pick Split; TE pick Lotus; NOVA ban Bind; TE ban Ascent; Sunset remains
298696,Titan Esports Club vs JDG Esports,Champions Tour 2024: China Kickoff,2024-02-26 04:05:00,Bo3,Titan Esports Club vs JDG Esports,2 - 1,3,,JDG ban Breeze; TEC ban Sunset; JDG pick Bind; TEC pick Icebox; JDG ban Ascent; TEC ban Split; Lotus remains
298699,Wolves Esports vs Bilibili Gaming,Champions Tour 2024: China Kickoff,2024-02-26 07:40:00,Bo3,Wolves Esports vs Bilibili Gaming,0 - 2,2,,BLG ban Breeze; WOL ban Lotus; BLG pick Sunset; WOL pick Icebox; BLG ban Ascent; WOL ban Split; Bind remains
298830,Trace Esports vs Titan Esports Club,Champions Tour 2024: China Kickoff,2024-02-27 02:00:00,Bo3,Trace Esports vs Titan Esports Club,2 - 1,3,,TEC ban Sunset; TE ban Icebox; TEC pick Breeze; TE pick Lotus; TEC ban Bind; TE ban Ascent; Split remains
298831,Bilibili Gaming vs Titan Esports Club,Champions Tour 2024: China Kickoff,2024-02-27 05:35:00,Bo3,Bilibili Gaming vs Titan Esports Club,2 - 0,2,,TEC ban Bind; BLG ban Breeze; TEC pick Lotus; BLG pick Ascent; TEC ban Sunset; BLG ban Split; Icebox remains
298832,Bilibili Gaming vs Trace Esports,Champions Tour 2024: China Kickoff,2024-02-27 07:35:00,Bo3,Bilibili Gaming vs Trace Esports,1 - 2,3,,TE ban Icebox; BLG ban Ascent; TE pick Lotus; BLG pick Sunset; TE ban Breeze; BLG ban Split; Bind remains
298833,FunPlus Phoenix vs Dragon Ranger Gaming,Champions Tour 2024: China Kickoff,2024-03-01 04:00:00,Bo3,FunPlus Phoenix vs Dragon Ranger Gaming,2 - 0,2,,DRG ban Lotus; FPX ban Bind; DRG pick Ascent; FPX pick Breeze; DRG ban Split; FPX ban Icebox; Sunset remains
298834,EDward Gaming vs Trace Esports,Champions Tour 2024: China Kickoff,2024-03-01 06:15:00,Bo3,EDward Gaming vs Trace Esports,2 - 0,2,,TE ban Icebox; EDG ban Lotus; TE pick Sunset; EDG pick Bind; TE ban Split; EDG ban Ascent; Breeze remains
298835,FunPlus Phoenix vs EDward Gaming,Champions Tour 2024: China Kickoff,2024-03-02 04:00:00,Bo5,FunPlus Phoenix vs EDward Gaming,1 - 3,4,,FPX ban Bind; EDG ban Lotus; FPX pick Breeze; EDG pick Split; FPX pick Icebox; EDG pick Ascent; Sunset remains
