Match ID,Map,Player,Team,Agent,2K,3K,4K,5K,1v1,1v2,1v3,1v4,1v5,ECON,PL,DE
353153,Split,cNed,FUT,Raze,2,1,1,0,0,0,0,0,0,70,0,0
353153,Split,qRaxs,FUT,Gekko,0,4,0,0,0,0,0,0,0,75,3,2
353153,Split,AtaKaptan,FUT,Omen,3,0,0,0,0,0,0,0,0,45,2,0
353153,Split,MrFaliN,FUT,Breach,2,0,0,0,0,0,0,0,0,57,2,0
353153,Split,yetujey,FUT,Cypher,4,0,0,0,0,0,0,0,0,68,0,0
353153,Split,ShadoW,MKOI,Fade,3,0,0,0,0,0,0,0,0,25,5,1
353153,Split,starxo,MKOI,Yoru,2,0,0,0,0,0,0,0,0,29,0,1
353153,Split,sheydos,MKOI,Viper,2,0,0,0,0,0,0,0,0,37,0,0
353153,Split,grubinho,MKOI,Omen,2,0,0,0,0,0,0,0,0,44,0,0
353153,Split,kamo,MKOI,Raze,1,2,1,0,0,0,0,0,0,71,1,0
353153,Lotus,cNed,FUT,Jett,4,1,0,0,0,0,0,0,0,67,2,0
353153,Lotus,qRaxs,FUT,Breach,4,1,0,0,0,0,0,0,0,61,0,1
353153,Lotus,AtaKaptan,FUT,Viper,3,0,0,0,0,0,0,0,0,55,1,1
353153,Lotus,MrFaliN,FUT,Omen,2,0,0,0,0,0,0,0,0,36,3,0
353153,Lotus,yetujey,FUT,Cypher,1,0,0,0,0,0,0,0,0,33,0,0
353153,Lotus,ShadoW,MKOI,Fade,4,0,0,0,0,1,0,0,0,55,8,2
353153,Lotus,starxo,MKOI,Yoru,1,1,0,0,0,0,0,0,0,33,0,0
353153,Lotus,sheydos,MKOI,Cypher,9,1,0,0,1,0,0,0,0,75,0,0
353153,Lotus,grubinho,MKOI,Omen,4,0,0,0,0,0,0,0,0,54,1,0
353153,Lotus,kamo,MKOI,Neon,2,2,0,0,0,0,0,0,0,50,1,0
353153,Sunset,cNed,FUT,Raze,3,0,0,0,0,0,0,0,0,38,2,0
353153,Sunset,qRaxs,FUT,Gekko,2,0,1,0,0,1,0,0,0,66,6,0
353153,Sunset,AtaKaptan,FUT,Omen,4,1,0,0,0,0,0,0,0,67,1,1
353153,Sunset,MrFaliN,FUT,Breach,1,0,0,0,0,0,0,0,0,45,3,0
353153,Sunset,yetujey,FUT,Cypher,2,1,0,0,0,0,0,0,0,51,0,0
353153,Sunset,ShadoW,MKOI,Gekko,3,1,0,0,0,0,0,0,0,56,3,1
353153,Sunset,starxo,MKOI,Kayo,2,0,0,0,1,0,0,0,0,45,0,0
353153,Sunset,sheydos,MKOI,Cypher,2,0,0,0,0,0,0,0,0,33,0,1
353153,Sunset,grubinho,MKOI,Omen,3,0,0,0,0,0,0,0,0,51,1,0
353153,Sunset,kamo,MKOI,Neon,1,2,0,0,0,0,0,0,0,42,0,0
353154,Ascent,pAura,BBL,Kayo,1,3,0,0,0,0,1,0,0,63,3,0
353154,Ascent,Brave,BBL,Omen,2,0,0,0,0,0,0,0,0,39,1,0
353154,Ascent,reazy,BBL,Sova,1,0,0,0,0,0,0,0,0,52,2,0
353154,Ascent,QutionerX,BBL,Jett,6,2,0,0,0,0,0,0,0,79,0,0
353154,Ascent,Elite,BBL,Cypher,3,0,0,0,0,0,0,0,0,30,0,0
353154,Ascent,Boaster,FNC,Omen,1,0,0,0,0,0,0,0,0,30,1,0
353154,Ascent,Chronicle,FNC,Deadlock,3,2,0,0,1,1,1,0,0,52,1,1
353154,Ascent,Derke,FNC,Jett,3,2,1,0,0,0,0,0,0,84,0,0
353154,Ascent,Alfajer,FNC,Cypher,2,2,0,0,1,0,0,0,0,39,2,0
353154,Ascent,hiro,FNC,Sova,5,1,0,0,0,0,0,0,0,55,2,0
353154,Bind,pAura,BBL,Gekko,7,0,0,0,0,0,0,0,0,54,5,0
353154,Bind,Brave,BBL,Brimstone,3,1,0,0,0,0,0,0,0,49,2,1
353154,Bind,reazy,BBL,Fade,3,0,0,0,0,0,0,0,0,30,2,0
353154,Bind,QutionerX,BBL,Raze,4,1,0,0,0,1,0,0,0,45,1,1
353154,Bind,Elite,BBL,Viper,5,1,0,0,1,0,0,0,0,66,0,1
353154,Bind,Boaster,FNC,Brimstone,1,1,0,0,0,0,0,0,0,38,0,1
353154,Bind,Chronicle,FNC,Skye,2,1,0,0,1,0,0,0,0,48,1,1
353154,Bind,Derke,FNC,Raze,2,1,1,1,0,0,0,0,0,65,0,1
353154,Bind,Alfajer,FNC,Viper,1,0,0,1,0,0,0,0,0,40,0,0
353154,Bind,hiro,FNC,Gekko,0,1,0,0,0,1,0,0,0,44,6,2
353154,Lotus,pAura,BBL,Breach,0,0,0,0,0,0,0,0,0,46,0,0
353154,Lotus,Brave,BBL,Omen,5,1,0,0,1,0,1,0,0,50,1,1
353154,Lotus,reazy,BBL,Fade,2,0,0,0,0,0,0,0,0,34,3,1
353154,Lotus,QutionerX,BBL,Raze,5,2,1,0,0,0,0,0,0,61,1,1
353154,Lotus,Elite,BBL,Cypher,3,1,0,0,1,0,0,0,0,37,1,0
353154,Lotus,Boaster,FNC,Omen,0,1,0,0,0,0,0,0,0,25,1,0
353154,Lotus,Chronicle,FNC,Viper,3,1,1,0,0,2,0,0,0,69,2,1
353154,Lotus,Derke,FNC,Raze,2,3,0,0,0,0,0,0,0,71,0,1
353154,Lotus,Alfajer,FNC,Killjoy,2,2,0,0,0,0,0,0,0,57,0,0
353154,Lotus,hiro,FNC,Fade,5,0,0,0,1,0,0,0,0,55,4,1
353155,Sunset,Boo,TH,Omen,1,2,0,0,3,0,0,0,0,103,0,3
353155,Sunset,RieNs,TH,Sova,2,1,0,0,0,0,0,0,0,66,1,0
353155,Sunset,MiniBoo,TH,Neon,0,0,1,0,0,0,0,0,0,53,0,0
353155,Sunset,Wo0t,TH,Kayo,3,3,1,0,0,0,0,0,0,131,2,2
353155,Sunset,benjyfishy,TH,Cypher,1,0,0,0,0,0,0,0,0,35,0,0
353155,Sunset,Zyppan,NAVI,Kayo,2,1,0,0,0,0,0,0,0,26,2,0
353155,Sunset,ardiis,NAVI,Jett,1,0,0,0,0,0,0,0,0,32,0,0
353155,Sunset,ANGE1,NAVI,Sova,1,1,0,0,0,0,0,0,0,40,1,0
353155,Sunset,Shao,NAVI,Omen,2,0,0,0,0,1,0,0,0,45,3,1
353155,Sunset,SUYGETSU,NAVI,Cypher,1,1,1,0,1,0,0,0,0,66,0,0
353155,Bind,Boo,TH,Brimstone,1,1,0,0,0,0,0,0,0,54,1,1
353155,Bind,RieNs,TH,Gekko,3,0,0,0,0,0,0,0,0,56,8,0
353155,Bind,MiniBoo,TH,Raze,1,0,0,1,0,0,0,0,0,62,0,0
353155,Bind,Wo0t,TH,Fade,5,3,0,0,0,0,0,0,0,92,0,0
353155,Bind,benjyfishy,TH,Viper,1,2,1,0,1,0,0,0,0,66,1,0
353155,Bind,Zyppan,NAVI,Gekko,2,1,0,0,0,0,0,0,0,59,2,0
353155,Bind,ardiis,NAVI,Raze,1,0,0,0,1,0,0,0,0,53,0,1
353155,Bind,ANGE1,NAVI,Fade,2,0,0,0,0,0,0,0,0,32,1,1
353155,Bind,Shao,NAVI,Brimstone,2,1,0,0,0,0,0,0,0,42,0,0
353155,Bind,SUYGETSU,NAVI,Viper,1,0,0,0,0,0,0,0,0,52,0,0
353157,Split,Fit1nho,GX,Raze,0,0,0,0,0,0,0,0,0,43,0,0
353157,Split,Redgar,GX,Omen,1,0,0,0,0,0,0,0,0,27,0,0
353157,Split,purp0,GX,Jett,1,1,0,0,0,1,0,0,0,47,0,0
353157,Split,hoody,GX,Killjoy,0,0,0,0,0,0,0,0,0,40,0,0
353157,Split,Cloud,GX,Breach,1,0,0,0,0,0,0,0,0,59,0,0
353157,Split,beyAz,M8,Breach,1,0,0,0,0,0,0,0,0,55,5,0
353157,Split,TakaS,M8,Yoru,3,1,0,0,1,0,0,0,0,57,1,0
353157,Split,nataNk,M8,Raze,5,0,1,0,0,0,1,0,0,83,1,0
353157,Split,Wailers,M8,Omen,3,1,0,0,0,0,0,0,0,52,4,0
353157,Split,Kada,M8,Cypher,2,2,0,0,0,0,0,0,0,83,0,0
353157,Sunset,Fit1nho,GX,Breach,0,0,0,0,0,0,0,0,0,33,1,0
353157,Sunset,Redgar,GX,Omen,4,0,0,0,0,0,0,0,0,38,1,0
353157,Sunset,purp0,GX,Raze,4,0,1,0,0,0,0,0,0,50,1,0
353157,Sunset,hoody,GX,Cypher,3,3,0,0,0,0,0,0,0,67,0,0
353157,Sunset,Cloud,GX,Gekko,2,0,1,0,0,0,0,0,0,60,5,0
353157,Sunset,beyAz,M8,Kayo,1,1,0,0,0,0,0,0,0,35,1,1
353157,Sunset,TakaS,M8,Neon,0,2,0,0,0,0,0,0,0,22,0,1
353157,Sunset,nataNk,M8,Sova,4,0,0,0,0,0,0,0,0,57,1,0
353157,Sunset,Wailers,M8,Cypher,4,2,0,0,0,1,0,0,0,61,1,0
353157,Sunset,Kada,M8,Omen,4,3,0,0,0,1,0,0,0,74,3,1
353157,Breeze,Fit1nho,GX,Yoru,5,3,1,0,1,0,0,0,0,82,0,1
353157,Breeze,Redgar,GX,Cypher,3,1,0,0,0,0,0,0,0,53,2,1
353157,Breeze,purp0,GX,Jett,3,1,1,0,0,0,0,0,0,68,0,0
353157,Breeze,hoody,GX,Viper,1,0,0,0,0,0,0,0,0,33,1,0
353157,Breeze,Cloud,GX,Sova,1,0,0,0,0,0,0,0,0,37,4,1
353157,Breeze,beyAz,M8,Sova,1,1,0,0,0,0,0,0,0,47,4,1
353157,Breeze,TakaS,M8,Yoru,1,1,0,0,0,0,0,0,0,33,1,0
353157,Breeze,nataNk,M8,Kayo,3,2,0,0,1,0,0,0,0,50,2,0
353157,Breeze,Wailers,M8,Cypher,3,0,0,0,0,0,0,0,0,37,0,0
353157,Breeze,Kada,M8,Viper,5,1,0,0,0,0,0,0,0,53,0,1
353156,Lotus,Sayf,VIT,Neon,3,3,0,0,0,0,0,0,0,83,0,0
353156,Lotus,trexx,VIT,Fade,4,2,0,0,0,0,0,0,0,60,1,2
353156,Lotus,ceNder,VIT,Omen,4,0,0,0,0,0,0,0,0,46,0,0
353156,Lotus,Kicks,VIT,Gekko,4,1,0,0,0,0,0,0,0,42,10,0
353156,Lotus,runneR,VIT,Cypher,4,0,0,0,0,0,0,0,0,48,0,0
353156,Lotus,Enzo,TL,Fade,3,1,0,0,1,0,0,0,0,45,7,2
353156,Lotus,nAts,TL,Cypher,3,1,0,0,0,0,0,0,0,54,0,1
353156,Lotus,Mistic,TL,Omen,1,1,0,0,1,0,0,0,0,46,1,0
353156,Lotus,Jamppi,TL,Yoru,4,0,0,0,0,0,0,0,0,44,0,0
353156,Lotus,Keiko,TL,Raze,1,0,0,0,1,0,0,0,0,24,0,0
353156,Icebox,Sayf,VIT,Jett,3,1,0,1,0,1,0,0,0,44,0,0
353156,Icebox,trexx,VIT,Sova,3,1,0,0,1,0,0,0,0,51,1,0
353156,Icebox,ceNder,VIT,Viper,4,3,1,0,1,0,1,0,0,59,0,1
353156,Icebox,Kicks,VIT,Gekko,2,0,0,0,0,0,0,0,0,25,9,0
353156,Icebox,runneR,VIT,Killjoy,2,2,0,0,1,1,0,0,0,54,2,0
353156,Icebox,Enzo,TL,Sova,5,1,0,0,0,1,0,0,0,56,2,0
353156,Icebox,nAts,TL,Viper,6,2,0,0,0,0,0,0,0,55,0,0
353156,Icebox,Mistic,TL,Sage,2,1,0,0,0,0,0,0,0,21,8,0
353156,Icebox,Jamppi,TL,Killjoy,4,0,0,0,0,0,0,0,0,42,2,1
353156,Icebox,Keiko,TL,Jett,5,2,0,0,0,0,0,0,0,47,0,0
353159,Lotus,pAura,BBL,Breach,0,1,0,0,0,0,0,0,0,31,3,1
353159,Lotus,Brave,BBL,Omen,2,0,0,0,0,0,0,0,0,40,0,0
353159,Lotus,reazy,BBL,Fade,3,1,0,0,0,1,0,0,0,51,0,1
353159,Lotus,QutionerX,BBL,Raze,1,1,0,0,0,0,0,0,0,53,0,0
353159,Lotus,Elite,BBL,Cypher,0,1,1,0,0,0,0,0,0,47,0,1
353159,Lotus,MAGNUM,KC,Sova,2,2,0,0,1,0,0,0,0,56,0,1
353159,Lotus,sh1n,KC,Omen,1,0,0,0,0,0,0,0,0,37,4,0
353159,Lotus,marteen,KC,Yoru,3,0,0,0,0,0,0,0,0,38,0,1
353159,Lotus,tomaszy,KC,Cypher,4,1,0,0,1,0,0,0,0,60,1,1
353159,Lotus,N4RRATE,KC,Fade,4,3,0,0,0,0,0,0,0,94,4,0
353159,Sunset,pAura,BBL,Breach,0,1,0,0,0,0,0,0,0,42,0,0
353159,Sunset,Brave,BBL,Omen,0,1,0,0,0,0,0,0,0,32,0,0
353159,Sunset,reazy,BBL,Gekko,2,0,0,0,1,0,0,0,0,44,2,0
353159,Sunset,QutionerX,BBL,Raze,1,1,0,0,0,0,0,0,0,45,0,0
353159,Sunset,Elite,BBL,Cypher,5,1,0,0,0,0,0,0,0,51,1,0
353159,Sunset,MAGNUM,KC,Breach,2,1,0,0,1,0,1,0,0,54,3,0
353159,Sunset,sh1n,KC,Omen,3,0,0,1,1,0,0,0,0,90,5,0
353159,Sunset,marteen,KC,Raze,3,1,0,1,1,0,0,0,0,87,1,0
353159,Sunset,tomaszy,KC,Cypher,3,0,0,0,0,0,0,0,0,62,0,0
353159,Sunset,N4RRATE,KC,Jett,2,1,0,0,0,0,0,0,0,49,0,0
353158,Ascent,Zyppan,NAVI,Kayo,7,1,0,0,0,0,0,0,0,67,3,1
353158,Ascent,ardiis,NAVI,Jett,4,2,2,0,0,0,0,0,0,71,1,0
353158,Ascent,ANGE1,NAVI,Sova,2,2,0,0,0,0,0,0,0,48,3,0
353158,Ascent,Shao,NAVI,Omen,2,0,0,0,0,0,0,0,0,61,0,0
353158,Ascent,SUYGETSU,NAVI,Cypher,2,0,0,0,0,0,0,0,0,27,1,0
353158,Ascent,cNed,FUT,Jett,2,0,1,0,0,0,0,0,0,46,1,0
353158,Ascent,qRaxs,FUT,Kayo,5,0,0,0,0,0,0,0,0,53,1,0
353158,Ascent,AtaKaptan,FUT,Omen,1,1,0,0,0,0,0,0,0,44,1,0
353158,Ascent,MrFaliN,FUT,Sova,4,0,0,0,1,0,0,0,0,58,5,0
353158,Ascent,yetujey,FUT,Killjoy,3,2,0,0,0,2,0,0,0,60,0,2
353158,Lotus,Zyppan,NAVI,Breach,1,2,0,0,0,0,0,0,0,68,8,0
353158,Lotus,ardiis,NAVI,Jett,2,0,0,0,0,0,0,0,0,29,0,0
353158,Lotus,ANGE1,NAVI,Sova,1,0,0,0,0,0,0,0,0,30,0,0
353158,Lotus,Shao,NAVI,Omen,1,0,0,0,0,0,0,0,0,36,1,0
353158,Lotus,SUYGETSU,NAVI,Cypher,3,1,0,0,1,0,0,0,0,96,1,0
353158,Lotus,cNed,FUT,Jett,5,4,0,0,0,0,0,0,0,90,0,2
353158,Lotus,qRaxs,FUT,Breach,2,0,1,0,0,0,0,0,0,55,2,1
353158,Lotus,AtaKaptan,FUT,Viper,1,1,0,0,0,1,0,0,0,37,0,0
353158,Lotus,MrFaliN,FUT,Omen,3,0,1,0,0,0,0,0,0,80,3,1
353158,Lotus,yetujey,FUT,Cypher,1,1,0,0,0,0,0,0,0,42,0,1
353202,Sunset,ShadoW,MKOI,Sova,2,1,0,0,0,0,0,0,0,29,7,0
353202,Sunset,starxo,MKOI,Kayo,3,0,0,0,0,0,0,0,0,66,1,1
353202,Sunset,sheydos,MKOI,Cypher,3,1,0,0,0,0,0,0,0,66,0,1
353202,Sunset,grubinho,MKOI,Omen,5,1,0,0,0,0,0,0,0,71,1,0
353202,Sunset,kamo,MKOI,Raze,3,2,1,0,0,0,1,0,0,81,0,1
353202,Sunset,Fit1nho,GX,Breach,1,1,0,0,0,0,0,0,0,41,1,1
353202,Sunset,Redgar,GX,Omen,1,0,0,0,1,0,0,1,0,31,0,1
353202,Sunset,purp0,GX,Raze,1,0,0,0,0,0,0,0,0,36,0,1
353202,Sunset,hoody,GX,Cypher,4,0,0,0,0,0,0,0,0,65,0,0
353202,Sunset,Cloud,GX,Gekko,0,0,0,0,0,0,0,0,0,30,3,0
353202,Icebox,ShadoW,MKOI,Gekko,2,1,0,0,1,0,0,0,0,37,12,2
353202,Icebox,starxo,MKOI,Kayo,4,1,0,0,0,0,0,0,0,47,0,0
353202,Icebox,sheydos,MKOI,Killjoy,1,3,0,0,0,0,0,0,0,53,0,0
353202,Icebox,grubinho,MKOI,Viper,9,0,0,0,0,0,0,0,0,61,0,1
353202,Icebox,kamo,MKOI,Jett,4,1,1,1,0,0,0,0,0,66,0,0
353202,Icebox,Fit1nho,GX,Killjoy,3,0,0,0,1,1,0,0,0,43,0,0
353202,Icebox,Redgar,GX,Sage,1,0,0,0,0,0,0,0,0,13,6,1
353202,Icebox,purp0,GX,Jett,2,0,2,0,1,0,0,0,0,67,0,1
353202,Icebox,hoody,GX,Viper,1,1,0,0,0,0,0,0,0,32,1,1
353202,Icebox,Cloud,GX,Sova,5,0,1,0,1,0,0,0,0,59,3,1
353161,Sunset,Boo,TH,Omen,2,0,0,0,1,0,0,0,0,36,5,0
353161,Sunset,RieNs,TH,Sova,2,1,3,1,2,1,0,0,0,87,4,2
353161,Sunset,MiniBoo,TH,Neon,2,3,0,0,0,0,0,0,0,50,0,0
353161,Sunset,Wo0t,TH,Kayo,2,0,1,0,0,0,0,0,0,64,1,1
353161,Sunset,benjyfishy,TH,Cypher,3,0,0,0,0,0,0,0,0,30,0,0
353161,Sunset,cNed,FUT,Raze,4,1,1,0,0,0,0,0,0,79,0,1
353161,Sunset,qRaxs,FUT,Gekko,1,1,0,0,0,0,0,0,0,47,5,1
353161,Sunset,AtaKaptan,FUT,Omen,1,0,0,0,0,0,0,0,0,34,1,0
353161,Sunset,MrFaliN,FUT,Breach,4,0,1,0,1,0,0,0,0,50,3,0
353161,Sunset,yetujey,FUT,Cypher,1,4,0,0,0,0,2,0,0,57,0,1
353161,Split,Boo,TH,Omen,3,1,0,0,0,1,0,0,0,73,1,1
353161,Split,RieNs,TH,Breach,1,0,0,0,0,0,0,0,0,43,1,1
353161,Split,MiniBoo,TH,Neon,3,1,0,0,0,0,0,0,0,64,1,1
353161,Split,Wo0t,TH,Iso,5,2,0,0,0,0,0,0,0,94,1,0
353161,Split,benjyfishy,TH,Cypher,2,2,0,0,0,0,0,0,0,58,0,0
353161,Split,cNed,FUT,Raze,4,0,0,0,1,0,0,0,0,46,0,0
353161,Split,qRaxs,FUT,Gekko,1,0,0,0,0,0,0,0,0,38,1,0
353161,Split,AtaKaptan,FUT,Omen,2,0,0,0,0,0,0,0,0,50,2,0
353161,Split,MrFaliN,FUT,Breach,3,0,0,0,0,1,0,0,0,42,2,0
353161,Split,yetujey,FUT,Cypher,2,0,0,0,0,0,0,0,0,49,1,0
353160,Haven,Boaster,FNC,Omen,1,1,0,0,0,1,0,0,0,48,3,1
353160,Haven,Chronicle,FNC,Sova,4,0,0,0,0,0,0,0,0,78,1,1
353160,Haven,Derke,FNC,Yoru,2,0,0,0,0,0,0,0,0,31,1,0
353160,Haven,Alfajer,FNC,Iso,4,3,0,0,1,0,0,0,0,101,3,0
353160,Haven,hiro,FNC,Cypher,4,2,0,0,0,0,1,0,0,48,1,0
353160,Haven,Sayf,VIT,Iso,3,1,0,0,0,0,0,0,0,45,0,0
353160,Haven,trexx,VIT,Sova,2,0,0,0,0,0,0,0,0,61,3,1
353160,Haven,ceNder,VIT,Omen,3,0,0,0,0,0,0,0,0,44,1,0
353160,Haven,Kicks,VIT,Killjoy,1,1,0,0,0,0,0,0,0,49,1,0
353160,Haven,runneR,VIT,Neon,1,0,0,0,0,0,0,0,0,41,0,0
353160,Icebox,Boaster,FNC,Viper,0,0,0,0,0,0,0,0,0,26,1,0
353160,Icebox,Chronicle,FNC,Sova,2,2,0,0,0,0,0,0,0,68,0,0
353160,Icebox,Derke,FNC,Reyna,4,0,0,0,0,0,0,0,0,48,0,0
353160,Icebox,Alfajer,FNC,Killjoy,2,1,0,0,0,0,0,0,0,50,0,1
353160,Icebox,hiro,FNC,Gekko,1,0,0,0,0,0,0,0,0,28,5,1
353160,Icebox,Sayf,VIT,Iso,2,1,0,0,0,0,0,0,0,42,0,0
353160,Icebox,trexx,VIT,Sova,3,1,0,0,0,0,0,0,0,72,1,2
353160,Icebox,ceNder,VIT,Viper,5,2,0,0,0,1,0,0,0,78,0,1
353160,Icebox,Kicks,VIT,Gekko,0,1,0,0,0,0,0,0,0,52,5,0
353160,Icebox,runneR,VIT,Killjoy,5,0,0,0,1,0,0,0,0,66,0,0
353160,Lotus,Boaster,FNC,Omen,2,0,0,0,0,0,0,0,0,62,0,0
353160,Lotus,Chronicle,FNC,Viper,2,0,0,0,0,0,0,0,0,56,0,0
353160,Lotus,Derke,FNC,Raze,3,4,0,0,0,0,0,0,0,73,1,2
353160,Lotus,Alfajer,FNC,Killjoy,3,0,1,0,0,0,0,0,0,65,0,0
353160,Lotus,hiro,FNC,Fade,3,1,0,0,0,0,0,0,0,45,10,0
353160,Lotus,Sayf,VIT,Neon,2,1,0,0,1,0,0,0,0,42,0,0
353160,Lotus,trexx,VIT,Fade,5,2,0,0,0,0,0,0,0,62,0,0
353160,Lotus,ceNder,VIT,Omen,2,0,0,0,0,0,0,0,0,29,0,0
353160,Lotus,Kicks,VIT,Gekko,1,0,0,0,0,0,0,0,0,28,4,2
353160,Lotus,runneR,VIT,Cypher,0,1,1,0,1,0,0,0,0,62,0,1
353162,Lotus,pAura,BBL,Breach,0,1,0,1,1,0,0,0,0,54,4,0
353162,Lotus,Brave,BBL,Omen,4,1,0,0,1,0,0,0,0,59,1,1
353162,Lotus,reazy,BBL,Fade,3,2,0,0,0,0,0,0,0,53,0,0
353162,Lotus,QutionerX,BBL,Neon,3,0,0,0,0,0,0,0,0,61,0,0
353162,Lotus,Elite,BBL,Cypher,5,0,0,0,0,0,0,0,0,80,1,0
353162,Lotus,Enzo,TL,Fade,2,0,0,0,0,0,0,0,0,33,5,0
353162,Lotus,nAts,TL,Cypher,2,1,0,0,0,0,0,0,0,61,1,0
353162,Lotus,Mistic,TL,Omen,1,1,0,0,1,0,0,0,0,38,0,1
353162,Lotus,Jamppi,TL,Breach,4,1,0,0,0,0,1,0,0,62,0,0
353162,Lotus,Keiko,TL,Raze,1,2,0,0,0,0,0,0,0,38,0,0
353162,Ascent,pAura,BBL,Kayo,1,0,0,0,0,0,0,0,0,40,4,0
353162,Ascent,Brave,BBL,Omen,4,2,0,0,0,0,1,0,0,85,1,0
353162,Ascent,reazy,BBL,Sova,2,0,0,0,0,0,0,0,0,41,0,0
353162,Ascent,QutionerX,BBL,Jett,6,0,1,0,0,0,0,0,0,54,0,0
353162,Ascent,Elite,BBL,Cypher,4,0,1,0,0,0,1,0,0,73,3,1
353162,Ascent,Enzo,TL,Sova,3,1,0,0,0,0,0,0,0,63,1,0
353162,Ascent,nAts,TL,Cypher,3,0,0,0,0,0,0,0,0,46,0,0
353162,Ascent,Mistic,TL,Omen,4,0,0,0,1,0,0,0,0,54,0,1
353162,Ascent,Jamppi,TL,Jett,1,0,0,0,0,0,0,0,0,32,0,0
353162,Ascent,Keiko,TL,Iso,2,0,0,0,0,0,0,0,0,45,0,0
353163,Lotus,Zyppan,NAVI,Raze,4,0,0,0,0,0,0,0,0,48,0,1
353163,Lotus,ardiis,NAVI,Breach,0,1,0,0,0,0,0,0,0,44,1,0
353163,Lotus,ANGE1,NAVI,Gekko,3,1,0,0,0,0,1,0,0,54,4,0
353163,Lotus,Shao,NAVI,Brimstone,0,1,0,0,1,0,0,0,0,34,0,0
353163,Lotus,SUYGETSU,NAVI,Killjoy,3,1,0,0,0,0,0,0,0,76,0,2
353163,Lotus,Fit1nho,GX,Killjoy,4,0,0,0,0,0,0,0,0,63,0,1
353163,Lotus,Redgar,GX,Omen,2,1,0,0,0,0,0,0,0,56,0,1
353163,Lotus,purp0,GX,Neon,6,1,0,0,0,0,0,0,0,51,0,0
353163,Lotus,hoody,GX,Skye,1,2,0,0,0,0,0,0,0,59,0,0
353163,Lotus,Cloud,GX,Fade,1,2,0,0,0,0,0,0,0,61,7,0
353163,Ascent,Zyppan,NAVI,Kayo,4,0,0,0,0,0,0,0,0,47,2,0
353163,Ascent,ardiis,NAVI,Jett,3,2,0,1,1,1,0,0,0,75,1,0
353163,Ascent,ANGE1,NAVI,Sova,0,1,0,0,0,0,0,0,0,38,0,0
353163,Ascent,Shao,NAVI,Omen,3,1,1,0,0,0,1,0,0,57,1,1
353163,Ascent,SUYGETSU,NAVI,Cypher,0,0,0,0,0,0,0,0,0,33,0,0
353163,Ascent,Fit1nho,GX,Kayo,2,1,0,0,0,0,0,0,0,39,1,1
353163,Ascent,Redgar,GX,Omen,6,0,0,0,1,0,0,0,0,64,1,1
353163,Ascent,purp0,GX,Jett,6,1,2,0,0,0,0,0,0,104,0,0
353163,Ascent,hoody,GX,Cypher,3,0,0,0,0,0,0,0,0,40,2,0
353163,Ascent,Cloud,GX,Sova,3,0,0,0,0,0,1,0,0,58,3,0
353164,Sunset,ShadoW,MKOI,Sova,2,0,0,0,0,1,0,0,0,32,4,0
353164,Sunset,starxo,MKOI,Kayo,1,1,1,0,0,0,0,0,0,54,4,2
353164,Sunset,sheydos,MKOI,Cypher,5,1,0,0,1,0,0,0,0,69,0,1
353164,Sunset,grubinho,MKOI,Omen,3,0,0,0,0,0,0,0,0,47,1,0
353164,Sunset,kamo,MKOI,Raze,6,1,0,0,0,0,0,0,0,47,0,0
353164,Sunset,beyAz,M8,Kayo,2,0,0,0,0,0,0,0,0,40,2,0
353164,Sunset,TakaS,M8,Neon,4,1,1,0,0,0,0,0,0,65,0,1
353164,Sunset,nataNk,M8,Sage,4,0,0,0,0,1,0,0,0,44,7,1
353164,Sunset,Wailers,M8,Cypher,4,1,0,0,0,0,0,0,0,58,1,0
353164,Sunset,Kada,M8,Omen,2,3,0,0,0,0,0,0,0,55,1,0
353164,Split,ShadoW,MKOI,Breach,1,0,0,0,0,0,0,0,0,36,4,1
353164,Split,starxo,MKOI,Fade,3,1,0,0,0,1,0,0,0,42,3,1
353164,Split,sheydos,MKOI,Viper,2,2,1,0,0,0,0,0,0,74,1,0
353164,Split,grubinho,MKOI,Omen,6,1,1,0,0,0,0,0,0,67,1,0
353164,Split,kamo,MKOI,Raze,3,1,0,0,0,0,0,0,0,52,0,0
353164,Split,beyAz,M8,Breach,3,0,0,0,0,0,0,0,0,31,2,1
353164,Split,TakaS,M8,Yoru,6,1,1,0,1,0,0,0,0,68,0,1
353164,Split,nataNk,M8,Raze,2,2,0,0,1,0,0,0,0,59,2,1
353164,Split,Wailers,M8,Omen,4,0,0,0,0,0,0,0,0,48,3,0
353164,Split,Kada,M8,Cypher,3,0,0,0,0,0,0,0,0,37,2,0
353165,Haven,Boaster,FNC,Omen,1,1,0,0,0,0,0,0,0,23,0,0
353165,Haven,Chronicle,FNC,Sova,1,0,0,0,0,0,0,0,0,66,0,2
353165,Haven,Derke,FNC,Yoru,6,1,0,0,0,1,0,0,0,81,3,2
353165,Haven,Alfajer,FNC,Iso,3,1,0,0,0,0,0,0,0,75,0,1
353165,Haven,hiro,FNC,Cypher,5,2,0,0,1,0,0,0,0,103,0,0
353165,Haven,MAGNUM,KC,Killjoy,1,0,0,0,0,0,0,0,0,41,1,0
353165,Haven,sh1n,KC,Viper,1,0,0,0,0,0,0,0,0,28,0,0
353165,Haven,marteen,KC,Yoru,5,0,0,0,0,0,0,0,0,67,1,0
353165,Haven,tomaszy,KC,Harbor,1,0,0,0,0,0,0,0,0,47,1,0
353165,Haven,N4RRATE,KC,Gekko,2,0,0,0,0,0,0,0,0,52,5,0
353165,Lotus,Boaster,FNC,Omen,1,0,1,0,1,1,0,0,0,47,3,1
353165,Lotus,Chronicle,FNC,Viper,6,0,0,0,1,0,0,0,0,75,0,0
353165,Lotus,Derke,FNC,Raze,2,0,1,0,1,0,0,0,0,57,2,1
353165,Lotus,Alfajer,FNC,Killjoy,2,1,1,0,0,0,0,0,0,60,1,1
353165,Lotus,hiro,FNC,Fade,3,1,0,0,0,0,0,0,0,47,5,0
353165,Lotus,MAGNUM,KC,Sova,2,0,0,0,0,0,0,0,0,50,0,2
353165,Lotus,sh1n,KC,Omen,2,0,0,0,1,0,0,0,0,28,2,1
353165,Lotus,marteen,KC,Yoru,4,1,0,0,1,0,0,0,0,58,0,0
353165,Lotus,tomaszy,KC,Cypher,4,1,0,0,0,0,0,0,0,67,1,0
353165,Lotus,N4RRATE,KC,Fade,2,1,0,0,0,0,0,0,0,50,4,0
353166,Bind,Boo,TH,Brimstone,3,3,0,0,1,1,0,0,0,74,2,1
353166,Bind,RieNs,TH,Gekko,2,2,0,0,0,0,0,0,0,44,7,1
353166,Bind,MiniBoo,TH,Raze,2,0,0,0,0,0,0,0,0,47,0,1
353166,Bind,Wo0t,TH,Fade,3,0,0,0,0,0,0,0,0,33,0,0
353166,Bind,benjyfishy,TH,Viper,4,2,0,0,0,0,0,0,0,53,0,0
353166,Bind,Fit1nho,GX,Raze,1,2,0,0,0,0,0,0,0,66,0,1
353166,Bind,purp0,GX,Yoru,1,0,0,0,0,0,0,0,0,30,1,0
353166,Bind,hoody,GX,Viper,4,0,0,0,1,0,0,0,0,63,1,1
353166,Bind,Cloud,GX,Skye,2,1,0,0,0,0,0,0,0,55,1,0
353166,Bind,Famsii,GX,Omen,3,0,0,0,0,0,0,0,0,52,5,0
353166,Split,Boo,TH,Omen,1,0,0,0,0,0,0,0,0,25,1,0
353166,Split,RieNs,TH,Breach,5,0,0,0,1,0,0,0,0,55,8,0
353166,Split,MiniBoo,TH,Neon,4,1,0,0,0,0,0,0,0,36,0,0
353166,Split,Wo0t,TH,Iso,4,3,0,0,1,0,0,0,0,64,0,1
353166,Split,benjyfishy,TH,Cypher,3,1,3,0,1,0,0,0,0,66,1,1
353166,Split,Fit1nho,GX,Omen,5,2,1,0,0,0,1,0,0,63,3,2
353166,Split,purp0,GX,Jett,0,2,1,0,0,0,0,0,0,33,0,0
353166,Split,hoody,GX,Cypher,1,2,0,0,1,0,0,0,0,44,1,1
353166,Split,Cloud,GX,Breach,6,1,0,0,1,0,0,0,0,47,6,0
353166,Split,Famsii,GX,Raze,3,2,0,0,0,0,0,0,0,60,1,0
353166,Haven,Boo,TH,Omen,1,0,0,0,0,0,0,0,0,42,3,0
353166,Haven,RieNs,TH,Breach,3,3,0,0,0,0,0,0,0,66,7,2
353166,Haven,MiniBoo,TH,Neon,2,0,0,0,0,0,0,0,0,35,0,0
353166,Haven,Wo0t,TH,Iso,1,1,0,0,1,0,0,0,0,40,0,0
353166,Haven,benjyfishy,TH,Cypher,3,1,0,0,0,0,0,0,0,58,0,0
353166,Haven,Fit1nho,GX,Breach,1,0,0,0,0,0,0,0,0,44,2,0
353166,Haven,purp0,GX,Neon,5,2,0,0,0,0,0,0,0,75,0,0
353166,Haven,hoody,GX,Killjoy,0,1,0,0,0,0,0,0,0,44,2,1
353166,Haven,Cloud,GX,Sova,2,2,0,0,0,0,0,0,0,75,2,0
353166,Haven,Famsii,GX,Omen,1,0,0,0,0,0,0,0,0,37,4,0
353167,Sunset,cNed,FUT,Raze,6,1,0,0,0,0,0,0,0,72,0,1
353167,Sunset,qRaxs,FUT,Gekko,1,1,0,0,0,0,0,0,0,52,6,0
353167,Sunset,AtaKaptan,FUT,Omen,4,1,0,0,0,0,0,0,0,57,3,0
353167,Sunset,MrFaliN,FUT,Breach,2,0,0,0,0,0,1,0,0,46,2,0
353167,Sunset,yetujey,FUT,Cypher,2,2,1,0,0,1,0,0,0,59,0,1
353167,Sunset,beyAz,M8,Kayo,0,0,0,0,2,0,0,0,0,34,0,1
353167,Sunset,TakaS,M8,Neon,2,1,0,0,0,0,0,0,0,54,0,0
353167,Sunset,nataNk,M8,Sage,3,0,1,0,1,0,0,0,0,52,3,2
353167,Sunset,Wailers,M8,Cypher,0,1,0,0,0,0,0,0,0,36,0,0
353167,Sunset,Kada,M8,Omen,1,1,0,0,0,0,0,0,0,55,2,0
353167,Split,cNed,FUT,Raze,1,1,0,0,0,0,0,0,0,47,0,0
353167,Split,qRaxs,FUT,Gekko,2,0,0,0,1,0,0,0,0,58,1,4
353167,Split,AtaKaptan,FUT,Omen,2,3,0,0,0,0,0,0,0,90,1,0
353167,Split,MrFaliN,FUT,Breach,1,1,0,0,0,1,0,0,0,64,1,1
353167,Split,yetujey,FUT,Cypher,2,1,1,0,0,0,0,0,0,59,0,0
353167,Split,beyAz,M8,Breach,1,1,0,0,0,0,0,0,0,45,3,0
353167,Split,TakaS,M8,Yoru,2,0,0,0,0,0,0,0,0,48,0,0
353167,Split,nataNk,M8,Raze,2,0,1,0,0,0,0,0,0,67,1,0
353167,Split,Wailers,M8,Omen,0,0,0,0,0,0,0,0,0,25,3,0
353167,Split,Kada,M8,Cypher,2,0,0,0,0,0,0,0,0,45,0,0
353168,Split,ShadoW,MKOI,Breach,4,1,0,0,1,0,0,0,0,55,6,1
353168,Split,starxo,MKOI,Fade,4,0,0,0,1,1,0,0,0,28,1,0
353168,Split,sheydos,MKOI,Viper,7,2,0,0,0,1,1,0,0,80,0,0
353168,Split,grubinho,MKOI,Omen,3,2,0,0,0,0,0,0,0,53,1,0
353168,Split,kamo,MKOI,Raze,2,0,1,0,0,0,0,0,0,36,0,0
353168,Split,Zyppan,NAVI,Raze,6,0,0,0,0,0,0,0,0,46,0,0
353168,Split,ardiis,NAVI,Yoru,4,1,1,0,0,0,0,0,0,66,2,0
353168,Split,ANGE1,NAVI,Fade,7,0,0,0,0,0,0,0,0,55,1,0
353168,Split,Shao,NAVI,Astra,3,0,0,0,0,0,0,0,0,46,4,0
353168,Split,SUYGETSU,NAVI,Cypher,1,1,0,0,1,0,0,0,0,50,0,0
353168,Icebox,ShadoW,MKOI,Gekko,2,1,0,1,0,0,0,0,0,73,7,1
353168,Icebox,starxo,MKOI,Kayo,2,2,0,0,0,0,0,0,0,40,1,0
353168,Icebox,sheydos,MKOI,Killjoy,0,0,0,0,0,0,0,0,0,44,1,1
353168,Icebox,grubinho,MKOI,Viper,2,0,0,0,0,1,0,0,0,37,0,2
353168,Icebox,kamo,MKOI,Jett,3,2,1,1,0,0,0,0,0,77,1,0
353168,Icebox,Zyppan,NAVI,Gekko,2,0,1,0,0,0,0,0,0,54,4,2
353168,Icebox,ardiis,NAVI,Jett,1,0,0,0,0,0,0,0,0,27,1,0
353168,Icebox,ANGE1,NAVI,Cypher,1,0,0,0,0,0,0,0,0,38,0,0
353168,Icebox,Shao,NAVI,Sova,2,0,0,0,1,0,0,0,0,48,0,1
353168,Icebox,SUYGETSU,NAVI,Viper,3,0,0,0,0,0,0,0,0,59,0,0
353169,Bind,Enzo,TL,Fade,2,0,0,0,0,0,0,0,0,43,1,0
353169,Bind,nAts,TL,Viper,4,1,1,0,1,0,0,0,0,72,3,1
353169,Bind,Mistic,TL,Astra,5,0,0,0,0,0,0,0,0,48,2,0
353169,Bind,Jamppi,TL,Skye,3,1,0,0,0,0,1,0,0,43,2,2
353169,Bind,Keiko,TL,Raze,5,5,0,0,0,0,0,0,0,70,3,0
353169,Bind,MAGNUM,KC,Sova,2,1,0,0,0,1,1,0,0,38,0,1
353169,Bind,sh1n,KC,Omen,2,3,0,0,0,0,0,0,0,65,4,1
353169,Bind,marteen,KC,Yoru,4,0,0,0,1,0,0,0,0,47,2,2
353169,Bind,tomaszy,KC,Harbor,3,0,0,0,0,0,0,0,0,36,1,0
353169,Bind,N4RRATE,KC,Fade,4,0,0,0,0,0,0,1,0,50,1,1
353169,Sunset,Enzo,TL,Sage,5,3,0,0,0,0,0,0,0,86,2,0
353169,Sunset,nAts,TL,Viper,3,1,0,0,0,0,0,0,0,65,1,0
353169,Sunset,Mistic,TL,Omen,1,0,0,0,0,0,0,0,0,68,0,0
353169,Sunset,Jamppi,TL,Kayo,4,0,0,0,1,0,0,0,0,51,1,1
353169,Sunset,Keiko,TL,Gekko,4,0,0,0,0,0,0,0,0,50,5,0
353169,Sunset,MAGNUM,KC,Sova,2,0,0,0,0,0,0,0,0,63,0,0
353169,Sunset,sh1n,KC,Kayo,1,0,0,0,0,0,0,0,0,30,0,0
353169,Sunset,marteen,KC,Omen,1,0,0,0,1,0,0,0,0,29,1,0
353169,Sunset,tomaszy,KC,Cypher,1,0,0,0,0,0,0,0,0,29,0,0
353169,Sunset,N4RRATE,KC,Neon,1,1,0,0,0,0,0,0,0,67,0,0
353170,Ascent,pAura,BBL,Kayo,0,1,0,0,0,0,0,0,0,38,3,0
353170,Ascent,Brave,BBL,Omen,3,0,0,0,0,0,0,0,0,43,1,0
353170,Ascent,reazy,BBL,Sova,0,0,0,0,1,0,0,0,0,50,2,0
353170,Ascent,QutionerX,BBL,Jett,1,1,0,0,0,0,0,0,0,47,0,0
353170,Ascent,Elite,BBL,Cypher,3,2,0,0,0,0,0,0,0,66,0,0
353170,Ascent,Sayf,VIT,Jett,4,0,1,1,0,0,0,0,0,79,0,0
353170,Ascent,trexx,VIT,Sova,4,0,1,0,0,0,0,0,0,75,1,0
353170,Ascent,ceNder,VIT,Omen,4,0,0,0,0,0,0,0,0,37,0,1
353170,Ascent,Kicks,VIT,Kayo,1,1,1,0,1,0,0,0,0,54,4,0
353170,Ascent,runneR,VIT,Killjoy,1,1,0,0,0,0,0,0,0,37,1,0
353170,Sunset,pAura,BBL,Kayo,3,1,0,0,0,1,0,0,0,57,0,2
353170,Sunset,Brave,BBL,Omen,3,1,1,0,0,0,0,0,0,89,1,0
353170,Sunset,reazy,BBL,Gekko,2,0,0,0,0,0,0,0,0,58,1,0
353170,Sunset,QutionerX,BBL,Raze,4,1,0,0,0,0,0,0,0,55,0,0
353170,Sunset,Elite,BBL,Cypher,3,0,0,0,1,0,0,0,0,77,0,1
353170,Sunset,Sayf,VIT,Neon,3,0,1,0,0,0,0,0,0,53,1,0
353170,Sunset,trexx,VIT,Sova,3,1,0,0,0,0,0,0,0,66,0,0
353170,Sunset,ceNder,VIT,Omen,0,0,0,0,0,0,0,0,0,21,1,0
353170,Sunset,Kicks,VIT,Kayo,1,2,0,0,0,0,0,0,0,43,2,1
353170,Sunset,runneR,VIT,Cypher,3,0,0,0,0,0,0,0,0,49,1,0
353170,Lotus,pAura,BBL,Breach,1,1,0,0,0,0,0,0,0,50,3,1
353170,Lotus,Brave,BBL,Omen,4,2,0,0,0,0,0,0,0,56,0,0
353170,Lotus,reazy,BBL,Fade,1,2,0,0,0,0,0,0,0,43,2,1
353170,Lotus,QutionerX,BBL,Neon,4,1,0,0,0,0,0,0,0,32,0,0
353170,Lotus,Elite,BBL,Cypher,4,0,0,0,0,0,0,0,0,46,0,2
353170,Lotus,Sayf,VIT,Raze,2,2,0,2,0,0,1,0,0,75,0,1
353170,Lotus,trexx,VIT,Fade,2,1,1,0,1,0,0,0,0,70,0,1
353170,Lotus,ceNder,VIT,Omen,2,0,0,0,0,0,0,0,0,35,0,0
353170,Lotus,Kicks,VIT,Breach,1,0,1,0,0,0,0,0,0,46,5,1
353170,Lotus,runneR,VIT,Cypher,1,1,0,0,0,0,0,0,0,40,2,0
353171,Sunset,Boo,TH,Omen,4,0,0,0,0,0,0,0,0,53,3,1
353171,Sunset,RieNs,TH,Sova,5,2,0,0,0,0,1,0,0,66,2,0
353171,Sunset,MiniBoo,TH,Neon,3,1,0,0,0,0,0,0,0,52,1,0
353171,Sunset,Wo0t,TH,Kayo,1,0,0,0,0,0,0,0,0,36,4,1
353171,Sunset,benjyfishy,TH,Cypher,4,0,0,0,0,0,0,0,0,52,0,1
353171,Sunset,beyAz,M8,Kayo,3,0,0,0,0,0,0,0,0,44,3,0
353171,Sunset,TakaS,M8,Neon,1,0,1,0,0,0,0,0,0,40,0,1
353171,Sunset,nataNk,M8,Raze,1,1,1,0,0,0,0,0,0,63,0,0
353171,Sunset,Wailers,M8,Cypher,2,0,0,0,0,0,0,0,0,55,0,1
353171,Sunset,Kada,M8,Omen,2,1,0,0,0,0,0,0,0,46,2,0
353171,Icebox,Boo,TH,Viper,5,0,0,0,0,0,0,0,0,45,3,1
353171,Icebox,RieNs,TH,Sova,2,1,0,0,0,0,0,0,0,37,3,0
353171,Icebox,MiniBoo,TH,Kayo,2,0,0,0,0,0,0,0,0,44,0,0
353171,Icebox,Wo0t,TH,Jett,3,1,0,0,0,0,0,0,0,54,0,0
353171,Icebox,benjyfishy,TH,Killjoy,3,0,1,0,0,0,0,0,0,59,0,2
353171,Icebox,beyAz,M8,Kayo,4,1,0,0,1,0,0,0,0,39,1,1
353171,Icebox,TakaS,M8,Omen,3,1,0,0,0,0,0,0,0,54,0,1
353171,Icebox,nataNk,M8,Gekko,2,3,0,0,1,0,0,0,0,78,5,2
353171,Icebox,Wailers,M8,Killjoy,1,0,0,0,0,0,0,0,0,43,0,0
353171,Icebox,Kada,M8,Viper,1,2,0,0,0,0,0,0,0,55,1,0
353171,Lotus,Boo,TH,Omen,4,0,0,0,0,0,0,0,0,70,0,0
353171,Lotus,RieNs,TH,Breach,2,0,0,0,0,0,0,0,0,51,5,2
353171,Lotus,MiniBoo,TH,Neon,6,1,0,0,0,0,0,0,0,57,0,1
353171,Lotus,Wo0t,TH,Fade,3,0,0,0,0,0,0,0,0,44,1,1
353171,Lotus,benjyfishy,TH,Cypher,3,2,0,0,0,0,0,0,0,66,0,1
353171,Lotus,beyAz,M8,Fade,0,0,0,0,0,0,0,0,0,30,4,0
353171,Lotus,TakaS,M8,Omen,1,1,1,0,0,0,1,0,0,54,2,1
353171,Lotus,nataNk,M8,Neon,2,0,0,0,0,0,0,0,0,42,0,0
353171,Lotus,Wailers,M8,Cypher,2,0,0,0,0,0,0,0,0,46,1,0
353171,Lotus,Kada,M8,Viper,0,0,0,0,0,0,0,0,0,44,1,1
353172,Split,cNed,FUT,Raze,3,1,0,0,0,0,0,0,0,71,0,1
353172,Split,qRaxs,FUT,Gekko,3,0,0,0,0,0,0,0,0,47,0,0
353172,Split,AtaKaptan,FUT,Omen,0,2,1,0,0,0,0,0,0,65,0,0
353172,Split,MrFaliN,FUT,Breach,3,0,0,0,0,0,0,0,0,53,2,2
353172,Split,yetujey,FUT,Cypher,4,0,1,0,0,0,0,0,0,78,0,0
353172,Split,Fit1nho,GX,Omen,0,0,0,0,0,0,0,0,0,25,0,0
353172,Split,purp0,GX,Jett,1,0,0,0,0,0,0,0,0,27,1,0
353172,Split,hoody,GX,Cypher,2,1,0,0,0,0,0,0,0,63,0,0
353172,Split,Cloud,GX,Breach,1,1,0,0,0,0,0,0,0,35,3,0
353172,Split,Famsii,GX,Raze,2,0,0,0,0,0,0,0,0,40,0,0
353172,Lotus,cNed,FUT,Jett,5,2,0,0,0,1,0,0,0,61,1,2
353172,Lotus,qRaxs,FUT,Breach,0,1,0,0,1,0,0,0,0,28,6,2
353172,Lotus,AtaKaptan,FUT,Viper,5,2,0,1,0,0,0,0,0,93,1,0
353172,Lotus,MrFaliN,FUT,Omen,1,0,0,0,0,0,0,0,0,39,3,0
353172,Lotus,yetujey,FUT,Cypher,1,0,0,0,0,0,0,0,0,51,0,1
353172,Lotus,Fit1nho,GX,Killjoy,2,0,1,0,0,0,0,0,0,38,0,0
353172,Lotus,purp0,GX,Neon,5,2,0,0,0,0,0,0,0,83,0,2
353172,Lotus,hoody,GX,Skye,1,0,0,0,0,0,0,0,0,33,1,0
353172,Lotus,Cloud,GX,Fade,2,0,0,0,0,1,0,0,0,45,4,2
353172,Lotus,Famsii,GX,Omen,3,0,0,0,0,0,0,0,0,55,1,0
353173,Icebox,Boo,TH,Viper,1,0,0,0,0,0,0,0,0,33,6,1
353173,Icebox,RieNs,TH,Sova,2,1,0,0,0,0,0,0,0,54,3,1
353173,Icebox,MiniBoo,TH,Kayo,3,1,0,0,0,0,0,0,0,46,1,0
353173,Icebox,Wo0t,TH,Jett,5,2,0,0,0,0,0,0,0,64,0,0
353173,Icebox,benjyfishy,TH,Killjoy,2,2,0,0,2,0,0,0,0,67,0,0
353173,Icebox,ShadoW,MKOI,Gekko,4,0,0,0,0,0,0,0,0,38,8,3
353173,Icebox,starxo,MKOI,Kayo,1,0,0,0,0,0,0,0,0,31,0,0
353173,Icebox,sheydos,MKOI,Killjoy,4,1,1,0,0,0,0,0,0,64,1,1
353173,Icebox,grubinho,MKOI,Viper,2,3,1,0,0,0,0,0,0,55,0,0
353173,Icebox,kamo,MKOI,Jett,5,1,0,0,0,0,0,0,0,68,0,0
353173,Bind,Boo,TH,Brimstone,2,0,0,0,0,0,1,0,0,53,1,1
353173,Bind,RieNs,TH,Gekko,2,0,0,0,0,0,0,0,0,25,7,0
353173,Bind,MiniBoo,TH,Raze,3,0,0,0,0,0,0,0,0,48,1,0
353173,Bind,Wo0t,TH,Fade,3,1,0,0,0,0,0,0,0,50,1,0
353173,Bind,benjyfishy,TH,Viper,6,2,1,0,1,0,0,1,0,84,0,0
353173,Bind,ShadoW,MKOI,Gekko,1,0,0,0,0,0,0,0,0,37,2,0
353173,Bind,starxo,MKOI,Kayo,3,0,0,0,0,0,0,0,0,36,2,0
353173,Bind,sheydos,MKOI,Viper,1,2,0,0,0,1,0,0,0,47,0,2
353173,Bind,grubinho,MKOI,Brimstone,4,3,0,1,0,0,0,0,0,88,0,0
353173,Bind,kamo,MKOI,Raze,1,1,0,0,0,0,0,0,0,42,1,1
353173,Haven,Boo,TH,Omen,3,0,0,0,1,0,0,0,0,46,0,1
353173,Haven,RieNs,TH,Breach,1,1,1,0,0,0,0,0,0,62,7,0
353173,Haven,MiniBoo,TH,Neon,2,2,0,0,0,0,0,0,0,62,0,0
353173,Haven,Wo0t,TH,Iso,2,1,0,0,0,0,0,0,0,56,2,2
353173,Haven,benjyfishy,TH,Cypher,0,1,0,0,0,1,0,0,0,56,2,0
353173,Haven,ShadoW,MKOI,Sova,3,0,0,0,0,0,0,0,0,50,0,0
353173,Haven,starxo,MKOI,Breach,2,1,0,0,0,0,0,0,0,49,4,1
353173,Haven,sheydos,MKOI,Cypher,5,0,0,0,0,0,0,0,0,46,4,1
353173,Haven,grubinho,MKOI,Omen,2,0,0,0,1,0,0,0,0,51,2,1
353173,Haven,kamo,MKOI,Jett,4,0,0,0,0,0,0,0,0,52,0,0
353174,Icebox,Boaster,FNC,Viper,3,0,0,0,0,0,0,0,0,100,0,3
353174,Icebox,Chronicle,FNC,Sova,1,0,0,0,0,0,0,0,0,65,0,1
353174,Icebox,Derke,FNC,Iso,5,2,0,0,0,0,0,0,0,92,1,0
353174,Icebox,Alfajer,FNC,Killjoy,4,0,0,0,0,0,0,0,0,83,0,0
353174,Icebox,hiro,FNC,Gekko,4,1,0,0,1,0,0,0,0,68,2,1
353174,Icebox,Enzo,TL,Sova,0,0,0,0,0,0,0,0,0,27,0,0
353174,Icebox,nAts,TL,Viper,2,0,0,0,0,0,0,0,0,44,1,0
353174,Icebox,Mistic,TL,Sage,1,0,0,0,0,0,0,0,0,16,4,0
353174,Icebox,Jamppi,TL,Chamber,2,0,0,0,0,0,0,0,0,37,2,0
353174,Icebox,Keiko,TL,Reyna,2,2,0,0,0,0,0,0,0,50,0,0
353174,Haven,Boaster,FNC,Omen,1,0,0,0,0,0,0,0,0,42,2,0
353174,Haven,Chronicle,FNC,Sova,2,2,0,0,0,0,0,0,0,79,4,0
353174,Haven,Derke,FNC,Yoru,2,2,1,0,0,0,0,0,0,55,0,0
353174,Haven,Alfajer,FNC,Iso,2,1,0,1,0,0,0,0,0,75,0,1
353174,Haven,hiro,FNC,Cypher,1,1,0,0,0,0,0,0,0,42,0,0
353174,Haven,Enzo,TL,Sova,3,1,1,0,1,0,0,0,0,46,2,0
353174,Haven,nAts,TL,Killjoy,1,0,1,0,0,0,0,0,0,44,2,1
353174,Haven,Mistic,TL,Omen,2,1,0,0,0,0,0,0,0,36,0,0
353174,Haven,Jamppi,TL,Breach,0,1,0,0,0,0,0,0,0,26,2,0
353174,Haven,Keiko,TL,Jett,1,1,0,0,0,0,0,0,0,51,0,0
353175,Sunset,Zyppan,NAVI,Neon,1,1,1,0,0,0,0,0,0,50,0,0
353175,Sunset,ardiis,NAVI,Kayo,2,1,0,0,1,0,0,0,0,41,2,0
353175,Sunset,ANGE1,NAVI,Omen,4,0,0,0,0,0,0,0,0,63,2,1
353175,Sunset,Shao,NAVI,Sova,3,0,1,0,0,0,1,0,0,75,2,2
353175,Sunset,SUYGETSU,NAVI,Cypher,3,0,1,0,1,0,0,0,0,66,2,1
353175,Sunset,beyAz,M8,Kayo,3,0,0,0,0,0,0,0,0,28,0,0
353175,Sunset,TakaS,M8,Neon,3,0,0,0,0,0,0,0,0,42,0,0
353175,Sunset,nataNk,M8,Sova,7,1,0,0,0,0,0,0,0,62,7,0
353175,Sunset,Wailers,M8,Cypher,4,1,0,0,0,0,0,0,0,52,4,0
353175,Sunset,Kada,M8,Omen,2,1,1,0,0,0,0,0,0,64,0,0
353175,Ascent,Zyppan,NAVI,Kayo,4,0,0,0,0,0,0,0,0,49,6,1
353175,Ascent,ardiis,NAVI,Jett,4,1,0,0,0,0,0,0,0,67,0,0
353175,Ascent,ANGE1,NAVI,Omen,4,0,0,0,0,0,0,0,0,37,0,0
353175,Ascent,Shao,NAVI,Fade,1,0,0,0,1,1,0,0,0,37,2,1
353175,Ascent,SUYGETSU,NAVI,Cypher,1,0,0,0,0,1,0,0,0,41,0,0
353175,Ascent,beyAz,M8,Sova,1,2,0,0,1,1,0,0,0,63,3,2
353175,Ascent,TakaS,M8,Jett,0,1,1,0,0,0,0,0,0,49,1,0
353175,Ascent,nataNk,M8,Kayo,5,0,0,0,1,0,0,0,0,66,3,0
353175,Ascent,Wailers,M8,Cypher,2,3,0,0,0,0,0,0,0,72,0,0
353175,Ascent,Kada,M8,Omen,2,5,0,0,0,0,1,0,0,59,1,0
353175,Split,Zyppan,NAVI,Raze,1,0,0,0,0,0,0,0,0,48,0,0
353175,Split,ardiis,NAVI,Breach,6,0,0,0,1,0,0,0,0,80,3,0
353175,Split,ANGE1,NAVI,Fade,4,1,0,0,1,0,0,0,0,49,2,1
353175,Split,Shao,NAVI,Omen,2,0,0,0,0,0,0,0,0,44,2,0
353175,Split,SUYGETSU,NAVI,Viper,1,4,0,0,1,0,0,0,0,79,0,0
353175,Split,beyAz,M8,Breach,0,1,1,0,1,0,0,0,0,44,2,0
353175,Split,TakaS,M8,Yoru,3,1,0,0,1,0,0,0,0,42,1,0
353175,Split,nataNk,M8,Raze,3,1,0,0,0,0,0,0,0,45,0,0
353175,Split,Wailers,M8,Cypher,5,0,0,0,1,0,0,0,0,42,0,1
353175,Split,Kada,M8,Omen,6,0,0,0,1,0,0,0,0,47,3,0
353203,Icebox,Sayf,VIT,Jett,2,0,0,1,0,0,0,0,0,64,0,0
353203,Icebox,trexx,VIT,Sova,2,1,0,0,1,0,0,0,0,74,1,2
353203,Icebox,ceNder,VIT,Viper,2,1,0,0,0,0,0,0,0,37,0,0
353203,Icebox,Kicks,VIT,Gekko,4,2,0,0,1,1,0,0,0,58,2,3
353203,Icebox,runneR,VIT,Killjoy,4,1,1,0,0,1,0,0,0,76,1,1
353203,Icebox,MAGNUM,KC,Kayo,1,0,0,0,0,0,0,0,0,35,0,0
353203,Icebox,sh1n,KC,Harbor,2,0,0,0,0,0,0,0,0,49,0,0
353203,Icebox,marteen,KC,Gekko,2,0,0,0,0,0,0,0,0,38,9,0
353203,Icebox,tomaszy,KC,Neon,1,1,0,0,0,0,0,0,0,41,0,0
353203,Icebox,N4RRATE,KC,Skye,1,1,1,0,0,1,0,0,0,58,0,0
353203,Lotus,Sayf,VIT,Raze,1,1,0,0,0,0,0,0,0,39,0,0
353203,Lotus,trexx,VIT,Fade,2,1,1,0,0,0,0,0,0,60,1,0
353203,Lotus,ceNder,VIT,Omen,5,1,0,0,0,0,0,0,0,54,0,0
353203,Lotus,Kicks,VIT,Breach,3,0,0,0,0,0,0,0,0,42,6,0
353203,Lotus,runneR,VIT,Cypher,1,0,0,0,0,0,0,0,0,29,0,0
353203,Lotus,MAGNUM,KC,Sova,4,1,0,0,0,0,0,0,0,71,1,0
353203,Lotus,sh1n,KC,Omen,2,0,0,0,0,0,0,0,0,35,4,0
353203,Lotus,marteen,KC,Yoru,4,2,0,0,0,0,0,0,0,61,0,1
353203,Lotus,tomaszy,KC,Cypher,1,0,1,0,0,0,0,0,0,45,0,0
353203,Lotus,N4RRATE,KC,Fade,2,1,1,0,1,1,0,0,0,70,0,0
353203,Sunset,Sayf,VIT,Neon,5,3,1,0,0,0,0,0,0,65,1,1
353203,Sunset,trexx,VIT,Sova,4,1,0,0,1,0,0,0,0,57,5,0
353203,Sunset,ceNder,VIT,Omen,5,0,0,0,0,0,0,0,0,36,1,0
353203,Sunset,Kicks,VIT,Kayo,2,1,0,0,0,1,0,0,0,55,3,1
353203,Sunset,runneR,VIT,Cypher,0,0,0,0,0,0,0,0,0,23,0,0
353203,Sunset,MAGNUM,KC,Breach,1,1,0,0,0,0,0,0,0,41,0,2
353203,Sunset,sh1n,KC,Omen,4,0,1,0,0,1,0,0,0,49,7,0
353203,Sunset,marteen,KC,Raze,5,0,0,0,0,0,0,0,0,52,0,1
353203,Sunset,tomaszy,KC,Cypher,1,2,0,0,0,0,0,0,0,31,0,0
353203,Sunset,N4RRATE,KC,Jett,4,1,0,0,0,0,0,0,0,64,0,1
371278,Haven,Sayf,VIT,Jett,3,1,1,0,0,0,0,0,0,54,0,0
371278,Haven,trexx,VIT,Sova,2,1,0,0,1,0,0,0,0,58,3,0
371278,Haven,ceNder,VIT,Omen,1,1,0,0,0,0,0,0,0,31,0,0
371278,Haven,Kicks,VIT,Breach,2,1,0,0,0,0,0,0,0,46,5,0
371278,Haven,runneR,VIT,Cypher,1,2,0,0,0,0,0,0,0,35,2,0
371278,Haven,Zyppan,NAVI,Neon,2,1,0,0,0,0,0,0,0,73,1,0
371278,Haven,ardiis,NAVI,Yoru,3,2,1,0,2,0,0,0,0,64,0,2
371278,Haven,ANGE1,NAVI,Omen,0,0,0,0,0,0,0,0,0,23,2,0
371278,Haven,Shao,NAVI,Sova,2,2,1,0,1,0,0,0,0,90,4,1
371278,Haven,SUYGETSU,NAVI,Cypher,1,2,0,0,0,0,0,0,0,47,0,1
371278,Sunset,Sayf,VIT,Neon,2,3,1,0,0,0,0,0,0,84,0,0
371278,Sunset,trexx,VIT,Sova,3,1,0,0,0,0,0,0,0,101,4,0
371278,Sunset,ceNder,VIT,Omen,1,3,0,0,0,0,0,0,0,51,1,0
371278,Sunset,Kicks,VIT,Kayo,5,0,0,0,1,0,0,0,0,63,4,1
371278,Sunset,runneR,VIT,Cypher,2,0,0,0,0,0,0,0,0,49,0,0
371278,Sunset,Zyppan,NAVI,Neon,2,0,1,0,1,0,0,0,0,60,1,0
371278,Sunset,ardiis,NAVI,Kayo,1,1,0,0,0,0,0,0,0,32,1,0
371278,Sunset,ANGE1,NAVI,Omen,0,1,0,0,0,0,0,0,0,40,0,0
371278,Sunset,Shao,NAVI,Sova,3,0,0,0,0,0,0,0,0,45,2,0
371278,Sunset,SUYGETSU,NAVI,Cypher,1,0,0,0,0,0,0,0,0,29,0,0
371278,Ascent,Sayf,VIT,Jett,1,2,0,0,0,0,0,0,0,47,0,1
371278,Ascent,trexx,VIT,Sova,2,1,0,1,0,0,0,0,1,80,2,1
371278,Ascent,ceNder,VIT,Omen,3,0,0,0,0,0,0,0,0,42,0,0
371278,Ascent,Kicks,VIT,Kayo,4,2,0,0,0,0,0,0,0,87,4,1
371278,Ascent,runneR,VIT,Killjoy,1,1,0,0,1,0,0,0,0,53,1,1
371278,Ascent,Zyppan,NAVI,Kayo,1,1,1,0,0,0,0,0,0,45,1,0
371278,Ascent,ardiis,NAVI,Jett,3,0,0,0,0,0,0,0,0,49,1,0
371278,Ascent,ANGE1,NAVI,Sova,2,0,0,0,0,0,0,0,0,33,0,1
371278,Ascent,Shao,NAVI,Omen,0,0,0,0,0,0,0,0,0,46,1,0
371278,Ascent,SUYGETSU,NAVI,Cypher,3,1,0,0,0,0,0,0,0,43,1,1
371279,Icebox,Boaster,FNC,Viper,1,1,0,0,0,0,0,0,0,59,0,0
371279,Icebox,Chronicle,FNC,Sova,1,0,0,0,0,0,0,0,0,43,2,0
371279,Icebox,Derke,FNC,Iso,2,0,0,0,0,0,0,0,0,41,1,0
371279,Icebox,Alfajer,FNC,Killjoy,3,0,1,0,0,0,0,0,0,54,0,2
371279,Icebox,hiro,FNC,Gekko,0,0,0,0,0,0,0,0,0,27,6,0
371279,Icebox,MAGNUM,KC,Sova,1,1,0,0,0,0,0,0,0,38,0,1
371279,Icebox,sh1n,KC,Viper,1,2,0,0,0,0,0,0,0,79,1,0
371279,Icebox,marteen,KC,Gekko,2,0,0,0,1,0,0,0,0,31,4,2
371279,Icebox,tomaszy,KC,Killjoy,2,0,0,0,0,0,0,0,0,62,2,0
371279,Icebox,N4RRATE,KC,Jett,8,1,0,0,1,0,0,0,0,74,0,1
371279,Sunset,Boaster,FNC,Astra,2,0,0,0,0,0,0,0,0,37,2,1
371279,Sunset,Chronicle,FNC,Sova,4,0,0,0,0,0,0,0,0,45,3,0
371279,Sunset,Derke,FNC,Raze,2,1,1,0,1,0,0,0,0,45,1,2
371279,Sunset,Alfajer,FNC,Breach,4,2,0,0,1,0,0,0,0,46,3,2
371279,Sunset,hiro,FNC,Cypher,5,2,2,0,1,1,0,0,0,63,0,1
371279,Sunset,MAGNUM,KC,Breach,1,1,0,0,0,0,0,0,0,39,2,0
371279,Sunset,sh1n,KC,Omen,2,2,0,0,0,0,0,0,0,47,6,0
371279,Sunset,marteen,KC,Raze,4,2,0,0,2,1,0,0,0,45,2,2
371279,Sunset,tomaszy,KC,Cypher,2,1,0,0,1,0,0,0,0,39,1,0
371279,Sunset,N4RRATE,KC,Jett,4,0,0,0,1,0,0,0,0,47,1,0
371279,Lotus,Boaster,FNC,Omen,1,0,1,0,0,0,0,0,0,58,3,0
371279,Lotus,Chronicle,FNC,Viper,4,1,1,0,1,0,0,0,0,65,2,0
371279,Lotus,Derke,FNC,Raze,2,0,1,0,0,0,0,0,0,49,0,0
371279,Lotus,Alfajer,FNC,Killjoy,3,1,0,0,0,0,0,0,0,60,1,0
371279,Lotus,hiro,FNC,Fade,3,0,0,1,1,2,0,0,0,56,3,0
371279,Lotus,MAGNUM,KC,Sova,0,0,0,0,0,0,0,0,0,28,1,0
371279,Lotus,sh1n,KC,Omen,1,0,0,0,0,0,0,0,0,39,1,0
371279,Lotus,marteen,KC,Yoru,2,1,1,0,1,0,0,0,0,62,0,1
371279,Lotus,tomaszy,KC,Cypher,3,1,0,0,0,0,0,0,0,39,0,1
371279,Lotus,N4RRATE,KC,Fade,3,2,0,0,0,0,0,0,0,86,0,1
371280,Icebox,Boo,TH,Viper,3,2,1,0,0,0,0,0,0,59,3,2
371280,Icebox,RieNs,TH,Sova,2,2,0,0,0,0,0,0,0,47,2,1
371280,Icebox,MiniBoo,TH,Neon,2,2,0,0,0,0,0,0,0,41,0,0
371280,Icebox,Wo0t,TH,Gekko,2,0,1,0,0,1,0,0,0,46,3,2
371280,Icebox,benjyfishy,TH,Killjoy,6,0,0,0,0,0,0,0,0,50,1,1
371280,Icebox,Sayf,VIT,Jett,2,2,0,0,0,0,0,0,0,44,1,0
371280,Icebox,trexx,VIT,Sova,4,2,0,0,0,0,0,0,0,71,0,0
371280,Icebox,ceNder,VIT,Viper,4,0,0,0,1,0,0,0,0,34,2,3
371280,Icebox,Kicks,VIT,Gekko,3,1,0,0,0,0,0,0,0,50,6,2
371280,Icebox,runneR,VIT,Killjoy,3,1,0,0,0,0,0,0,0,47,0,0
371280,Sunset,Boo,TH,Omen,2,1,0,0,0,0,0,0,0,59,2,0
371280,Sunset,RieNs,TH,Sova,1,1,0,0,0,0,0,0,0,45,3,0
371280,Sunset,MiniBoo,TH,Neon,5,1,0,0,0,0,0,0,0,57,0,1
371280,Sunset,Wo0t,TH,Kayo,0,0,0,0,0,0,0,0,0,27,2,1
371280,Sunset,benjyfishy,TH,Cypher,2,0,1,0,2,0,0,0,0,49,1,2
371280,Sunset,Sayf,VIT,Neon,6,1,0,1,1,0,0,0,0,68,0,1
371280,Sunset,trexx,VIT,Sova,2,0,0,0,0,0,0,0,0,63,1,0
371280,Sunset,ceNder,VIT,Omen,1,1,0,0,1,0,0,0,0,26,3,2
371280,Sunset,Kicks,VIT,Kayo,4,0,0,0,0,0,0,0,0,62,5,0
371280,Sunset,runneR,VIT,Cypher,2,1,0,0,0,0,0,0,0,43,1,0
371280,Bind,Boo,TH,Brimstone,5,1,0,0,0,1,0,0,0,54,2,0
371280,Bind,RieNs,TH,Gekko,8,1,0,0,0,0,0,0,0,84,8,1
371280,Bind,MiniBoo,TH,Raze,4,1,0,0,0,0,0,0,0,44,0,2
371280,Bind,Wo0t,TH,Fade,1,1,0,0,0,0,0,0,0,39,0,0
371280,Bind,benjyfishy,TH,Viper,3,0,0,1,1,0,0,0,0,41,1,0
371280,Bind,Sayf,VIT,Raze,4,2,0,0,1,0,0,0,0,50,1,2
371280,Bind,trexx,VIT,Fade,5,1,0,0,0,0,0,0,0,64,0,0
371280,Bind,ceNder,VIT,Omen,4,1,0,0,0,0,0,0,0,48,0,0
371280,Bind,Kicks,VIT,Gekko,2,0,0,0,1,0,0,0,0,33,8,2
371280,Bind,runneR,VIT,Viper,2,0,0,0,0,0,0,0,0,43,2,0
371281,Sunset,cNed,FUT,Raze,4,0,0,0,0,0,0,0,0,47,0,1
371281,Sunset,qRaxs,FUT,Gekko,3,1,0,0,0,0,0,0,0,39,10,1
371281,Sunset,AtaKaptan,FUT,Omen,3,1,0,0,0,0,0,0,0,43,0,0
371281,Sunset,MrFaliN,FUT,Breach,4,0,0,0,0,0,0,0,0,52,1,1
371281,Sunset,yetujey,FUT,Cypher,3,1,1,0,0,0,0,0,0,34,0,1
371281,Sunset,Boaster,FNC,Astra,2,0,0,0,0,0,0,0,0,33,3,0
371281,Sunset,Chronicle,FNC,Sova,3,1,0,0,0,0,0,0,0,56,2,1
371281,Sunset,Derke,FNC,Raze,1,3,1,0,0,1,0,0,0,56,4,1
371281,Sunset,Alfajer,FNC,Breach,6,0,0,0,0,0,0,0,0,42,4,0
371281,Sunset,hiro,FNC,Cypher,8,0,0,0,0,1,0,0,0,58,0,1
371281,Haven,cNed,FUT,Jett,0,1,0,0,0,0,0,0,0,54,0,1
371281,Haven,qRaxs,FUT,Sage,4,0,0,0,0,0,0,0,0,31,1,1
371281,Haven,AtaKaptan,FUT,Omen,2,0,0,0,0,0,0,0,0,39,0,0
371281,Haven,MrFaliN,FUT,Sova,1,1,0,0,0,0,0,0,0,52,0,0
371281,Haven,yetujey,FUT,Killjoy,1,1,0,0,0,0,0,0,0,51,0,0
371281,Haven,Boaster,FNC,Omen,3,1,0,0,0,0,0,0,0,57,3,0
371281,Haven,Chronicle,FNC,Sova,2,0,0,0,0,0,0,0,0,43,4,0
371281,Haven,Derke,FNC,Yoru,3,0,1,0,0,1,0,0,0,45,0,0
371281,Haven,Alfajer,FNC,Iso,1,4,1,0,0,0,0,0,0,109,3,0
371281,Haven,hiro,FNC,Cypher,1,1,0,0,0,0,0,0,0,48,0,0
371282,Lotus,Sayf,VIT,Raze,6,0,1,0,0,0,0,0,0,60,1,0
371282,Lotus,trexx,VIT,Fade,2,1,0,0,0,0,0,0,0,47,0,1
371282,Lotus,ceNder,VIT,Omen,2,2,0,0,0,0,0,0,0,39,0,0
371282,Lotus,Kicks,VIT,Breach,2,0,0,0,1,0,0,0,0,26,7,0
371282,Lotus,runneR,VIT,Cypher,4,1,0,0,1,0,0,0,0,51,0,0
371282,Lotus,Boaster,FNC,Omen,2,0,0,0,0,0,0,0,0,42,1,0
371282,Lotus,Chronicle,FNC,Viper,4,2,0,0,0,1,0,0,0,65,2,1
371282,Lotus,Derke,FNC,Raze,5,3,0,0,1,0,0,0,0,67,1,1
371282,Lotus,Alfajer,FNC,Killjoy,3,0,0,0,1,0,0,0,0,45,1,0
371282,Lotus,hiro,FNC,Fade,6,1,0,0,0,0,0,0,0,60,3,0
371282,Sunset,Sayf,VIT,Neon,3,2,0,0,0,0,0,0,0,65,0,0
371282,Sunset,trexx,VIT,Sova,3,0,0,0,0,0,0,0,0,62,1,0
371282,Sunset,ceNder,VIT,Omen,0,0,0,0,0,0,0,0,0,23,3,1
371282,Sunset,Kicks,VIT,Kayo,1,1,1,0,0,0,0,0,0,44,4,0
371282,Sunset,runneR,VIT,Cypher,1,0,0,0,0,0,0,0,0,42,0,0
371282,Sunset,Boaster,FNC,Astra,2,1,0,0,0,0,0,0,0,61,0,0
371282,Sunset,Chronicle,FNC,Sova,4,1,0,0,1,0,0,0,0,72,0,3
371282,Sunset,Derke,FNC,Raze,3,0,1,0,0,0,0,0,0,52,2,1
371282,Sunset,Alfajer,FNC,Breach,2,0,0,0,0,0,0,0,0,60,3,1
371282,Sunset,hiro,FNC,Cypher,2,1,0,0,0,0,0,0,0,60,0,1
371284,Abyss,Boo,TH,Astra,2,1,0,0,0,0,1,0,0,53,1,2
371284,Abyss,RieNs,TH,Breach,3,1,0,0,0,0,0,0,0,71,1,2
371284,Abyss,MiniBoo,TH,Raze,4,2,0,0,0,0,0,0,0,66,0,1
371284,Abyss,Wo0t,TH,Gekko,2,0,1,0,0,0,0,0,0,57,6,1
371284,Abyss,benjyfishy,TH,Cypher,1,0,0,0,0,0,0,0,0,29,0,0
371284,Abyss,cNed,FUT,Jett,4,1,0,0,0,0,0,0,0,50,0,0
371284,Abyss,qRaxs,FUT,Gekko,3,0,1,0,0,0,0,0,0,64,6,1
371284,Abyss,AtaKaptan,FUT,Omen,2,0,0,0,0,0,0,0,0,32,2,1
371284,Abyss,MrFaliN,FUT,Deadlock,4,1,0,0,1,0,0,0,0,41,2,0
371284,Abyss,yetujey,FUT,Cypher,3,0,0,0,0,0,0,1,0,46,0,0
371284,Sunset,Boo,TH,Omen,5,0,0,0,1,2,0,0,0,57,2,1
371284,Sunset,RieNs,TH,Sova,4,1,0,0,1,0,0,0,0,58,2,3
371284,Sunset,MiniBoo,TH,Neon,4,2,0,0,0,0,0,0,0,55,0,0
371284,Sunset,Wo0t,TH,Kayo,3,0,0,0,0,0,0,0,0,40,4,0
371284,Sunset,benjyfishy,TH,Cypher,4,2,0,0,0,0,0,0,0,54,0,1
371284,Sunset,cNed,FUT,Raze,1,1,1,0,0,0,0,0,0,45,3,0
371284,Sunset,qRaxs,FUT,Gekko,3,0,0,0,1,0,0,0,0,36,2,0
371284,Sunset,AtaKaptan,FUT,Omen,8,1,0,0,0,0,0,0,0,70,3,1
371284,Sunset,MrFaliN,FUT,Breach,3,0,1,0,0,0,0,0,0,52,3,0
371284,Sunset,yetujey,FUT,Cypher,4,0,1,0,1,1,0,0,0,58,0,0
371285,Icebox,Sayf,VIT,Jett,2,0,0,0,0,0,0,0,0,45,0,1
371285,Icebox,trexx,VIT,Sova,3,0,0,0,1,0,0,0,0,64,1,0
371285,Icebox,ceNder,VIT,Viper,4,0,0,0,0,0,0,0,0,47,2,0
371285,Icebox,Kicks,VIT,Gekko,2,0,0,0,0,0,0,0,0,38,5,1
371285,Icebox,runneR,VIT,Killjoy,4,0,0,0,0,0,0,0,0,51,1,0
371285,Icebox,Boo,TH,Viper,1,0,0,0,0,0,0,0,0,37,1,1
371285,Icebox,RieNs,TH,Sova,5,2,1,0,1,0,0,0,0,84,0,1
371285,Icebox,MiniBoo,TH,Neon,4,1,0,0,0,0,0,0,0,66,0,0
371285,Icebox,Wo0t,TH,Gekko,5,1,0,0,0,1,0,0,0,73,5,2
371285,Icebox,benjyfishy,TH,Killjoy,2,0,0,0,0,0,0,0,0,35,0,2
371285,Sunset,Sayf,VIT,Neon,4,1,0,0,0,0,0,0,0,62,1,0
371285,Sunset,trexx,VIT,Sova,3,0,0,0,1,0,0,0,0,73,2,1
371285,Sunset,ceNder,VIT,Omen,2,1,0,0,0,0,0,0,0,72,0,1
371285,Sunset,Kicks,VIT,Kayo,1,0,0,0,0,0,1,0,0,51,1,1
371285,Sunset,runneR,VIT,Cypher,4,1,0,0,1,0,0,0,0,74,0,1
371285,Sunset,Boo,TH,Omen,1,1,0,0,0,0,0,0,0,36,1,0
371285,Sunset,RieNs,TH,Sova,3,0,0,0,0,0,0,0,0,53,1,0
371285,Sunset,MiniBoo,TH,Neon,1,0,0,0,0,0,0,0,0,37,0,0
371285,Sunset,Wo0t,TH,Kayo,2,0,0,0,0,0,0,0,0,72,6,0
371285,Sunset,benjyfishy,TH,Cypher,0,1,0,0,0,0,0,0,0,24,1,0
371285,Lotus,Sayf,VIT,Raze,2,3,2,0,0,0,0,0,0,113,0,2
371285,Lotus,trexx,VIT,Fade,2,0,0,0,0,0,0,0,0,69,0,1
371285,Lotus,ceNder,VIT,Omen,4,1,0,0,0,0,0,0,0,64,0,0
371285,Lotus,Kicks,VIT,Breach,2,0,0,0,0,0,0,0,0,50,3,0
371285,Lotus,runneR,VIT,Cypher,1,2,0,0,0,1,0,0,0,52,1,0
371285,Lotus,Boo,TH,Omen,0,0,0,0,0,0,0,0,0,16,0,0
371285,Lotus,RieNs,TH,Breach,1,1,0,0,0,0,0,0,0,33,3,0
371285,Lotus,MiniBoo,TH,Neon,4,1,0,0,0,0,0,0,0,65,0,0
371285,Lotus,Wo0t,TH,Fade,0,1,0,0,0,0,0,0,0,54,3,0
371285,Lotus,benjyfishy,TH,Cypher,2,0,0,0,0,1,0,0,0,44,0,0
371285,Haven,Sayf,VIT,Jett,3,3,0,0,0,0,0,0,0,62,0,0
371285,Haven,trexx,VIT,Sova,4,1,0,0,1,0,0,0,0,73,3,0
371285,Haven,ceNder,VIT,Omen,2,1,0,0,0,0,0,0,0,24,1,0
371285,Haven,Kicks,VIT,Breach,2,0,0,0,0,0,0,0,0,40,5,0
371285,Haven,runneR,VIT,Cypher,1,1,1,0,1,0,0,0,0,68,1,0
371285,Haven,Boo,TH,Omen,3,0,0,0,0,0,0,0,0,42,1,0
371285,Haven,RieNs,TH,Sova,1,0,0,0,0,0,0,0,0,43,0,0
371285,Haven,MiniBoo,TH,Neon,2,0,0,0,0,0,0,0,0,35,0,0
371285,Haven,Wo0t,TH,Breach,4,1,0,0,1,0,0,0,0,63,3,1
371285,Haven,benjyfishy,TH,Cypher,2,0,0,0,1,0,0,0,0,48,1,1
371283,Haven,Boaster,FNC,Omen,3,0,0,0,1,0,0,0,0,55,3,0
371283,Haven,Chronicle,FNC,Sova,1,0,0,0,0,0,0,0,0,56,1,1
371283,Haven,Derke,FNC,Yoru,2,2,1,0,0,0,0,0,0,71,0,2
371283,Haven,Alfajer,FNC,Iso,5,2,0,0,0,0,0,0,0,86,0,1
371283,Haven,hiro,FNC,Cypher,5,1,0,0,0,0,0,0,0,57,0,0
371283,Haven,Sayf,VIT,Jett,1,0,1,0,0,0,1,0,0,35,0,1
371283,Haven,trexx,VIT,Sova,1,1,0,0,1,0,0,0,0,64,0,1
371283,Haven,ceNder,VIT,Omen,2,0,0,0,0,0,0,0,0,40,3,0
371283,Haven,Kicks,VIT,Breach,3,0,0,0,0,0,0,0,0,46,3,0
371283,Haven,runneR,VIT,Cypher,2,0,0,0,1,0,0,0,0,39,1,0
371283,Ascent,Boaster,FNC,Astra,2,0,0,0,0,0,0,0,0,36,3,0
371283,Ascent,Chronicle,FNC,Sova,3,3,0,0,1,0,0,0,0,81,1,0
371283,Ascent,Derke,FNC,Yoru,2,1,0,0,0,0,0,0,0,47,3,0
371283,Ascent,Alfajer,FNC,Iso,4,1,0,0,0,0,0,0,0,53,2,0
371283,Ascent,hiro,FNC,Cypher,3,0,0,0,0,1,0,0,0,39,0,0
371283,Ascent,Sayf,VIT,Jett,3,1,1,0,1,0,0,0,0,94,1,0
371283,Ascent,trexx,VIT,Sova,5,1,0,0,1,0,0,0,0,56,1,0
371283,Ascent,ceNder,VIT,Omen,0,2,0,0,1,0,0,0,0,36,1,1
371283,Ascent,Kicks,VIT,Kayo,2,0,0,0,0,0,0,0,0,29,3,2
371283,Ascent,runneR,VIT,Killjoy,3,1,0,0,1,0,0,0,0,56,1,1
371283,Lotus,Boaster,FNC,Omen,2,0,0,0,1,0,0,0,0,34,1,1
371283,Lotus,Chronicle,FNC,Viper,4,0,1,0,1,0,0,0,0,66,0,1
371283,Lotus,Derke,FNC,Raze,3,0,0,0,0,0,0,0,0,58,1,1
371283,Lotus,Alfajer,FNC,Killjoy,4,1,1,0,0,1,0,0,0,54,1,3
371283,Lotus,hiro,FNC,Fade,2,0,0,0,0,0,0,0,0,40,2,1
371283,Lotus,Sayf,VIT,Raze,4,0,0,0,0,0,0,0,0,44,1,0
371283,Lotus,trexx,VIT,Fade,2,0,0,0,0,0,0,0,0,55,0,0
371283,Lotus,ceNder,VIT,Omen,2,0,1,0,0,0,0,0,0,56,1,0
371283,Lotus,Kicks,VIT,Breach,1,3,0,0,1,1,0,0,0,55,8,1
371283,Lotus,runneR,VIT,Cypher,4,1,0,0,0,0,0,0,0,58,1,0
371283,Bind,Boaster,FNC,Viper,3,1,1,0,0,0,0,0,0,88,0,0
371283,Bind,Chronicle,FNC,Skye,5,0,0,0,0,0,0,0,0,68,1,3
371283,Bind,Derke,FNC,Raze,2,0,0,0,0,0,0,0,0,48,0,1
371283,Bind,Alfajer,FNC,Clove,4,0,0,0,0,0,0,0,0,60,0,1
371283,Bind,hiro,FNC,Gekko,3,1,0,0,0,0,0,0,0,60,2,2
371283,Bind,Sayf,VIT,Raze,1,1,0,0,0,0,0,0,0,66,1,0
371283,Bind,trexx,VIT,Fade,2,0,0,0,0,0,0,0,0,40,1,0
371283,Bind,ceNder,VIT,Omen,2,0,0,0,0,0,0,0,0,25,1,0
371283,Bind,Kicks,VIT,Gekko,1,1,0,0,0,0,0,0,0,46,5,0
371283,Bind,runneR,VIT,Viper,2,0,0,0,0,0,0,0,0,40,1,0
