Match ID,Map,Player,Team,Agent,2K,3K,4K,5K,1v1,1v2,1v3,1v4,1v5,ECON,PL,DE
314622,Icebox,moose,C9,Killjoy,4,0,0,0,0,0,1,0,0,66,0,0
314622,Icebox,vanity,C9,Viper,2,0,0,0,0,0,0,0,0,37,1,0
314622,Icebox,Xeppaa,C9,Sage,2,0,0,0,0,0,0,0,0,53,5,0
314622,Icebox,runi,C9,Sova,2,0,0,0,0,1,0,0,0,38,0,2
314622,Icebox,OXY,C9,Jett,1,2,0,0,0,0,0,0,0,62,0,0
314622,Icebox,C0M,LEV,Sova,1,0,0,0,0,0,0,0,0,39,2,1
314622,Icebox,tex,LEV,Killjoy,2,1,0,0,0,0,0,0,0,40,0,0
314622,Icebox,Mazino,LEV,Harbor,5,0,0,0,0,1,0,0,0,59,9,1
314622,Icebox,aspas,LEV,Jett,8,1,0,1,0,0,0,0,0,116,0,0
314622,Icebox,kiNgg,LEV,Viper,2,0,0,0,0,0,0,0,0,42,0,0
314622,Sunset,moose,C9,Cypher,2,0,0,0,0,0,0,0,0,33,0,1
314622,Sunset,vanity,C9,Omen,4,0,0,0,0,0,0,0,0,56,5,0
314622,Sunset,Xeppaa,C9,Skye,5,0,0,0,0,0,0,0,0,66,1,0
314622,Sunset,runi,C9,Viper,2,3,0,0,0,0,0,0,0,81,1,0
314622,Sunset,OXY,C9,Raze,4,1,0,0,0,0,0,0,0,37,0,0
314622,Sunset,C0M,LEV,Sova,2,0,0,0,0,0,0,0,0,48,1,0
314622,Sunset,tex,LEV,Cypher,1,0,0,0,0,0,0,0,0,40,0,0
314622,Sunset,Mazino,LEV,Breach,1,0,0,0,0,0,0,0,0,25,4,0
314622,Sunset,aspas,LEV,Phoenix,3,0,0,0,0,0,0,0,0,48,2,0
314622,Sunset,kiNgg,LEV,Omen,3,1,0,0,0,0,0,0,0,56,0,0
314622,Ascent,moose,C9,Killjoy,3,1,0,0,2,0,0,0,0,44,0,1
314622,Ascent,vanity,C9,Omen,2,0,0,0,0,0,0,0,0,28,3,0
314622,Ascent,Xeppaa,C9,Kayo,4,2,1,0,0,1,0,1,0,47,2,1
314622,Ascent,runi,C9,Sova,7,0,0,0,0,1,0,0,0,47,6,1
314622,Ascent,OXY,C9,Jett,9,2,0,0,1,0,0,0,0,58,1,1
314622,Ascent,C0M,LEV,Viper,2,1,0,0,0,0,0,0,0,24,0,0
314622,Ascent,tex,LEV,Sage,4,0,0,0,0,0,0,0,0,35,5,0
314622,Ascent,Mazino,LEV,Kayo,4,1,0,0,0,0,0,0,0,28,4,2
314622,Ascent,aspas,LEV,Raze,6,2,2,0,0,0,0,0,0,58,2,0
314622,Ascent,kiNgg,LEV,Omen,7,2,1,0,1,1,0,0,0,57,1,1
314623,Breeze,crashies,NRG,Sova,5,0,0,0,1,1,0,0,0,51,3,1
314623,Breeze,Victor,NRG,Cypher,0,2,0,0,0,0,0,0,0,39,3,0
314623,Breeze,Marved,NRG,Viper,4,1,1,0,0,1,0,0,0,63,1,0
314623,Breeze,Ethan,NRG,Yoru,0,2,0,0,1,0,0,0,0,50,1,0
314623,Breeze,Demon1,NRG,Jett,1,1,0,0,0,0,0,0,0,64,1,1
314623,Breeze,saadhak,LOUD,Kayo,1,1,0,0,0,0,0,0,0,46,6,0
314623,Breeze,Quick,LOUD,Jett,3,1,0,0,0,0,0,0,0,37,0,0
314623,Breeze,tuyz,LOUD,Viper,4,1,0,0,0,1,0,0,0,67,1,0
314623,Breeze,cauanzin,LOUD,Sova,4,0,0,0,0,0,0,0,0,38,0,1
314623,Breeze,Less,LOUD,Cypher,8,2,0,0,0,0,1,0,0,78,1,0
314623,Sunset,crashies,NRG,Gekko,3,1,0,0,0,1,0,0,0,102,11,0
314623,Sunset,Victor,NRG,Cypher,3,0,1,0,0,0,0,0,0,61,0,0
314623,Sunset,Marved,NRG,Omen,0,2,0,0,1,1,0,0,0,58,0,1
314623,Sunset,Ethan,NRG,Kayo,3,0,0,0,0,0,0,0,0,44,0,0
314623,Sunset,Demon1,NRG,Raze,3,2,0,0,0,0,0,0,0,86,0,0
314623,Sunset,saadhak,LOUD,Sova,1,0,0,0,0,0,0,0,0,51,0,0
314623,Sunset,Quick,LOUD,Phoenix,1,1,0,0,0,0,0,0,0,40,0,1
314623,Sunset,tuyz,LOUD,Omen,1,1,0,0,0,0,0,0,0,38,1,0
314623,Sunset,cauanzin,LOUD,Breach,2,0,0,0,0,0,0,0,0,46,0,0
314623,Sunset,Less,LOUD,Viper,1,1,0,0,0,0,0,0,0,61,0,0
314624,Lotus,valyn,G2,Omen,5,1,0,0,2,0,0,0,0,56,0,1
314624,Lotus,JonahP,G2,Viper,3,1,0,0,0,0,0,0,0,69,2,0
314624,Lotus,leaf,G2,Killjoy,4,0,1,0,1,1,0,0,0,68,1,0
314624,Lotus,icy,G2,Raze,2,0,0,0,0,0,0,0,0,33,1,1
314624,Lotus,trent,G2,Fade,4,0,1,0,0,0,0,0,0,58,2,2
314624,Lotus,supamen,EG,Omen,1,0,0,0,0,0,0,0,0,42,5,0
314624,Lotus,Derrek,EG,Fade,3,1,0,0,0,1,0,0,0,40,4,0
314624,Lotus,jawgemo,EG,Raze,1,0,0,0,0,0,0,0,0,37,1,0
314624,Lotus,NaturE,EG,Viper,3,2,0,1,0,0,0,1,0,97,0,0
314624,Lotus,Apoth,EG,Cypher,4,0,0,0,0,0,0,0,0,50,0,0
314624,Icebox,valyn,G2,Omen,1,3,0,0,0,0,0,0,0,83,0,0
314624,Icebox,JonahP,G2,Viper,0,3,0,0,0,0,0,0,0,69,0,0
314624,Icebox,leaf,G2,Killjoy,3,1,0,0,0,0,0,0,0,45,1,1
314624,Icebox,icy,G2,Gekko,1,0,0,0,0,0,0,0,0,28,2,2
314624,Icebox,trent,G2,Sova,3,2,0,0,0,0,0,0,0,68,0,0
314624,Icebox,supamen,EG,Viper,0,1,0,0,0,0,0,0,0,31,0,0
314624,Icebox,Derrek,EG,Sova,0,0,0,0,0,0,0,0,0,43,0,0
314624,Icebox,jawgemo,EG,Jett,0,0,1,0,0,0,0,0,0,46,0,0
314624,Icebox,NaturE,EG,Killjoy,3,1,0,0,0,0,0,0,0,78,1,0
314624,Icebox,Apoth,EG,Harbor,0,0,0,0,0,0,0,0,0,14,5,0
314625,Icebox,TenZ,SEN,Kayo,5,0,0,0,0,0,0,0,0,39,1,0
314625,Icebox,Sacy,SEN,Gekko,2,3,1,0,0,0,0,0,0,72,7,3
314625,Icebox,Zellsis,SEN,Killjoy,3,0,0,0,0,0,0,0,0,53,1,1
314625,Icebox,johnqt,SEN,Viper,3,1,0,0,0,0,0,0,0,61,0,0
314625,Icebox,zekken,SEN,Jett,4,0,0,0,0,0,0,0,0,43,0,0
314625,Icebox,Asuna,100T,Gekko,4,0,0,0,0,0,0,0,0,45,8,0
314625,Icebox,Boostio,100T,Killjoy,1,0,0,0,0,0,0,0,0,27,2,0
314625,Icebox,eeiu,100T,Sova,2,0,0,0,0,0,0,0,0,39,1,0
314625,Icebox,bang,100T,Viper,4,0,0,0,0,0,0,0,0,62,0,1
314625,Icebox,Cryocells,100T,Jett,2,4,1,0,0,0,0,0,0,75,0,1
314625,Split,TenZ,SEN,Omen,2,1,0,0,0,0,0,0,0,48,1,0
314625,Split,Sacy,SEN,Skye,4,0,0,0,0,0,0,0,0,58,6,0
314625,Split,Zellsis,SEN,Viper,0,2,0,0,0,0,0,0,0,70,1,2
314625,Split,johnqt,SEN,Cypher,5,0,0,0,0,0,0,0,0,61,1,1
314625,Split,zekken,SEN,Raze,3,3,0,0,0,0,0,0,0,69,0,0
314625,Split,Asuna,100T,Raze,4,1,0,0,0,0,0,0,0,56,0,2
314625,Split,Boostio,100T,Gekko,1,0,0,0,0,0,0,0,0,23,3,0
314625,Split,eeiu,100T,Fade,2,0,0,0,0,0,0,0,0,51,1,0
314625,Split,bang,100T,Viper,4,0,0,0,0,0,0,0,0,49,0,0
314625,Split,Cryocells,100T,Astra,3,0,0,0,1,0,0,0,0,53,0,0
314626,Lotus,Melser,KRÜ,Omen,4,0,0,0,0,0,0,0,0,53,2,0
314626,Lotus,keznit,KRÜ,Raze,5,1,1,0,0,0,0,0,0,77,1,0
314626,Lotus,Klaus,KRÜ,Viper,1,1,0,0,0,0,0,0,0,47,1,0
314626,Lotus,heat,KRÜ,Fade,2,1,0,0,1,1,0,0,0,60,6,0
314626,Lotus,Shyy,KRÜ,Killjoy,2,0,0,0,1,0,0,0,0,44,0,1
314626,Lotus,nzr,FUR,Skye,8,1,0,0,0,1,0,0,0,83,5,0
314626,Lotus,mwzera,FUR,Raze,4,0,0,0,0,0,0,0,0,32,0,0
314626,Lotus,kon4n,FUR,Viper,1,0,0,0,0,0,0,0,0,37,0,0
314626,Lotus,Khalil,FUR,Omen,2,0,0,0,0,0,0,0,0,45,0,0
314626,Lotus,havoc,FUR,Killjoy,1,0,0,0,1,0,0,0,0,45,1,0
314626,Icebox,Melser,KRÜ,Viper,3,1,0,0,0,0,0,0,0,46,0,1
314626,Icebox,keznit,KRÜ,Reyna,7,0,2,0,0,0,0,0,0,71,1,0
314626,Icebox,Klaus,KRÜ,Gekko,2,0,0,0,0,0,0,0,0,35,10,0
314626,Icebox,heat,KRÜ,Kayo,5,4,0,0,0,1,0,0,0,78,1,1
314626,Icebox,Shyy,KRÜ,Killjoy,2,0,0,0,0,0,0,0,0,47,0,1
314626,Icebox,nzr,FUR,Kayo,3,0,0,0,0,0,0,0,0,32,2,1
314626,Icebox,mwzera,FUR,Omen,6,1,0,0,0,0,0,0,0,78,0,1
314626,Icebox,kon4n,FUR,Viper,2,0,0,0,0,0,0,0,0,46,2,0
314626,Icebox,Khalil,FUR,Killjoy,1,1,0,0,1,1,1,0,0,54,1,1
314626,Icebox,havoc,FUR,Gekko,5,0,0,0,0,0,0,0,0,59,5,2
314626,Breeze,Melser,KRÜ,Viper,3,0,0,0,0,0,0,0,0,58,2,0
314626,Breeze,keznit,KRÜ,Jett,3,1,0,0,0,0,0,0,0,74,0,0
314626,Breeze,Klaus,KRÜ,Sova,4,0,0,0,0,0,0,0,0,77,3,1
314626,Breeze,heat,KRÜ,Kayo,6,0,1,0,0,0,0,0,0,95,1,0
314626,Breeze,Shyy,KRÜ,Cypher,1,1,0,0,0,0,0,0,0,89,0,0
314626,Breeze,nzr,FUR,Sova,0,0,1,0,0,0,1,0,0,43,1,0
314626,Breeze,mwzera,FUR,Jett,3,1,0,0,0,0,0,0,0,43,0,0
314626,Breeze,kon4n,FUR,Viper,1,1,0,0,1,0,0,0,0,37,2,0
314626,Breeze,Khalil,FUR,Cypher,1,1,0,0,0,0,0,0,0,44,0,0
314626,Breeze,havoc,FUR,Kayo,2,0,0,0,0,0,0,0,0,39,3,1
314628,Bind,valyn,G2,Brimstone,1,2,0,0,0,0,0,0,0,52,3,0
314628,Bind,JonahP,G2,Kayo,2,0,0,0,0,0,0,0,0,54,1,1
314628,Bind,leaf,G2,Viper,2,1,0,0,0,0,0,0,0,50,0,0
314628,Bind,icy,G2,Yoru,4,0,0,0,1,0,0,0,0,47,1,1
314628,Bind,trent,G2,Fade,4,0,0,0,0,0,0,0,0,60,0,0
314628,Bind,Asuna,100T,Raze,1,1,0,0,1,0,0,0,0,37,0,0
314628,Bind,Boostio,100T,Gekko,2,0,1,0,0,1,0,0,0,47,5,0
314628,Bind,eeiu,100T,Fade,2,2,0,0,0,0,1,0,0,50,2,0
314628,Bind,bang,100T,Viper,3,1,0,0,0,0,0,0,0,59,1,0
314628,Bind,Cryocells,100T,Brimstone,5,1,0,0,0,0,0,0,0,60,1,0
314628,Split,valyn,G2,Omen,0,1,0,0,0,0,0,0,0,31,3,0
314628,Split,JonahP,G2,Breach,1,0,0,0,1,0,0,0,0,37,2,1
314628,Split,leaf,G2,Cypher,2,0,1,0,0,1,0,0,0,49,0,1
314628,Split,icy,G2,Raze,0,0,0,0,0,0,0,0,0,36,0,1
314628,Split,trent,G2,Viper,6,1,0,0,0,0,0,0,0,65,0,0
314628,Split,Asuna,100T,Raze,3,2,1,0,0,0,0,0,0,93,1,0
314628,Split,Boostio,100T,Gekko,1,1,0,0,0,0,0,0,0,38,4,1
314628,Split,eeiu,100T,Fade,4,1,0,0,0,0,1,0,0,55,0,0
314628,Split,bang,100T,Viper,2,2,0,0,1,0,0,0,0,61,1,0
314628,Split,Cryocells,100T,Astra,5,1,0,0,0,0,0,0,0,53,1,0
314629,Lotus,TenZ,SEN,Omen,4,0,0,0,0,1,0,0,0,34,2,0
314629,Lotus,Sacy,SEN,Fade,1,1,0,0,0,0,0,0,0,39,7,1
314629,Lotus,Zellsis,SEN,Killjoy,6,0,0,0,0,0,1,0,0,42,4,0
314629,Lotus,johnqt,SEN,Viper,5,1,2,0,1,2,1,0,0,55,1,2
314629,Lotus,zekken,SEN,Raze,5,0,0,0,0,0,0,0,0,31,2,1
314629,Lotus,C0M,LEV,Fade,3,1,0,0,0,0,0,0,0,29,12,1
314629,Lotus,tex,LEV,Killjoy,5,1,0,0,0,0,0,0,0,29,0,1
314629,Lotus,Mazino,LEV,Omen,3,1,0,0,0,0,0,0,0,41,2,1
314629,Lotus,aspas,LEV,Raze,9,6,1,0,0,0,0,0,0,72,0,0
314629,Lotus,kiNgg,LEV,Viper,5,1,0,0,0,1,0,0,0,49,4,0
314629,Icebox,TenZ,SEN,Kayo,2,1,0,0,1,0,0,0,0,47,0,0
314629,Icebox,Sacy,SEN,Gekko,0,1,0,0,0,0,0,0,0,32,7,3
314629,Icebox,Zellsis,SEN,Killjoy,4,1,0,0,0,0,0,0,0,52,0,2
314629,Icebox,johnqt,SEN,Viper,1,0,0,0,0,0,0,0,0,29,0,0
314629,Icebox,zekken,SEN,Jett,2,2,0,0,0,0,0,0,0,64,0,0
314629,Icebox,C0M,LEV,Sova,2,2,0,0,0,0,0,0,0,50,3,2
314629,Icebox,tex,LEV,Killjoy,3,0,0,0,0,0,0,0,0,42,1,0
314629,Icebox,Mazino,LEV,Harbor,2,0,0,0,0,0,0,0,0,32,8,0
314629,Icebox,aspas,LEV,Jett,3,2,0,0,0,0,0,0,0,72,0,0
314629,Icebox,kiNgg,LEV,Viper,6,0,0,0,0,0,0,0,0,58,0,0
314630,Icebox,Melser,KRÜ,Viper,1,0,0,0,0,0,0,0,0,58,1,0
314630,Icebox,keznit,KRÜ,Reyna,5,2,0,0,0,1,0,0,0,51,0,0
314630,Icebox,Klaus,KRÜ,Gekko,2,0,0,0,0,0,0,0,0,69,11,0
314630,Icebox,heat,KRÜ,Kayo,3,1,0,0,0,0,0,0,0,52,0,1
314630,Icebox,Shyy,KRÜ,Killjoy,1,0,0,0,1,0,0,0,0,53,0,0
314630,Icebox,frz,MIBR,Killjoy,2,0,1,0,0,0,0,0,0,70,0,1
314630,Icebox,RgLMeister,MIBR,Harbor,0,0,0,0,0,0,0,0,0,28,1,1
314630,Icebox,artzin,MIBR,Jett,3,0,1,0,0,0,0,0,0,52,0,0
314630,Icebox,mazin,MIBR,Viper,0,0,0,0,0,0,0,0,0,36,0,3
314630,Icebox,jzz,MIBR,Sova,2,2,0,0,0,0,0,0,0,62,1,0
314630,Sunset,Melser,KRÜ,Omen,2,0,0,0,0,1,0,0,0,55,0,0
314630,Sunset,keznit,KRÜ,Raze,4,2,0,0,0,0,0,0,0,73,2,0
314630,Sunset,Klaus,KRÜ,Breach,3,0,0,0,0,0,0,0,0,51,0,1
314630,Sunset,heat,KRÜ,Gekko,1,3,0,0,1,2,0,0,0,62,5,1
314630,Sunset,Shyy,KRÜ,Cypher,1,1,0,0,0,0,0,0,0,51,0,0
314630,Sunset,frz,MIBR,Cypher,2,2,0,0,0,0,0,0,0,46,0,0
314630,Sunset,RgLMeister,MIBR,Omen,3,1,0,0,0,1,0,0,0,47,5,1
314630,Sunset,artzin,MIBR,Raze,2,1,0,0,0,0,0,0,0,52,0,0
314630,Sunset,mazin,MIBR,Viper,2,0,0,0,0,0,0,0,0,40,0,0
314630,Sunset,jzz,MIBR,Skye,2,2,0,0,0,0,0,0,0,54,2,0
314631,Split,crashies,NRG,Skye,4,0,0,0,2,0,0,0,0,67,6,0
314631,Split,Victor,NRG,Raze,6,0,0,0,0,0,0,0,0,90,1,0
314631,Split,Marved,NRG,Viper,5,0,0,0,0,0,0,0,0,73,1,0
314631,Split,Ethan,NRG,Omen,1,0,0,0,0,0,0,0,0,49,0,0
314631,Split,Demon1,NRG,Jett,4,1,0,0,0,1,0,0,0,78,1,2
314631,Split,nzr,FUR,Skye,2,1,0,0,0,0,0,0,0,36,2,0
314631,Split,mwzera,FUR,Yoru,1,0,0,0,0,0,0,0,0,33,0,0
314631,Split,kon4n,FUR,Viper,0,1,0,0,0,0,0,0,0,33,0,0
314631,Split,Khalil,FUR,Omen,1,0,0,0,0,0,0,0,0,34,0,0
314631,Split,havoc,FUR,Raze,1,1,0,0,0,0,0,0,0,63,0,0
314631,Breeze,crashies,NRG,Sova,1,0,0,0,0,0,0,0,0,38,4,0
314631,Breeze,Victor,NRG,Cypher,8,1,0,0,0,0,0,0,0,74,0,0
314631,Breeze,Marved,NRG,Viper,3,0,0,0,1,1,0,0,0,55,0,1
314631,Breeze,Ethan,NRG,Yoru,0,1,0,0,0,0,0,0,0,50,3,1
314631,Breeze,Demon1,NRG,Jett,5,1,0,0,0,0,0,0,0,64,2,0
314631,Breeze,nzr,FUR,Sova,3,1,0,0,0,0,0,0,0,65,5,0
314631,Breeze,mwzera,FUR,Yoru,3,2,0,0,0,0,0,0,0,51,1,0
314631,Breeze,kon4n,FUR,Viper,3,0,0,0,0,0,0,0,0,40,1,1
314631,Breeze,Khalil,FUR,Cypher,1,1,0,0,0,0,0,0,0,37,1,1
314631,Breeze,havoc,FUR,Jett,2,0,0,0,0,0,0,0,0,36,0,0
314632,Lotus,moose,C9,Killjoy,2,2,0,0,0,1,0,0,0,63,0,1
314632,Lotus,vanity,C9,Omen,1,0,0,0,1,0,0,0,0,24,0,1
314632,Lotus,Xeppaa,C9,Gekko,3,2,0,0,0,0,0,0,0,45,3,1
314632,Lotus,runi,C9,Viper,3,1,0,0,1,1,0,0,0,82,0,0
314632,Lotus,OXY,C9,Raze,2,0,1,0,0,0,0,0,0,41,1,0
314632,Lotus,supamen,EG,Omen,5,1,0,0,0,0,0,0,0,64,4,1
314632,Lotus,Derrek,EG,Fade,2,2,0,0,0,0,0,0,0,55,3,1
314632,Lotus,jawgemo,EG,Raze,3,1,1,0,0,0,0,0,0,51,1,0
314632,Lotus,NaturE,EG,Viper,5,0,0,0,0,0,0,0,0,59,0,1
314632,Lotus,Apoth,EG,Cypher,2,0,0,0,0,1,0,0,0,49,0,0
314632,Sunset,moose,C9,Cypher,2,1,0,0,0,0,0,0,0,40,0,0
314632,Sunset,vanity,C9,Omen,2,1,0,0,0,0,0,0,0,38,3,0
314632,Sunset,Xeppaa,C9,Skye,1,2,0,0,0,0,0,0,0,51,5,0
314632,Sunset,runi,C9,Viper,3,1,0,0,0,0,1,0,0,63,2,0
314632,Sunset,OXY,C9,Raze,8,5,0,0,0,0,0,0,0,85,0,0
314632,Sunset,supamen,EG,Omen,3,0,0,0,0,0,0,0,0,39,0,1
314632,Sunset,Derrek,EG,Fade,1,1,0,0,0,0,0,0,0,57,1,0
314632,Sunset,jawgemo,EG,Raze,2,1,0,0,0,0,0,0,0,46,1,0
314632,Sunset,NaturE,EG,Breach,1,0,0,0,0,0,0,0,0,44,2,1
314632,Sunset,Apoth,EG,Cypher,3,1,0,0,1,0,0,0,0,70,0,0
314632,Split,moose,C9,Cypher,2,1,0,0,0,0,0,0,0,63,0,1
314632,Split,vanity,C9,Omen,2,0,0,0,0,0,0,0,0,29,1,0
314632,Split,Xeppaa,C9,Skye,3,0,0,0,0,0,0,0,0,53,2,0
314632,Split,runi,C9,Viper,3,0,0,0,0,0,0,0,0,57,0,1
314632,Split,OXY,C9,Raze,4,3,2,0,0,0,0,0,0,103,0,4
314632,Split,supamen,EG,Omen,1,1,0,0,0,0,0,0,0,53,3,0
314632,Split,Derrek,EG,Skye,1,0,0,0,1,0,0,0,0,43,3,0
314632,Split,jawgemo,EG,Raze,0,1,0,0,0,1,0,0,0,55,1,0
314632,Split,NaturE,EG,Viper,3,0,0,0,0,0,0,0,0,52,1,0
314632,Split,Apoth,EG,Cypher,1,0,1,0,0,0,0,0,0,42,0,0
314634,Lotus,TenZ,SEN,Omen,3,1,0,0,0,1,0,0,0,101,0,0
314634,Lotus,Sacy,SEN,Fade,2,0,0,0,0,0,0,0,0,50,0,1
314634,Lotus,Zellsis,SEN,Killjoy,3,1,0,0,1,0,0,0,0,81,3,0
314634,Lotus,johnqt,SEN,Viper,5,1,0,0,1,0,0,0,0,71,1,1
314634,Lotus,zekken,SEN,Raze,4,1,1,0,0,0,0,0,0,86,0,1
314634,Lotus,frz,MIBR,Killjoy,1,0,0,0,1,0,0,0,0,47,1,0
314634,Lotus,RgLMeister,MIBR,Omen,1,0,0,0,0,0,0,0,0,37,3,0
314634,Lotus,artzin,MIBR,Raze,1,0,0,0,0,0,0,0,0,37,0,0
314634,Lotus,mazin,MIBR,Viper,1,2,0,0,0,1,0,0,0,41,0,0
314634,Lotus,jzz,MIBR,Skye,2,0,0,0,0,0,0,0,0,49,2,0
314634,Bind,TenZ,SEN,Gekko,2,1,0,0,0,0,0,0,0,57,8,0
314634,Bind,Sacy,SEN,Skye,2,0,0,0,0,0,0,0,0,47,0,1
314634,Bind,Zellsis,SEN,Brimstone,3,0,0,0,1,0,0,0,0,49,1,0
314634,Bind,johnqt,SEN,Viper,3,0,0,0,0,0,0,0,0,66,0,1
314634,Bind,zekken,SEN,Raze,5,2,0,0,0,0,0,0,0,81,0,0
314634,Bind,frz,MIBR,Viper,1,1,0,0,0,1,0,0,0,44,0,0
314634,Bind,RgLMeister,MIBR,Brimstone,2,2,0,0,0,0,0,0,0,51,6,0
314634,Bind,artzin,MIBR,Raze,1,1,1,0,0,0,0,0,0,48,0,0
314634,Bind,mazin,MIBR,Kayo,0,0,0,0,1,0,0,0,0,41,0,0
314634,Bind,jzz,MIBR,Skye,1,0,0,0,0,0,0,0,0,28,0,0
314635,Bind,moose,C9,Cypher,5,0,0,0,0,0,0,0,0,53,0,1
314635,Bind,vanity,C9,Brimstone,4,0,1,0,0,0,0,0,0,51,5,0
314635,Bind,Xeppaa,C9,Skye,1,0,0,0,0,0,0,0,0,32,0,1
314635,Bind,runi,C9,Viper,4,0,0,0,0,0,0,0,0,55,2,0
314635,Bind,OXY,C9,Raze,4,2,0,0,0,0,0,0,0,55,0,1
314635,Bind,saadhak,LOUD,Breach,0,1,0,0,1,1,0,0,0,41,7,1
314635,Bind,Quick,LOUD,Raze,3,1,0,0,1,0,0,0,0,38,0,1
314635,Bind,tuyz,LOUD,Brimstone,2,1,0,0,0,0,0,0,0,52,2,0
314635,Bind,cauanzin,LOUD,Kayo,2,0,1,0,0,0,0,0,0,57,0,0
314635,Bind,Less,LOUD,Viper,1,4,1,0,0,0,1,0,0,77,0,0
314635,Icebox,moose,C9,Killjoy,2,0,0,0,1,0,0,0,0,54,1,0
314635,Icebox,vanity,C9,Viper,2,1,0,0,0,0,0,0,0,71,2,0
314635,Icebox,Xeppaa,C9,Sage,1,0,0,0,0,0,0,0,0,37,5,0
314635,Icebox,runi,C9,Sova,1,3,0,0,0,0,0,0,0,93,1,1
314635,Icebox,OXY,C9,Jett,4,1,0,1,0,0,0,0,0,65,0,0
314635,Icebox,saadhak,LOUD,Killjoy,1,1,1,0,0,0,0,0,0,92,1,0
314635,Icebox,Quick,LOUD,Jett,0,1,0,0,0,0,0,0,0,38,0,0
314635,Icebox,tuyz,LOUD,Harbor,2,0,0,0,0,0,0,0,0,42,0,0
314635,Icebox,cauanzin,LOUD,Sova,1,0,0,0,0,0,0,0,0,57,0,0
314635,Icebox,Less,LOUD,Viper,1,1,0,0,0,0,0,0,0,39,1,0
314635,Lotus,moose,C9,Killjoy,0,0,1,0,0,1,0,0,0,34,0,2
314635,Lotus,vanity,C9,Omen,1,0,0,0,0,0,0,0,0,41,1,0
314635,Lotus,Xeppaa,C9,Gekko,4,2,0,0,1,0,0,0,0,62,7,1
314635,Lotus,runi,C9,Viper,3,1,0,0,0,0,0,0,0,64,0,1
314635,Lotus,OXY,C9,Raze,5,2,0,0,0,0,0,0,0,68,0,0
314635,Lotus,saadhak,LOUD,Deadlock,3,4,0,0,0,1,0,0,0,70,1,1
314635,Lotus,Quick,LOUD,Raze,1,1,0,0,0,0,0,0,0,62,0,0
314635,Lotus,tuyz,LOUD,Omen,1,0,0,0,0,1,0,0,0,24,2,0
314635,Lotus,cauanzin,LOUD,Fade,0,1,1,0,0,0,0,0,0,45,2,1
314635,Lotus,Less,LOUD,Viper,3,0,0,0,0,0,0,0,0,46,1,0
314636,Lotus,Melser,KRÜ,Omen,1,1,0,0,1,0,0,0,0,60,1,0
314636,Lotus,keznit,KRÜ,Raze,3,2,2,0,0,0,0,0,0,97,2,0
314636,Lotus,Klaus,KRÜ,Viper,4,0,0,1,0,1,0,0,0,71,3,0
314636,Lotus,heat,KRÜ,Fade,2,0,1,0,0,0,0,0,0,46,4,0
314636,Lotus,Shyy,KRÜ,Killjoy,3,1,0,0,0,0,0,0,0,41,1,0
314636,Lotus,supamen,EG,Omen,4,1,0,0,0,0,0,0,0,47,1,1
314636,Lotus,Derrek,EG,Fade,2,0,0,0,0,1,0,0,0,47,1,0
314636,Lotus,jawgemo,EG,Raze,2,0,0,0,0,0,0,0,0,33,0,0
314636,Lotus,NaturE,EG,Viper,2,1,0,0,0,0,0,0,0,51,1,0
314636,Lotus,Apoth,EG,Cypher,1,1,0,0,0,0,0,0,0,41,0,0
314636,Breeze,Melser,KRÜ,Viper,2,1,1,0,0,0,0,0,0,65,3,1
314636,Breeze,keznit,KRÜ,Jett,4,0,0,0,0,0,0,0,0,56,1,1
314636,Breeze,Klaus,KRÜ,Sova,3,1,0,0,0,0,0,0,0,59,2,0
314636,Breeze,heat,KRÜ,Kayo,3,2,0,0,0,0,0,0,0,75,1,0
314636,Breeze,Shyy,KRÜ,Cypher,1,1,0,0,0,0,0,0,0,43,0,1
314636,Breeze,supamen,EG,Viper,2,1,0,0,0,0,0,0,0,50,1,0
314636,Breeze,Derrek,EG,Sova,3,1,0,0,0,1,0,0,0,55,5,2
314636,Breeze,jawgemo,EG,Jett,3,1,0,0,0,0,0,0,0,38,1,0
314636,Breeze,NaturE,EG,Yoru,2,2,0,0,0,0,1,0,0,47,0,0
314636,Breeze,Apoth,EG,Astra,1,0,0,0,0,0,0,0,0,24,0,0
314637,Sunset,crashies,NRG,Gekko,2,0,0,0,0,0,0,0,0,43,5,0
314637,Sunset,Victor,NRG,Cypher,2,0,0,0,0,0,0,0,0,33,0,0
314637,Sunset,Marved,NRG,Omen,2,0,0,0,0,0,0,0,0,33,0,0
314637,Sunset,Ethan,NRG,Kayo,2,2,0,0,0,0,0,0,0,66,0,0
314637,Sunset,Demon1,NRG,Raze,2,0,0,0,0,1,0,0,0,30,0,1
314637,Sunset,C0M,LEV,Cypher,1,0,0,0,0,1,0,0,0,50,0,1
314637,Sunset,tex,LEV,Gekko,3,0,0,0,0,0,0,0,0,78,4,1
314637,Sunset,Mazino,LEV,Breach,1,3,0,0,0,0,1,0,0,87,0,0
314637,Sunset,aspas,LEV,Raze,2,1,0,0,1,0,0,0,0,83,0,1
314637,Sunset,kiNgg,LEV,Omen,2,1,1,0,0,0,0,0,0,101,0,0
314637,Bind,crashies,NRG,Gekko,2,0,0,0,0,0,0,0,0,25,5,1
314637,Bind,Victor,NRG,Brimstone,2,0,0,0,0,0,0,0,0,36,0,0
314637,Bind,Marved,NRG,Viper,3,0,1,0,0,1,0,0,0,69,0,0
314637,Bind,Ethan,NRG,Kayo,1,1,0,0,0,0,0,0,0,33,0,0
314637,Bind,Demon1,NRG,Raze,1,1,0,0,0,0,0,0,0,34,0,0
314637,Bind,C0M,LEV,Skye,2,0,0,0,1,0,0,0,0,48,0,1
314637,Bind,tex,LEV,Gekko,4,0,0,0,0,0,0,0,0,50,2,2
314637,Bind,Mazino,LEV,Brimstone,5,1,0,0,0,1,0,0,0,80,1,0
314637,Bind,aspas,LEV,Raze,7,1,0,0,0,0,0,0,0,99,0,1
314637,Bind,kiNgg,LEV,Viper,4,1,0,0,0,0,0,0,0,103,0,0
314638,Lotus,valyn,G2,Omen,1,0,0,0,0,0,0,0,0,59,1,0
314638,Lotus,JonahP,G2,Viper,4,0,0,0,0,0,0,0,0,61,2,0
314638,Lotus,leaf,G2,Killjoy,5,1,0,0,1,1,0,0,0,53,1,0
314638,Lotus,icy,G2,Raze,2,2,0,0,0,0,0,0,0,82,0,0
314638,Lotus,trent,G2,Fade,1,2,0,0,0,0,0,0,0,88,7,0
314638,Lotus,nzr,FUR,Fade,0,2,0,0,1,0,0,0,0,29,0,1
314638,Lotus,mwzera,FUR,Raze,0,0,0,0,0,0,0,0,0,38,0,1
314638,Lotus,kon4n,FUR,Viper,3,0,0,0,0,0,0,0,0,59,0,0
314638,Lotus,Khalil,FUR,Omen,0,0,0,0,0,0,0,0,0,26,0,0
314638,Lotus,havoc,FUR,Killjoy,2,0,1,0,0,0,0,0,0,53,0,0
314638,Icebox,valyn,G2,Harbor,0,0,1,0,0,0,0,0,0,45,0,2
314638,Icebox,JonahP,G2,Viper,5,1,0,0,1,0,0,0,0,87,0,0
314638,Icebox,leaf,G2,Killjoy,2,0,0,0,0,0,0,0,0,69,0,0
314638,Icebox,icy,G2,Gekko,1,0,0,0,0,0,0,0,0,33,4,1
314638,Icebox,trent,G2,Sova,4,2,0,0,1,0,0,0,0,109,0,1
314638,Icebox,nzr,FUR,Kayo,4,1,0,0,0,0,0,0,0,54,0,0
314638,Icebox,mwzera,FUR,Omen,0,0,0,0,0,0,0,0,0,21,0,0
314638,Icebox,kon4n,FUR,Viper,0,0,0,0,0,0,0,0,0,22,1,0
314638,Icebox,Khalil,FUR,Killjoy,2,0,0,0,0,0,0,0,0,64,0,0
314638,Icebox,havoc,FUR,Gekko,1,0,0,0,0,0,0,0,0,37,6,0
314639,Bind,moose,C9,Cypher,1,0,0,0,1,0,0,0,0,27,0,0
314639,Bind,vanity,C9,Brimstone,2,0,0,0,1,0,0,0,0,35,3,1
314639,Bind,Xeppaa,C9,Skye,1,2,0,0,1,1,0,0,0,61,2,1
314639,Bind,runi,C9,Viper,1,0,0,0,0,0,0,0,0,44,0,0
314639,Bind,OXY,C9,Raze,4,1,0,0,0,0,0,0,0,59,0,0
314639,Bind,Asuna,100T,Raze,5,1,0,0,1,0,0,0,0,76,0,1
314639,Bind,Boostio,100T,Gekko,0,0,1,0,0,0,0,0,0,43,4,1
314639,Bind,eeiu,100T,Fade,3,1,0,0,0,0,0,0,0,73,0,0
314639,Bind,bang,100T,Viper,4,0,0,0,0,0,0,0,0,48,0,0
314639,Bind,Cryocells,100T,Brimstone,3,2,0,0,0,1,0,0,0,56,3,0
314639,Ascent,moose,C9,Cypher,1,0,0,0,0,0,0,0,0,35,1,0
314639,Ascent,vanity,C9,Omen,3,1,0,0,0,1,0,0,0,43,0,1
314639,Ascent,Xeppaa,C9,Kayo,0,0,0,0,0,0,0,0,0,50,1,0
314639,Ascent,runi,C9,Sova,2,0,0,0,1,0,0,0,0,26,1,0
314639,Ascent,OXY,C9,Jett,2,2,0,0,0,0,0,0,0,51,0,0
314639,Ascent,Asuna,100T,Kayo,4,0,0,0,0,0,0,0,0,51,2,0
314639,Ascent,Boostio,100T,Killjoy,2,1,0,0,0,0,0,0,0,64,0,0
314639,Ascent,eeiu,100T,Sova,2,1,0,0,0,2,0,0,0,49,0,2
314639,Ascent,bang,100T,Omen,6,1,0,0,0,0,0,0,0,91,0,0
314639,Ascent,Cryocells,100T,Jett,4,3,0,0,0,0,0,0,0,93,0,0
314640,Lotus,TenZ,SEN,Omen,4,3,0,0,1,0,0,0,0,62,0,1
314640,Lotus,Sacy,SEN,Fade,3,0,0,0,1,0,0,0,0,34,7,1
314640,Lotus,Zellsis,SEN,Killjoy,4,2,0,0,0,0,0,0,0,57,1,1
314640,Lotus,johnqt,SEN,Viper,5,0,0,0,0,0,0,0,0,57,0,0
314640,Lotus,zekken,SEN,Raze,5,1,0,0,0,0,0,0,0,69,3,0
314640,Lotus,supamen,EG,Omen,1,1,0,0,1,0,0,0,0,43,7,0
314640,Lotus,Derrek,EG,Fade,0,1,0,0,1,0,0,0,0,40,2,1
314640,Lotus,jawgemo,EG,Raze,6,5,0,0,0,0,0,0,0,78,1,0
314640,Lotus,NaturE,EG,Viper,1,0,0,0,1,0,0,0,0,28,1,0
314640,Lotus,Apoth,EG,Cypher,4,0,1,0,1,0,0,0,0,60,0,0
314640,Bind,TenZ,SEN,Gekko,2,1,0,0,0,0,0,0,0,46,7,0
314640,Bind,Sacy,SEN,Skye,4,1,1,0,0,1,0,0,0,60,1,0
314640,Bind,Zellsis,SEN,Brimstone,2,1,0,0,0,0,0,0,0,49,1,0
314640,Bind,johnqt,SEN,Viper,2,1,1,0,0,0,1,0,0,53,0,0
314640,Bind,zekken,SEN,Raze,2,0,0,0,0,0,0,0,0,35,1,0
314640,Bind,supamen,EG,Viper,4,1,0,0,0,0,0,0,0,52,0,0
314640,Bind,Derrek,EG,Gekko,1,2,0,0,0,0,0,0,0,37,6,0
314640,Bind,jawgemo,EG,Raze,1,0,0,0,0,0,0,0,0,33,2,0
314640,Bind,NaturE,EG,Skye,5,2,0,0,1,0,0,0,0,67,1,0
314640,Bind,Apoth,EG,Brimstone,3,3,0,0,0,2,0,0,0,67,1,0
314640,Sunset,TenZ,SEN,Omen,3,0,1,0,0,0,0,0,0,46,0,0
314640,Sunset,Sacy,SEN,Gekko,2,0,0,0,0,1,0,0,0,41,8,1
314640,Sunset,Zellsis,SEN,Kayo,5,0,0,0,0,1,0,0,0,53,0,1
314640,Sunset,johnqt,SEN,Cypher,4,0,0,0,1,0,0,0,0,51,0,0
314640,Sunset,zekken,SEN,Raze,5,1,0,0,0,0,0,0,0,72,1,0
314640,Sunset,supamen,EG,Omen,3,2,0,0,0,0,0,0,0,51,2,1
314640,Sunset,Derrek,EG,Fade,3,1,0,0,0,1,0,0,0,50,0,0
314640,Sunset,jawgemo,EG,Raze,7,0,0,0,0,1,0,0,0,58,4,1
314640,Sunset,NaturE,EG,Breach,3,0,0,0,1,0,0,0,0,54,3,1
314640,Sunset,Apoth,EG,Cypher,3,0,0,0,0,0,0,0,0,41,0,0
314641,Split,crashies,NRG,Skye,2,0,1,0,0,0,1,0,0,38,4,0
314641,Split,Victor,NRG,Raze,5,2,1,0,0,0,0,0,0,77,0,1
314641,Split,Marved,NRG,Viper,2,0,0,0,0,0,0,0,0,45,0,0
314641,Split,Ethan,NRG,Omen,2,0,0,0,1,0,0,0,0,70,4,0
314641,Split,Demon1,NRG,Jett,4,1,0,0,0,1,0,0,0,45,0,1
314641,Split,frz,MIBR,Viper,4,0,0,0,0,0,0,0,0,48,2,0
314641,Split,RgLMeister,MIBR,Astra,4,0,0,0,0,1,0,0,0,33,1,0
314641,Split,artzin,MIBR,Jett,3,2,0,0,0,0,0,0,0,75,0,0
314641,Split,mazin,MIBR,Skye,2,0,0,0,1,0,0,0,0,34,1,1
314641,Split,jzz,MIBR,Raze,2,2,0,0,0,0,0,0,0,57,1,0
314641,Breeze,crashies,NRG,Sova,4,1,0,0,0,0,0,0,0,57,2,0
314641,Breeze,Victor,NRG,Cypher,1,3,0,0,0,0,0,0,0,64,1,1
314641,Breeze,Marved,NRG,Viper,2,1,0,0,1,0,0,0,0,61,0,0
314641,Breeze,Ethan,NRG,Yoru,5,1,0,0,0,0,0,0,0,80,1,1
314641,Breeze,Demon1,NRG,Jett,2,0,0,0,0,0,0,0,0,65,0,0
314641,Breeze,frz,MIBR,Cypher,2,1,0,0,1,0,0,0,0,41,0,0
314641,Breeze,RgLMeister,MIBR,Viper,1,0,0,0,0,0,0,0,0,18,3,0
314641,Breeze,artzin,MIBR,Jett,1,0,0,0,0,0,0,0,0,42,0,0
314641,Breeze,mazin,MIBR,Kayo,0,0,0,0,0,0,0,0,0,17,1,0
314641,Breeze,jzz,MIBR,Sova,2,0,0,0,0,0,0,0,0,74,1,0
314642,Breeze,valyn,G2,Harbor,0,1,0,1,0,0,0,0,0,60,3,1
314642,Breeze,JonahP,G2,Viper,2,1,0,0,0,1,0,0,0,44,1,1
314642,Breeze,leaf,G2,Cypher,3,1,0,0,0,0,0,0,0,52,1,0
314642,Breeze,icy,G2,Yoru,0,0,0,0,0,0,0,0,0,24,1,0
314642,Breeze,trent,G2,Sova,2,0,0,0,1,0,0,0,0,44,1,1
314642,Breeze,C0M,LEV,Sova,0,2,0,0,0,0,0,0,0,59,1,3
314642,Breeze,tex,LEV,Cypher,3,1,1,0,0,0,0,0,0,88,0,0
314642,Breeze,Mazino,LEV,Kayo,1,0,0,0,0,0,0,0,0,47,4,0
314642,Breeze,aspas,LEV,Jett,4,1,1,0,1,0,0,0,0,81,1,1
314642,Breeze,kiNgg,LEV,Viper,2,1,0,0,0,0,0,1,0,65,0,1
314642,Icebox,valyn,G2,Harbor,3,0,0,0,0,0,0,0,0,33,0,1
314642,Icebox,JonahP,G2,Viper,4,1,0,0,1,0,0,0,0,53,0,1
314642,Icebox,leaf,G2,Killjoy,6,2,1,0,0,1,0,0,0,107,1,1
314642,Icebox,icy,G2,Gekko,4,1,0,0,1,0,0,0,0,58,6,1
314642,Icebox,trent,G2,Sova,2,0,0,0,0,0,1,0,0,42,0,1
314642,Icebox,C0M,LEV,Sova,3,0,0,0,1,0,0,0,0,53,0,0
314642,Icebox,tex,LEV,Killjoy,2,0,0,0,0,0,0,0,0,42,0,0
314642,Icebox,Mazino,LEV,Harbor,4,0,0,0,0,0,0,0,0,34,6,0
314642,Icebox,aspas,LEV,Jett,2,2,0,0,1,0,0,0,0,60,1,0
314642,Icebox,kiNgg,LEV,Viper,1,1,0,0,0,0,0,0,0,53,4,0
314642,Lotus,valyn,G2,Omen,3,0,0,0,0,0,0,0,0,41,1,0
314642,Lotus,JonahP,G2,Viper,4,0,1,0,0,0,0,0,0,59,0,0
314642,Lotus,leaf,G2,Killjoy,2,1,0,0,1,0,0,0,0,52,0,2
314642,Lotus,icy,G2,Raze,1,0,1,0,0,0,0,0,0,35,1,0
314642,Lotus,trent,G2,Fade,2,0,0,0,1,0,0,0,0,40,3,0
314642,Lotus,C0M,LEV,Fade,2,0,0,0,0,0,0,0,0,29,5,0
314642,Lotus,tex,LEV,Killjoy,3,1,0,0,0,0,0,0,0,49,0,0
314642,Lotus,Mazino,LEV,Omen,5,1,0,0,0,0,0,0,0,79,2,0
314642,Lotus,aspas,LEV,Raze,1,3,0,0,0,0,0,0,0,64,0,1
314642,Lotus,kiNgg,LEV,Viper,2,2,0,0,1,0,0,0,0,47,1,0
314643,Split,Melser,KRÜ,Omen,1,0,0,0,0,0,0,0,0,31,3,0
314643,Split,keznit,KRÜ,Raze,5,1,0,0,0,1,0,0,0,76,2,0
314643,Split,Klaus,KRÜ,Cypher,2,1,0,0,0,0,0,0,0,45,1,1
314643,Split,heat,KRÜ,Skye,2,1,0,0,0,0,0,0,0,58,3,0
314643,Split,Shyy,KRÜ,Viper,2,2,0,0,0,0,0,0,0,63,0,1
314643,Split,saadhak,LOUD,Breach,4,1,0,0,0,0,0,0,0,66,7,0
314643,Split,Quick,LOUD,Raze,3,0,0,0,0,0,0,0,0,51,0,0
314643,Split,tuyz,LOUD,Omen,1,0,0,0,1,0,0,0,0,21,1,0
314643,Split,cauanzin,LOUD,Skye,0,1,0,0,0,0,0,0,0,37,0,0
314643,Split,Less,LOUD,Viper,3,0,0,0,0,0,0,0,0,53,1,1
314643,Ascent,Melser,KRÜ,Omen,2,2,1,0,0,0,0,0,0,82,1,1
314643,Ascent,keznit,KRÜ,Jett,2,0,1,0,0,0,0,0,0,52,0,0
314643,Ascent,Klaus,KRÜ,Sova,1,0,0,0,0,0,0,0,0,41,5,0
314643,Ascent,heat,KRÜ,Kayo,2,1,0,0,0,0,0,0,0,56,1,1
314643,Ascent,Shyy,KRÜ,Killjoy,8,0,0,0,0,0,0,0,0,69,0,2
314643,Ascent,saadhak,LOUD,Kayo,3,0,0,0,0,0,0,0,0,56,6,0
314643,Ascent,Quick,LOUD,Jett,2,0,1,0,0,0,0,0,0,37,0,0
314643,Ascent,tuyz,LOUD,Omen,3,0,0,0,0,0,0,0,0,44,1,0
314643,Ascent,cauanzin,LOUD,Sova,2,1,0,0,0,0,0,0,0,53,1,1
314643,Ascent,Less,LOUD,Viper,3,1,0,0,1,0,0,0,0,55,0,0
314644,Icebox,valyn,G2,Harbor,7,2,0,0,0,0,0,0,0,61,2,1
314644,Icebox,JonahP,G2,Viper,4,0,0,0,0,0,0,0,0,58,1,0
314644,Icebox,leaf,G2,Killjoy,1,3,0,0,0,1,0,0,0,56,1,2
314644,Icebox,icy,G2,Gekko,2,2,0,0,0,0,0,0,0,56,4,2
314644,Icebox,trent,G2,Sova,2,0,0,0,1,0,0,0,0,89,1,2
314644,Icebox,frz,MIBR,Killjoy,6,1,0,0,0,0,0,0,0,59,0,0
314644,Icebox,RgLMeister,MIBR,Viper,5,1,0,0,1,0,1,0,0,68,3,0
314644,Icebox,artzin,MIBR,Sage,0,1,0,1,0,0,0,0,0,37,3,0
314644,Icebox,mazin,MIBR,Kayo,1,1,0,0,0,0,0,0,0,35,1,0
314644,Icebox,jzz,MIBR,Gekko,3,1,1,0,1,1,0,0,0,63,5,3
314644,Bind,valyn,G2,Brimstone,4,2,0,0,0,0,0,0,0,83,0,0
314644,Bind,JonahP,G2,Skye,2,0,0,0,0,0,0,0,0,44,0,0
314644,Bind,leaf,G2,Viper,3,0,0,0,0,0,0,1,0,78,2,0
314644,Bind,icy,G2,Raze,3,2,0,0,0,0,0,0,0,80,0,0
314644,Bind,trent,G2,Gekko,2,1,0,0,0,2,0,0,0,55,10,1
314644,Bind,frz,MIBR,Viper,2,0,0,0,0,1,0,0,0,35,0,1
314644,Bind,RgLMeister,MIBR,Brimstone,2,0,0,0,0,0,0,0,0,36,0,0
314644,Bind,artzin,MIBR,Raze,2,0,0,0,0,0,0,0,0,55,1,0
314644,Bind,mazin,MIBR,Gekko,0,0,0,0,0,0,0,0,0,35,2,0
314644,Bind,jzz,MIBR,Skye,2,0,0,0,0,0,0,0,0,46,0,0
314645,Lotus,TenZ,SEN,Omen,2,0,0,0,0,0,0,0,0,39,2,0
314645,Lotus,Sacy,SEN,Fade,2,0,0,0,0,0,0,0,0,31,3,1
314645,Lotus,Zellsis,SEN,Killjoy,1,1,0,0,0,0,0,0,0,54,1,0
314645,Lotus,johnqt,SEN,Viper,1,0,0,0,0,0,0,0,0,39,0,0
314645,Lotus,zekken,SEN,Raze,1,2,0,0,1,0,0,0,0,57,0,1
314645,Lotus,saadhak,LOUD,Deadlock,1,0,0,0,0,0,0,0,0,30,4,0
314645,Lotus,Quick,LOUD,Raze,4,0,1,0,0,0,0,0,0,55,1,0
314645,Lotus,tuyz,LOUD,Omen,5,1,0,0,0,0,0,0,0,57,1,0
314645,Lotus,cauanzin,LOUD,Fade,2,3,0,0,2,0,0,0,0,86,5,1
314645,Lotus,Less,LOUD,Viper,2,1,0,0,0,0,0,0,0,62,1,0
314645,Icebox,TenZ,SEN,Kayo,2,0,0,0,0,0,0,0,0,39,0,0
314645,Icebox,Sacy,SEN,Gekko,1,3,0,0,0,0,1,0,0,60,7,1
314645,Icebox,Zellsis,SEN,Killjoy,1,0,0,0,1,0,0,0,0,30,0,1
314645,Icebox,johnqt,SEN,Viper,3,0,0,0,0,0,0,0,0,59,0,0
314645,Icebox,zekken,SEN,Jett,3,0,1,0,0,0,0,0,0,55,0,0
314645,Icebox,saadhak,LOUD,Killjoy,3,0,1,0,0,0,0,0,0,50,1,0
314645,Icebox,Quick,LOUD,Jett,3,2,0,0,0,0,0,0,0,58,0,0
314645,Icebox,tuyz,LOUD,Harbor,1,1,0,0,1,0,0,0,0,37,3,3
314645,Icebox,cauanzin,LOUD,Sova,5,1,0,0,0,1,0,0,0,71,1,1
314645,Icebox,Less,LOUD,Viper,2,0,0,0,0,0,0,0,0,40,3,0
314646,Ascent,moose,C9,Killjoy,1,0,0,0,0,0,0,0,0,39,0,0
314646,Ascent,vanity,C9,Omen,1,0,0,0,1,0,0,0,0,41,2,0
314646,Ascent,Xeppaa,C9,Kayo,1,1,0,0,0,0,0,0,0,50,0,0
314646,Ascent,runi,C9,Sova,1,0,0,0,0,0,0,0,0,48,0,0
314646,Ascent,OXY,C9,Jett,1,2,0,0,0,0,0,0,0,62,0,0
314646,Ascent,nzr,FUR,Sova,2,2,0,0,0,2,0,0,0,64,2,0
314646,Ascent,mwzera,FUR,Jett,4,1,0,0,0,0,0,0,0,63,1,0
314646,Ascent,kon4n,FUR,Kayo,1,1,0,0,0,0,0,0,0,52,3,0
314646,Ascent,Khalil,FUR,Omen,3,2,0,0,2,0,0,0,0,83,4,0
314646,Ascent,havoc,FUR,Killjoy,3,1,0,0,1,0,1,0,0,59,2,1
314646,Lotus,moose,C9,Killjoy,0,2,0,0,1,0,0,0,0,82,1,1
314646,Lotus,vanity,C9,Omen,3,1,0,0,1,0,0,0,0,56,0,0
314646,Lotus,Xeppaa,C9,Gekko,2,0,0,0,0,0,0,0,0,47,2,3
314646,Lotus,runi,C9,Viper,4,1,1,0,0,0,0,0,0,88,1,0
314646,Lotus,OXY,C9,Raze,5,1,0,0,0,0,0,0,0,89,0,0
314646,Lotus,nzr,FUR,Fade,1,0,0,0,0,0,0,0,0,58,4,0
314646,Lotus,mwzera,FUR,Raze,1,1,0,0,0,0,0,0,0,65,0,0
314646,Lotus,kon4n,FUR,Viper,1,0,0,0,1,0,0,0,0,34,0,0
314646,Lotus,Khalil,FUR,Omen,2,0,0,0,1,0,0,0,0,38,3,0
314646,Lotus,havoc,FUR,Killjoy,1,0,0,0,0,0,0,0,0,39,0,0
314646,Bind,moose,C9,Cypher,3,3,0,0,0,0,0,0,0,53,0,0
314646,Bind,vanity,C9,Brimstone,3,1,0,0,0,0,0,0,0,55,5,1
314646,Bind,Xeppaa,C9,Skye,1,0,0,0,1,0,0,0,0,35,1,2
314646,Bind,runi,C9,Viper,2,1,0,0,1,0,0,0,0,73,0,1
314646,Bind,OXY,C9,Raze,3,0,2,1,0,0,1,0,0,71,0,0
314646,Bind,nzr,FUR,Skye,1,2,0,0,0,0,0,0,0,57,2,0
314646,Bind,mwzera,FUR,Raze,5,0,0,0,0,0,0,0,0,49,0,0
314646,Bind,kon4n,FUR,Viper,0,1,0,0,1,0,0,0,0,33,2,0
314646,Bind,Khalil,FUR,Brimstone,3,0,0,0,1,0,0,0,0,36,4,0
314646,Bind,havoc,FUR,Cypher,0,2,1,0,1,1,0,0,0,62,0,1
314647,Ascent,crashies,NRG,Sova,5,0,0,0,0,0,0,0,0,58,2,2
314647,Ascent,Victor,NRG,Killjoy,0,0,0,0,0,0,0,0,0,30,0,0
314647,Ascent,Marved,NRG,Omen,1,0,0,0,0,0,0,0,0,28,0,0
314647,Ascent,Ethan,NRG,Kayo,3,2,0,0,0,0,0,0,0,34,2,0
314647,Ascent,Demon1,NRG,Jett,2,0,0,0,0,0,0,0,0,52,1,0
314647,Ascent,supamen,EG,Omen,1,1,0,0,0,0,0,0,0,43,0,0
314647,Ascent,Derrek,EG,Sova,1,1,1,0,0,0,0,0,0,59,1,1
314647,Ascent,jawgemo,EG,Jett,2,1,1,1,0,1,0,0,0,89,0,0
314647,Ascent,NaturE,EG,Kayo,3,1,0,0,0,0,0,0,0,70,4,0
314647,Ascent,Apoth,EG,Killjoy,0,0,2,0,0,0,0,0,0,75,0,2
314647,Lotus,crashies,NRG,Gekko,4,2,0,0,1,0,0,0,0,45,4,3
314647,Lotus,Victor,NRG,Raze,6,3,1,0,0,0,0,0,0,53,4,2
314647,Lotus,Marved,NRG,Cypher,1,1,0,0,0,0,0,0,0,42,0,0
314647,Lotus,Ethan,NRG,Breach,3,0,0,0,0,0,0,0,0,40,1,1
314647,Lotus,Demon1,NRG,Brimstone,5,1,0,0,0,0,0,0,0,47,0,0
314647,Lotus,supamen,EG,Omen,5,0,0,0,0,0,0,0,0,35,6,0
314647,Lotus,Derrek,EG,Fade,5,1,0,0,1,0,0,0,0,52,1,0
314647,Lotus,jawgemo,EG,Raze,5,2,0,0,0,0,0,0,0,45,4,0
314647,Lotus,NaturE,EG,Viper,3,2,0,0,0,0,1,0,0,48,1,3
314647,Lotus,Apoth,EG,Cypher,2,0,0,0,0,0,0,0,0,35,0,0
314647,Sunset,crashies,NRG,Gekko,2,1,1,0,0,1,0,0,0,47,6,0
314647,Sunset,Victor,NRG,Cypher,2,0,0,0,0,0,0,0,0,27,0,0
314647,Sunset,Marved,NRG,Omen,4,2,0,0,0,0,0,0,0,55,1,0
314647,Sunset,Ethan,NRG,Kayo,3,1,0,1,1,0,0,0,0,63,1,1
314647,Sunset,Demon1,NRG,Raze,3,0,0,0,0,0,0,0,0,39,1,1
314647,Sunset,supamen,EG,Omen,9,0,0,0,0,1,0,0,0,94,4,1
314647,Sunset,Derrek,EG,Fade,4,1,1,0,1,0,0,0,0,66,1,1
314647,Sunset,jawgemo,EG,Raze,4,2,0,0,0,0,0,0,0,69,0,0
314647,Sunset,NaturE,EG,Breach,1,1,0,0,0,0,0,0,0,53,4,1
314647,Sunset,Apoth,EG,Cypher,3,0,0,0,0,0,0,0,0,47,0,0
314648,Sunset,Melser,KRÜ,Omen,2,0,0,0,1,0,0,0,0,61,1,0
314648,Sunset,keznit,KRÜ,Raze,2,3,1,1,0,0,0,0,0,95,0,0
314648,Sunset,Klaus,KRÜ,Breach,0,1,0,0,0,0,0,0,0,33,1,1
314648,Sunset,heat,KRÜ,Gekko,3,0,0,0,0,0,0,0,0,35,6,1
314648,Sunset,Shyy,KRÜ,Cypher,4,0,0,0,0,0,0,0,0,56,0,0
314648,Sunset,Asuna,100T,Raze,1,2,0,0,0,0,0,0,0,46,0,0
314648,Sunset,Boostio,100T,Cypher,1,0,0,0,0,0,0,0,0,26,0,0
314648,Sunset,eeiu,100T,Sova,2,1,0,0,0,0,0,0,0,47,0,1
314648,Sunset,bang,100T,Omen,4,0,1,0,0,0,0,0,0,65,0,0
314648,Sunset,Cryocells,100T,Gekko,3,0,0,0,0,0,0,0,0,43,4,0
314648,Breeze,Melser,KRÜ,Viper,4,1,0,0,0,0,0,0,0,60,0,0
314648,Breeze,keznit,KRÜ,Jett,4,0,0,0,0,0,0,0,0,51,0,0
314648,Breeze,Klaus,KRÜ,Sova,0,2,0,0,0,0,1,0,0,36,4,1
314648,Breeze,heat,KRÜ,Kayo,4,2,0,0,0,0,0,0,0,62,0,0
314648,Breeze,Shyy,KRÜ,Cypher,2,0,0,0,0,1,0,0,0,47,1,0
314648,Breeze,Asuna,100T,Kayo,1,0,0,0,0,0,0,0,0,35,4,0
314648,Breeze,Boostio,100T,Cypher,3,0,0,0,0,0,0,0,0,44,0,0
314648,Breeze,eeiu,100T,Sova,7,1,0,0,1,0,0,0,0,71,1,0
314648,Breeze,bang,100T,Viper,4,0,0,0,1,0,0,0,0,50,1,0
314648,Breeze,Cryocells,100T,Jett,6,4,1,0,0,0,0,0,0,91,0,1
314648,Split,Melser,KRÜ,Omen,3,1,0,0,0,0,0,0,0,38,0,1
314648,Split,keznit,KRÜ,Raze,4,2,0,0,0,0,0,0,0,65,1,0
314648,Split,Klaus,KRÜ,Cypher,2,1,0,0,0,0,0,0,0,47,1,0
314648,Split,heat,KRÜ,Skye,1,2,0,0,0,0,0,0,0,45,3,1
314648,Split,Shyy,KRÜ,Viper,0,2,0,0,1,0,0,0,0,62,1,0
314648,Split,Asuna,100T,Raze,2,1,0,0,0,0,0,0,0,46,1,0
314648,Split,Boostio,100T,Gekko,2,0,0,0,0,0,0,0,0,42,2,0
314648,Split,eeiu,100T,Fade,3,0,0,0,0,0,0,0,0,53,1,0
314648,Split,bang,100T,Viper,4,2,0,0,0,0,0,0,0,64,0,0
314648,Split,Cryocells,100T,Astra,2,1,0,0,0,0,0,0,0,52,0,0
314650,Split,TenZ,SEN,Omen,5,0,0,0,0,0,0,0,0,65,0,0
314650,Split,Sacy,SEN,Skye,0,1,0,0,0,0,0,0,0,38,2,1
314650,Split,Zellsis,SEN,Viper,0,0,0,0,1,0,0,0,0,62,2,0
314650,Split,johnqt,SEN,Cypher,2,0,0,0,1,0,0,0,0,43,1,1
314650,Split,zekken,SEN,Raze,1,2,1,0,1,1,0,0,0,86,0,0
314650,Split,nzr,FUR,Skye,2,0,0,0,0,0,0,0,0,52,3,0
314650,Split,mwzera,FUR,Jett,4,0,0,0,0,0,0,0,0,52,0,0
314650,Split,kon4n,FUR,Viper,2,1,0,0,0,0,0,0,0,50,1,0
314650,Split,Khalil,FUR,Omen,1,0,0,0,0,0,0,0,0,48,2,0
314650,Split,havoc,FUR,Raze,1,0,1,0,0,0,0,0,0,60,0,0
314650,Icebox,TenZ,SEN,Kayo,9,1,0,0,0,0,0,0,0,90,0,0
314650,Icebox,Sacy,SEN,Gekko,0,0,0,0,0,0,0,0,0,43,7,1
314650,Icebox,Zellsis,SEN,Killjoy,2,0,0,0,0,0,0,0,0,66,0,0
314650,Icebox,johnqt,SEN,Viper,2,0,0,0,1,0,0,0,0,42,1,0
314650,Icebox,zekken,SEN,Jett,4,0,1,0,0,0,0,0,0,88,0,0
314650,Icebox,nzr,FUR,Sova,3,1,0,0,0,0,0,0,0,57,0,0
314650,Icebox,mwzera,FUR,Reyna,1,1,0,0,0,0,0,0,0,33,0,0
314650,Icebox,kon4n,FUR,Viper,3,0,0,0,0,1,0,0,0,36,1,1
314650,Icebox,Khalil,FUR,Killjoy,2,1,1,0,0,0,1,0,0,55,1,1
314650,Icebox,havoc,FUR,Gekko,3,0,0,0,0,0,0,0,0,30,3,1
314651,Split,crashies,NRG,Skye,1,0,0,0,1,0,0,0,0,47,8,1
314651,Split,Victor,NRG,Raze,3,0,0,0,0,0,0,0,0,44,1,0
314651,Split,Marved,NRG,Viper,3,0,0,0,1,0,0,0,0,32,1,0
314651,Split,Ethan,NRG,Omen,3,2,0,0,0,0,0,0,0,58,1,0
314651,Split,Demon1,NRG,Jett,2,1,0,0,0,0,0,0,0,55,0,0
314651,Split,Asuna,100T,Raze,2,0,0,0,0,0,0,0,0,53,0,1
314651,Split,Boostio,100T,Gekko,3,1,0,0,0,0,0,0,0,64,7,1
314651,Split,eeiu,100T,Fade,2,1,0,0,0,0,0,0,0,73,0,1
314651,Split,bang,100T,Viper,3,2,0,0,0,0,0,0,0,55,0,0
314651,Split,Cryocells,100T,Astra,2,0,1,0,0,1,0,0,0,55,1,1
314651,Bind,crashies,NRG,Gekko,3,0,0,0,0,0,1,0,0,42,4,2
314651,Bind,Victor,NRG,Raze,6,0,0,0,0,0,0,0,0,47,0,0
314651,Bind,Marved,NRG,Viper,1,0,0,0,1,0,0,0,0,35,0,0
314651,Bind,Ethan,NRG,Skye,3,1,0,0,1,0,0,0,0,29,1,0
314651,Bind,Demon1,NRG,Brimstone,2,1,0,0,0,0,0,0,0,46,2,0
314651,Bind,Asuna,100T,Raze,5,1,1,0,0,0,0,0,0,72,0,0
314651,Bind,Boostio,100T,Gekko,4,2,0,0,0,0,0,0,0,67,6,2
314651,Bind,eeiu,100T,Fade,2,1,0,0,1,0,1,0,0,53,0,0
314651,Bind,bang,100T,Viper,1,0,0,0,0,0,0,0,0,35,0,0
314651,Bind,Cryocells,100T,Brimstone,3,0,1,0,1,0,0,0,0,62,0,1
314652,Ascent,Melser,KRÜ,Omen,0,0,0,0,0,0,0,0,0,25,3,0
314652,Ascent,keznit,KRÜ,Jett,2,0,0,0,0,0,0,0,0,36,0,0
314652,Ascent,Klaus,KRÜ,Sova,3,1,0,0,0,0,0,0,0,58,4,0
314652,Ascent,heat,KRÜ,Kayo,2,0,0,0,0,0,0,0,0,49,0,0
314652,Ascent,Shyy,KRÜ,Killjoy,3,1,0,0,0,0,0,0,0,66,0,0
314652,Ascent,C0M,LEV,Sova,2,0,0,0,0,0,0,0,0,71,0,2
314652,Ascent,tex,LEV,Killjoy,2,1,0,0,0,0,0,0,0,40,0,1
314652,Ascent,Mazino,LEV,Kayo,3,2,1,0,0,0,0,0,0,74,3,1
314652,Ascent,aspas,LEV,Jett,5,2,0,0,0,0,0,0,0,123,0,1
314652,Ascent,kiNgg,LEV,Omen,4,0,0,0,0,0,0,0,0,42,1,1
314652,Breeze,Melser,KRÜ,Viper,1,0,0,0,1,0,0,0,0,41,4,1
314652,Breeze,keznit,KRÜ,Jett,4,1,0,1,0,0,0,0,0,71,1,0
314652,Breeze,Klaus,KRÜ,Sova,3,1,0,0,0,0,0,0,0,37,2,1
314652,Breeze,heat,KRÜ,Kayo,2,2,0,0,0,0,0,0,0,46,0,1
314652,Breeze,Shyy,KRÜ,Cypher,5,0,0,0,0,0,0,0,0,42,0,1
314652,Breeze,C0M,LEV,Sova,2,0,0,0,0,0,0,0,0,40,2,0
314652,Breeze,tex,LEV,Cypher,2,2,1,0,0,0,0,0,0,42,1,0
314652,Breeze,Mazino,LEV,Kayo,2,1,0,0,0,0,0,0,0,28,2,0
314652,Breeze,aspas,LEV,Jett,1,1,0,0,1,0,0,0,0,39,1,1
314652,Breeze,kiNgg,LEV,Viper,1,6,0,0,0,1,0,0,0,79,2,1
314652,Lotus,Melser,KRÜ,Omen,6,0,0,0,0,0,0,0,0,45,0,0
314652,Lotus,keznit,KRÜ,Raze,1,1,0,0,1,0,0,0,0,68,1,0
314652,Lotus,Klaus,KRÜ,Viper,0,0,0,0,0,0,0,0,0,24,5,1
314652,Lotus,heat,KRÜ,Fade,2,1,2,0,0,0,0,0,0,61,3,1
314652,Lotus,Shyy,KRÜ,Killjoy,0,4,0,0,0,0,0,0,0,57,1,0
314652,Lotus,C0M,LEV,Fade,2,1,0,0,1,0,0,0,0,52,5,1
314652,Lotus,tex,LEV,Killjoy,3,2,0,0,1,1,0,0,0,62,1,2
314652,Lotus,Mazino,LEV,Omen,3,0,0,0,0,0,0,0,0,45,2,0
314652,Lotus,aspas,LEV,Raze,4,1,0,0,1,0,0,0,0,65,0,1
314652,Lotus,kiNgg,LEV,Viper,3,0,0,0,0,0,0,0,0,59,1,0
314653,Icebox,moose,C9,Killjoy,0,2,1,0,0,0,0,0,0,73,1,0
314653,Icebox,vanity,C9,Viper,4,2,0,0,0,0,1,0,0,50,0,0
314653,Icebox,Xeppaa,C9,Sage,2,2,0,0,0,0,0,0,0,40,7,0
314653,Icebox,runi,C9,Sova,3,2,0,0,0,0,0,0,0,45,2,2
314653,Icebox,OXY,C9,Jett,6,2,2,0,0,0,0,0,0,90,0,1
314653,Icebox,frz,MIBR,Killjoy,8,1,0,0,1,1,0,0,0,64,0,1
314653,Icebox,RgLMeister,MIBR,Viper,2,1,0,0,0,0,0,0,0,57,0,0
314653,Icebox,artzin,MIBR,Sage,4,1,0,0,1,1,0,0,0,45,0,2
314653,Icebox,mazin,MIBR,Kayo,1,0,0,0,0,0,0,0,0,25,1,0
314653,Icebox,jzz,MIBR,Gekko,6,0,0,0,1,1,0,0,0,45,5,3
314653,Sunset,moose,C9,Cypher,4,0,0,0,0,0,0,0,0,52,0,0
314653,Sunset,vanity,C9,Omen,3,1,1,0,0,0,0,0,0,47,4,0
314653,Sunset,Xeppaa,C9,Skye,0,1,0,0,0,0,0,0,0,41,3,0
314653,Sunset,runi,C9,Viper,5,0,0,0,1,1,0,0,0,56,0,0
314653,Sunset,OXY,C9,Raze,3,3,0,0,0,0,0,0,0,66,2,1
314653,Sunset,frz,MIBR,Cypher,2,1,0,0,0,0,0,0,0,48,1,1
314653,Sunset,RgLMeister,MIBR,Omen,1,0,0,0,1,0,0,0,0,40,3,1
314653,Sunset,artzin,MIBR,Raze,4,2,0,0,0,0,0,0,0,54,1,0
314653,Sunset,mazin,MIBR,Viper,0,1,0,0,0,0,0,0,0,36,1,0
314653,Sunset,jzz,MIBR,Skye,2,1,2,0,1,0,0,0,0,71,0,0
314654,Bind,valyn,G2,Brimstone,2,0,0,0,0,0,0,0,0,43,0,0
314654,Bind,JonahP,G2,Skye,0,0,0,0,0,0,0,0,0,21,1,0
314654,Bind,leaf,G2,Viper,1,0,1,0,0,0,0,0,0,56,0,0
314654,Bind,icy,G2,Raze,4,0,0,0,0,0,0,0,0,42,0,0
314654,Bind,trent,G2,Gekko,4,1,0,0,0,0,0,0,0,55,9,3
314654,Bind,saadhak,LOUD,Breach,3,0,0,0,0,0,0,0,0,42,6,0
314654,Bind,Quick,LOUD,Raze,1,0,0,0,0,0,0,0,0,37,3,0
314654,Bind,tuyz,LOUD,Brimstone,2,1,0,0,0,0,0,0,0,73,0,2
314654,Bind,cauanzin,LOUD,Kayo,5,0,0,0,0,0,0,0,0,64,1,0
314654,Bind,Less,LOUD,Viper,6,0,0,0,1,0,0,0,0,103,0,2
314654,Icebox,valyn,G2,Harbor,2,0,0,0,0,0,0,0,0,50,2,0
314654,Icebox,JonahP,G2,Viper,2,0,0,0,0,0,0,0,0,49,0,0
314654,Icebox,leaf,G2,Killjoy,4,0,0,0,0,0,0,0,0,51,0,0
314654,Icebox,icy,G2,Gekko,1,1,0,0,0,1,0,0,0,51,5,0
314654,Icebox,trent,G2,Sova,0,0,0,0,0,0,0,0,0,30,0,0
314654,Icebox,saadhak,LOUD,Killjoy,3,1,0,0,0,0,0,0,0,61,1,2
314654,Icebox,Quick,LOUD,Jett,2,1,0,0,0,0,0,0,0,42,0,0
314654,Icebox,tuyz,LOUD,Harbor,2,0,0,0,0,0,0,0,0,62,1,1
314654,Icebox,cauanzin,LOUD,Sova,3,1,1,0,0,0,0,0,0,59,1,0
314654,Icebox,Less,LOUD,Viper,4,2,0,0,0,2,0,0,0,110,0,1
337407,Lotus,moose,C9,Killjoy,4,1,0,0,0,0,0,0,0,62,0,0
337407,Lotus,vanity,C9,Omen,2,0,0,0,0,0,0,0,0,30,1,0
337407,Lotus,Xeppaa,C9,Gekko,4,0,0,0,0,0,0,0,0,54,2,1
337407,Lotus,runi,C9,Viper,2,0,0,0,0,0,0,0,0,37,0,0
337407,Lotus,OXY,C9,Raze,2,0,1,0,0,1,0,0,0,57,0,1
337407,Lotus,valyn,G2,Omen,6,1,0,0,0,1,0,0,0,80,0,1
337407,Lotus,JonahP,G2,Viper,3,0,0,0,0,0,0,0,0,33,1,1
337407,Lotus,leaf,G2,Killjoy,3,2,0,0,0,0,0,0,0,48,0,0
337407,Lotus,icy,G2,Raze,1,1,0,0,0,0,1,0,0,55,0,0
337407,Lotus,trent,G2,Fade,1,2,0,0,1,0,0,0,0,54,8,0
337407,Ascent,moose,C9,Killjoy,5,0,0,0,0,1,0,0,0,44,0,1
337407,Ascent,vanity,C9,Omen,2,0,0,0,0,0,0,0,0,31,2,0
337407,Ascent,Xeppaa,C9,Skye,4,0,0,0,0,0,0,0,0,50,4,1
337407,Ascent,runi,C9,Viper,4,0,0,0,0,1,0,0,0,37,3,1
337407,Ascent,OXY,C9,Jett,4,1,0,0,0,0,0,0,0,42,0,0
337407,Ascent,valyn,G2,Omen,3,1,0,0,0,0,0,0,0,49,3,0
337407,Ascent,JonahP,G2,Kayo,3,2,0,0,0,0,0,0,0,58,0,1
337407,Ascent,leaf,G2,Killjoy,3,2,0,0,0,0,0,0,0,48,1,0
337407,Ascent,icy,G2,Jett,6,3,0,0,0,0,0,0,0,53,1,0
337407,Ascent,trent,G2,Sova,0,2,1,0,0,0,0,0,0,54,7,1
337408,Bind,Asuna,100T,Raze,5,1,1,0,0,0,0,0,0,79,0,0
337408,Bind,Boostio,100T,Gekko,3,0,0,0,0,0,0,0,0,34,2,0
337408,Bind,eeiu,100T,Fade,2,1,0,0,1,0,0,0,0,43,2,0
337408,Bind,bang,100T,Viper,3,0,0,0,0,0,0,0,0,42,0,0
337408,Bind,Cryocells,100T,Brimstone,1,4,1,0,1,0,0,0,0,128,2,1
337408,Bind,saadhak,LOUD,Breach,3,0,0,0,0,0,0,0,0,47,3,0
337408,Bind,Quick,LOUD,Raze,2,0,0,0,0,0,0,0,0,39,0,1
337408,Bind,tuyz,LOUD,Brimstone,5,1,0,0,1,0,0,0,0,52,0,0
337408,Bind,cauanzin,LOUD,Kayo,5,0,0,0,0,0,0,0,0,44,1,0
337408,Bind,Less,LOUD,Viper,1,1,0,0,0,0,0,0,0,47,1,0
337408,Icebox,Asuna,100T,Gekko,4,0,0,0,0,0,0,0,0,50,2,3
337408,Icebox,Boostio,100T,Killjoy,3,0,0,0,0,0,0,0,0,58,1,0
337408,Icebox,eeiu,100T,Sova,0,0,0,0,0,0,0,0,0,46,1,1
337408,Icebox,bang,100T,Viper,5,0,0,0,0,0,0,0,0,72,0,0
337408,Icebox,Cryocells,100T,Jett,3,5,0,0,0,0,0,0,0,94,0,0
337408,Icebox,saadhak,LOUD,Killjoy,2,1,0,0,0,0,0,0,0,57,2,1
337408,Icebox,Quick,LOUD,Jett,1,0,0,0,0,0,0,0,0,18,0,0
337408,Icebox,tuyz,LOUD,Harbor,1,1,0,0,0,0,0,0,0,43,3,0
337408,Icebox,cauanzin,LOUD,Sova,3,0,0,0,0,0,0,0,0,37,1,0
337408,Icebox,Less,LOUD,Viper,1,0,0,0,0,0,0,0,0,37,0,0
337409,Icebox,Melser,KRÜ,Viper,2,1,1,0,1,0,0,0,0,81,0,0
337409,Icebox,keznit,KRÜ,Reyna,1,0,0,0,0,0,0,0,0,23,1,0
337409,Icebox,Klaus,KRÜ,Gekko,0,0,0,0,0,0,0,0,0,39,7,0
337409,Icebox,heat,KRÜ,Kayo,3,1,0,0,1,0,0,0,0,61,1,0
337409,Icebox,Shyy,KRÜ,Killjoy,0,1,0,0,0,0,0,0,0,36,0,0
337409,Icebox,valyn,G2,Harbor,3,1,0,0,1,0,0,0,0,54,1,1
337409,Icebox,JonahP,G2,Viper,2,1,0,0,0,0,0,0,0,50,1,0
337409,Icebox,leaf,G2,Killjoy,3,4,0,0,0,0,0,0,0,95,0,1
337409,Icebox,icy,G2,Gekko,3,0,0,0,0,0,0,0,0,34,3,2
337409,Icebox,trent,G2,Sova,2,1,0,0,1,1,0,0,0,79,0,1
337409,Ascent,Melser,KRÜ,Omen,0,2,0,0,0,0,0,0,0,36,1,0
337409,Ascent,keznit,KRÜ,Jett,3,2,0,0,0,0,0,0,0,56,1,1
337409,Ascent,Klaus,KRÜ,Sova,1,1,0,0,0,0,0,0,0,43,1,0
337409,Ascent,heat,KRÜ,Kayo,2,0,0,0,1,0,0,0,0,38,1,1
337409,Ascent,Shyy,KRÜ,Killjoy,2,0,1,0,0,0,0,0,0,46,1,1
337409,Ascent,valyn,G2,Omen,2,2,0,0,0,1,0,0,0,59,3,1
337409,Ascent,JonahP,G2,Kayo,5,0,0,0,0,0,0,0,0,70,3,0
337409,Ascent,leaf,G2,Killjoy,4,2,0,0,0,0,0,0,0,79,0,1
337409,Ascent,icy,G2,Jett,4,0,0,0,0,0,0,0,0,50,0,0
337409,Ascent,trent,G2,Sova,1,0,0,0,0,0,0,0,0,63,2,1
337410,Bind,C0M,LEV,Skye,2,0,0,0,0,0,0,0,0,50,0,0
337410,Bind,tex,LEV,Gekko,1,1,0,0,0,0,0,0,0,56,6,0
337410,Bind,Mazino,LEV,Brimstone,2,1,0,0,0,0,0,0,0,50,2,0
337410,Bind,aspas,LEV,Raze,4,0,0,0,0,0,0,0,0,53,0,0
337410,Bind,kiNgg,LEV,Viper,2,0,0,0,0,0,0,0,0,25,1,0
337410,Bind,Asuna,100T,Raze,4,3,0,0,0,0,0,0,0,80,0,0
337410,Bind,Boostio,100T,Gekko,3,1,0,0,1,1,0,0,0,68,4,3
337410,Bind,eeiu,100T,Fade,1,0,0,0,0,0,0,0,0,32,0,2
337410,Bind,bang,100T,Viper,3,1,0,0,0,0,0,0,0,68,0,1
337410,Bind,Cryocells,100T,Brimstone,2,0,0,0,0,0,0,0,0,39,0,0
337410,Sunset,C0M,LEV,Cypher,1,1,0,0,0,0,0,0,0,22,0,0
337410,Sunset,tex,LEV,Gekko,2,1,0,0,1,0,0,0,0,41,9,2
337410,Sunset,Mazino,LEV,Breach,2,3,1,0,0,0,0,0,0,69,2,0
337410,Sunset,aspas,LEV,Raze,7,1,0,0,0,0,0,0,0,64,1,0
337410,Sunset,kiNgg,LEV,Omen,4,2,0,0,0,0,0,0,0,61,1,0
337410,Sunset,Asuna,100T,Raze,4,0,1,0,0,1,1,0,0,48,1,3
337410,Sunset,Boostio,100T,Cypher,2,0,0,1,0,0,0,0,0,37,0,0
337410,Sunset,eeiu,100T,Sova,2,1,0,0,0,0,0,0,0,61,0,0
337410,Sunset,bang,100T,Omen,3,0,0,0,0,0,0,0,0,35,1,0
337410,Sunset,Cryocells,100T,Gekko,2,1,1,0,0,0,0,0,0,58,8,1
337410,Icebox,C0M,LEV,Sova,2,0,0,0,1,0,0,0,0,37,1,2
337410,Icebox,tex,LEV,Killjoy,0,1,0,0,0,0,0,0,0,42,0,0
337410,Icebox,Mazino,LEV,Harbor,2,1,0,0,0,0,0,0,0,49,5,0
337410,Icebox,aspas,LEV,Jett,5,0,0,0,0,0,0,0,0,70,0,1
337410,Icebox,kiNgg,LEV,Viper,1,1,1,0,0,0,0,0,0,40,0,0
337410,Icebox,Asuna,100T,Gekko,3,1,0,0,0,0,0,0,0,55,8,0
337410,Icebox,Boostio,100T,Killjoy,1,2,0,0,0,0,0,0,0,41,1,0
337410,Icebox,eeiu,100T,Sova,4,1,0,0,0,0,0,0,0,66,0,0
337410,Icebox,bang,100T,Viper,2,0,0,0,0,0,0,0,0,32,1,0
337410,Icebox,Cryocells,100T,Jett,8,1,0,0,0,0,0,0,0,78,0,0
337411,Ascent,valyn,G2,Omen,0,0,0,0,1,0,0,0,0,30,1,0
337411,Ascent,JonahP,G2,Kayo,2,0,0,0,0,0,0,0,0,37,3,0
337411,Ascent,leaf,G2,Killjoy,1,1,0,0,0,0,0,0,0,28,0,0
337411,Ascent,icy,G2,Jett,2,1,0,0,0,0,0,0,0,46,0,0
337411,Ascent,trent,G2,Sova,2,0,0,0,0,0,0,0,0,61,1,0
337411,Ascent,Asuna,100T,Kayo,1,0,0,0,0,0,0,0,0,61,5,0
337411,Ascent,Boostio,100T,Killjoy,2,0,0,0,0,0,0,0,0,43,0,0
337411,Ascent,eeiu,100T,Sova,5,1,1,0,0,0,0,0,0,88,0,0
337411,Ascent,bang,100T,Omen,4,2,0,0,0,0,0,0,0,61,1,0
337411,Ascent,Cryocells,100T,Jett,3,1,0,0,0,0,0,0,0,53,0,0
337411,Bind,valyn,G2,Brimstone,5,1,1,0,0,0,0,0,0,87,1,1
337411,Bind,JonahP,G2,Skye,1,0,0,0,1,0,0,0,0,35,0,0
337411,Bind,leaf,G2,Viper,5,1,0,0,2,0,0,0,0,92,1,1
337411,Bind,icy,G2,Raze,2,0,0,0,0,0,0,0,0,36,0,0
337411,Bind,trent,G2,Gekko,2,2,0,0,1,0,0,0,0,63,5,2
337411,Bind,Asuna,100T,Raze,4,1,0,0,0,0,0,0,0,60,0,0
337411,Bind,Boostio,100T,Gekko,0,1,0,0,0,1,0,0,0,27,8,0
337411,Bind,eeiu,100T,Fade,4,0,0,0,0,0,0,0,0,67,1,0
337411,Bind,bang,100T,Viper,3,1,0,0,0,0,0,0,0,54,1,0
337411,Bind,Cryocells,100T,Brimstone,2,1,0,0,0,0,0,0,0,52,0,0
337411,Split,valyn,G2,Omen,5,1,0,0,0,0,0,0,0,66,0,0
337411,Split,JonahP,G2,Breach,2,1,0,0,0,0,0,0,0,31,0,1
337411,Split,leaf,G2,Viper,1,3,0,0,0,0,0,0,0,63,1,0
337411,Split,icy,G2,Raze,1,3,0,0,0,0,0,0,0,49,2,2
337411,Split,trent,G2,Fade,3,0,0,0,0,0,0,0,0,43,2,1
337411,Split,Asuna,100T,Raze,5,1,0,0,0,0,0,0,0,48,1,0
337411,Split,Boostio,100T,Gekko,3,1,0,0,0,0,0,0,0,43,4,0
337411,Split,eeiu,100T,Fade,5,1,0,0,1,0,0,0,0,56,0,1
337411,Split,bang,100T,Viper,3,1,0,0,0,0,0,0,0,43,1,0
337411,Split,Cryocells,100T,Astra,2,1,0,0,0,0,0,0,0,49,1,0
337413,Lotus,Melser,KRÜ,Omen,1,0,0,0,1,0,0,0,0,53,2,0
337413,Lotus,keznit,KRÜ,Raze,4,4,0,0,0,0,0,0,0,83,2,2
337413,Lotus,Klaus,KRÜ,Viper,1,0,1,0,0,0,0,0,0,52,1,0
337413,Lotus,heat,KRÜ,Fade,2,2,0,0,0,0,0,0,0,49,2,0
337413,Lotus,Shyy,KRÜ,Killjoy,1,1,0,0,0,0,1,0,0,43,3,0
337413,Lotus,C0M,LEV,Fade,4,0,0,0,0,0,0,0,0,48,1,1
337413,Lotus,tex,LEV,Killjoy,0,0,1,0,0,0,0,0,0,47,0,0
337413,Lotus,Mazino,LEV,Omen,2,1,0,0,0,0,0,0,0,44,1,1
337413,Lotus,aspas,LEV,Raze,3,1,0,0,0,0,0,0,0,59,1,1
337413,Lotus,kiNgg,LEV,Viper,1,0,0,0,0,0,0,0,0,34,0,0
337413,Icebox,Melser,KRÜ,Viper,2,1,0,0,0,0,1,0,0,50,0,0
337413,Icebox,keznit,KRÜ,Jett,3,3,0,0,0,0,0,0,0,69,0,2
337413,Icebox,Klaus,KRÜ,Gekko,3,1,0,0,1,0,0,0,0,58,8,2
337413,Icebox,heat,KRÜ,Kayo,1,0,0,0,0,0,0,0,0,25,0,0
337413,Icebox,Shyy,KRÜ,Killjoy,3,0,2,0,1,0,0,0,0,57,0,0
337413,Icebox,C0M,LEV,Sova,1,0,0,0,0,0,0,0,0,32,1,1
337413,Icebox,tex,LEV,Killjoy,2,1,1,1,0,0,0,0,0,64,1,1
337413,Icebox,Mazino,LEV,Harbor,3,0,0,0,0,0,0,0,0,42,6,2
337413,Icebox,aspas,LEV,Jett,2,3,2,0,0,0,0,1,0,102,1,0
337413,Icebox,kiNgg,LEV,Viper,2,0,0,0,0,0,0,0,0,33,0,0
337413,Sunset,Melser,KRÜ,Omen,0,1,0,0,0,0,0,0,0,28,0,0
337413,Sunset,keznit,KRÜ,Raze,2,0,0,0,0,0,0,0,0,39,0,0
337413,Sunset,Klaus,KRÜ,Breach,2,0,0,0,1,0,0,0,0,36,3,1
337413,Sunset,heat,KRÜ,Gekko,4,2,0,0,2,0,0,0,0,68,5,0
337413,Sunset,Shyy,KRÜ,Cypher,2,2,0,0,1,0,1,0,0,69,0,0
337413,Sunset,C0M,LEV,Cypher,2,1,0,0,1,0,0,0,0,62,0,0
337413,Sunset,tex,LEV,Gekko,4,0,0,0,0,0,0,0,0,65,6,2
337413,Sunset,Mazino,LEV,Breach,4,2,0,0,0,0,0,0,0,79,3,0
337413,Sunset,aspas,LEV,Raze,3,2,0,0,0,0,0,0,0,56,0,0
337413,Sunset,kiNgg,LEV,Omen,3,1,0,0,0,0,0,0,0,51,0,0
337414,Bind,valyn,G2,Brimstone,6,0,0,0,2,0,0,0,0,45,2,1
337414,Bind,JonahP,G2,Skye,2,2,0,0,0,0,0,0,0,45,0,0
337414,Bind,leaf,G2,Viper,2,2,1,0,0,1,0,0,0,60,1,0
337414,Bind,icy,G2,Raze,2,0,0,0,1,0,0,0,0,35,1,1
337414,Bind,trent,G2,Gekko,3,1,0,0,0,1,0,0,0,44,7,0
337414,Bind,C0M,LEV,Skye,4,1,1,0,0,0,0,0,0,66,1,0
337414,Bind,tex,LEV,Gekko,6,0,0,0,0,0,0,0,0,45,6,3
337414,Bind,Mazino,LEV,Brimstone,2,2,1,0,2,0,0,0,0,54,1,1
337414,Bind,aspas,LEV,Raze,1,3,0,0,0,0,0,0,0,62,0,0
337414,Bind,kiNgg,LEV,Viper,1,1,0,0,0,0,0,0,0,62,1,1
337414,Breeze,valyn,G2,Astra,3,1,0,0,0,0,0,0,0,48,1,0
337414,Breeze,JonahP,G2,Viper,0,2,1,0,0,0,1,0,0,57,2,0
337414,Breeze,leaf,G2,Cypher,1,1,0,0,0,0,0,0,0,47,0,1
337414,Breeze,icy,G2,Yoru,2,1,0,0,0,0,0,0,0,36,0,1
337414,Breeze,trent,G2,Sova,2,2,0,0,0,1,0,0,0,50,0,1
337414,Breeze,C0M,LEV,Sova,2,0,0,0,0,0,0,0,0,47,2,0
337414,Breeze,tex,LEV,Cypher,2,0,0,0,0,0,0,0,0,50,1,0
337414,Breeze,Mazino,LEV,Kayo,1,1,1,0,1,0,0,0,0,50,2,0
337414,Breeze,aspas,LEV,Jett,4,1,0,0,0,0,0,0,0,56,1,0
337414,Breeze,kiNgg,LEV,Viper,0,1,1,0,0,0,0,0,0,58,0,0
337414,Icebox,valyn,G2,Harbor,5,3,0,0,0,1,0,0,0,54,2,0
337414,Icebox,JonahP,G2,Viper,5,0,0,0,0,0,0,0,0,41,0,0
337414,Icebox,leaf,G2,Killjoy,2,1,0,0,0,0,0,0,0,46,0,0
337414,Icebox,icy,G2,Gekko,2,0,0,0,1,0,0,0,0,42,6,3
337414,Icebox,trent,G2,Sova,6,3,0,0,1,0,0,0,0,69,1,2
337414,Icebox,C0M,LEV,Sova,6,0,0,0,0,0,1,0,0,45,3,0
337414,Icebox,tex,LEV,Killjoy,1,2,0,0,0,0,3,0,0,42,0,2
337414,Icebox,Mazino,LEV,Harbor,4,1,0,0,0,0,0,0,0,43,8,0
337414,Icebox,aspas,LEV,Jett,4,3,0,0,0,1,0,0,0,81,0,1
337414,Icebox,kiNgg,LEV,Viper,4,0,0,0,1,0,0,0,0,47,1,1
337414,Lotus,valyn,G2,Omen,4,2,1,0,0,1,0,0,0,72,3,1
337414,Lotus,JonahP,G2,Viper,4,0,0,0,0,1,0,0,0,47,1,1
337414,Lotus,leaf,G2,Killjoy,4,0,0,0,0,0,0,0,0,53,0,1
337414,Lotus,icy,G2,Raze,2,1,0,0,1,0,0,0,0,55,4,1
337414,Lotus,trent,G2,Fade,1,0,0,0,0,0,0,0,0,29,3,1
337414,Lotus,C0M,LEV,Fade,0,1,0,0,0,0,0,0,0,44,8,1
337414,Lotus,tex,LEV,Killjoy,0,1,0,0,0,0,0,0,0,41,0,0
337414,Lotus,Mazino,LEV,Omen,6,3,0,0,0,1,0,0,0,62,0,1
337414,Lotus,aspas,LEV,Raze,5,0,0,0,1,0,0,0,0,61,0,1
337414,Lotus,kiNgg,LEV,Viper,4,0,0,0,0,0,0,0,0,53,3,0
337414,Ascent,valyn,G2,Omen,5,1,0,0,2,0,1,0,0,67,2,2
337414,Ascent,JonahP,G2,Kayo,3,1,0,0,0,0,0,0,0,45,2,1
337414,Ascent,leaf,G2,Killjoy,3,0,0,0,0,0,0,0,0,52,0,0
337414,Ascent,icy,G2,Jett,3,0,0,0,0,0,0,0,0,45,0,1
337414,Ascent,trent,G2,Sova,1,2,0,0,0,0,0,0,0,55,2,1
337414,Ascent,C0M,LEV,Sova,2,0,0,0,0,1,0,0,0,64,4,1
337414,Ascent,tex,LEV,Killjoy,2,1,0,0,0,0,0,0,0,41,1,0
337414,Ascent,Mazino,LEV,Kayo,4,0,0,0,0,0,0,0,0,55,2,0
337414,Ascent,aspas,LEV,Jett,2,2,0,0,0,0,0,0,0,43,0,0
337414,Ascent,kiNgg,LEV,Omen,3,3,1,0,1,0,0,0,0,84,2,0
337412,Bind,Asuna,100T,Raze,5,0,0,0,0,0,0,0,0,47,0,2
337412,Bind,Boostio,100T,Gekko,2,0,0,0,0,0,0,0,0,45,6,2
337412,Bind,eeiu,100T,Fade,2,1,1,0,0,1,0,0,0,56,1,0
337412,Bind,bang,100T,Viper,3,1,1,0,1,0,0,0,0,68,0,1
337412,Bind,Cryocells,100T,Brimstone,4,0,0,0,0,0,0,0,0,46,0,0
337412,Bind,valyn,G2,Brimstone,3,1,0,0,1,0,0,0,0,74,1,0
337412,Bind,JonahP,G2,Skye,2,1,0,0,0,0,0,0,0,47,0,0
337412,Bind,leaf,G2,Viper,3,0,1,0,0,0,0,0,0,69,0,0
337412,Bind,icy,G2,Raze,2,0,1,0,0,0,0,0,0,48,0,2
337412,Bind,trent,G2,Gekko,1,0,0,0,0,0,0,0,0,52,5,1
337412,Breeze,Asuna,100T,Kayo,1,1,0,0,0,0,0,0,0,62,5,0
337412,Breeze,Boostio,100T,Cypher,6,2,0,0,0,0,0,0,0,73,0,1
337412,Breeze,eeiu,100T,Sova,1,1,0,0,0,0,0,0,0,59,1,1
337412,Breeze,bang,100T,Viper,5,0,0,0,0,0,0,0,0,61,2,0
337412,Breeze,Cryocells,100T,Jett,4,0,0,0,0,0,0,0,0,48,0,0
337412,Breeze,valyn,G2,Astra,0,0,1,0,0,0,0,0,0,40,4,0
337412,Breeze,JonahP,G2,Viper,2,0,0,0,0,0,0,0,0,44,0,0
337412,Breeze,leaf,G2,Cypher,0,1,0,0,0,0,0,0,0,46,0,1
337412,Breeze,icy,G2,Yoru,4,1,0,0,0,0,0,0,0,46,1,0
337412,Breeze,trent,G2,Sova,0,1,0,0,0,1,0,0,0,31,3,0
337412,Sunset,Asuna,100T,Raze,5,1,1,0,0,0,0,0,0,80,0,1
337412,Sunset,Boostio,100T,Cypher,2,2,0,0,2,0,0,0,0,54,1,1
337412,Sunset,eeiu,100T,Sova,0,0,0,0,0,0,0,0,0,31,0,0
337412,Sunset,bang,100T,Omen,2,2,0,0,0,0,0,0,0,54,1,0
337412,Sunset,Cryocells,100T,Gekko,6,0,0,0,0,0,0,0,0,63,5,0
337412,Sunset,valyn,G2,Omen,4,0,0,0,0,0,0,0,0,61,1,0
337412,Sunset,JonahP,G2,Breach,2,0,0,0,0,0,0,0,0,33,2,0
337412,Sunset,leaf,G2,Cypher,2,0,1,0,0,0,0,0,0,45,0,2
337412,Sunset,icy,G2,Raze,3,2,0,0,0,0,0,0,0,69,1,0
337412,Sunset,trent,G2,Gekko,2,1,0,0,0,0,0,0,0,55,2,0
