match_id,match_title,event,date,format,teams,score,maps_played,patch,pick_ban_info
353177,MIBR vs LEVIATÁN,Champions Tour 2024: Americas Stage 2,2024-06-22 17:00:00,Bo3,MIBR vs LEVIATÁN,0 - 2,2,Patch 8.11,MIBR ban Haven; LEV ban Split; MIBR pick Ascent; LEV pick Icebox; MIBR ban Lotus; LEV ban Sunset; Bind remains
353178,Sentinels vs NRG,Champions Tour 2024: Americas Stage 2,2024-06-22 19:15:00,Bo3,Sentinels vs NRG,2 - 0,2,Patch 8.11,NRG ban Haven; SEN ban Icebox; NRG pick Lotus; SEN pick Sunset; NRG ban Bind; SEN ban Ascent; Split remains
353179,FURIA vs 100 Thieves,Champions Tour 2024: Americas Stage 2,2024-06-23 17:00:00,Bo3,FURIA vs 100 Thieves,2 - 0,2,Patch 8.11,FUR ban Bind; 100T ban Sunset; FUR pick Icebox; 100T pick Haven; FUR ban Lotus; 100T ban Split; Ascent remains
353180,LOUD vs Evil Geniuses,Champions Tour 2024: Americas Stage 2,2024-06-23 19:45:00,Bo3,LOUD vs Evil Geniuses,1 - 2,3,Patch 8.11,LOUD ban Split; EG ban Haven; LOUD pick Lotus; EG pick Sunset; LOUD ban Ascent; EG ban Bind; Icebox remains
353181,G2 Esports vs Cloud9,Champions Tour 2024: Americas Stage 2,2024-06-24 17:00:00,Bo3,G2 Esports vs Cloud9,2 - 1,3,Patch 8.11,G2 ban Sunset; C9 ban Bind; G2 pick Ascent; C9 pick Icebox; G2 ban Haven; C9 ban Split; Lotus remains
353182,Evil Geniuses vs FURIA,Champions Tour 2024: Americas Stage 2,2024-06-29 17:00:00,Bo3,Evil Geniuses vs FURIA,2 - 0,2,Patch 9.0,FUR ban Sunset; EG ban Haven; FUR pick Bind; EG pick Lotus; FUR ban Split; EG ban Ascent; Icebox remains
353183,Sentinels vs KRÜ Esports,Champions Tour 2024: Americas Stage 2,2024-06-29 19:00:00,Bo3,Sentinels vs KRÜ Esports,2 - 0,2,Patch 9.0,KRÜ ban Bind; SEN ban Icebox; KRÜ pick Lotus; SEN pick Split; KRÜ ban Haven; SEN ban Sunset; Ascent remains
353184,LOUD vs MIBR,Champions Tour 2024: Americas Stage 2,2024-06-30 17:00:00,Bo3,LOUD vs MIBR,2 - 1,3,Patch 9.0,MIBR ban Haven; LOUD ban Split; MIBR pick Ascent; LOUD pick Lotus; MIBR ban Bind; LOUD ban Icebox; Sunset remains
353185,LEVIATÁN vs 100 Thieves,Champions Tour 2024: Americas Stage 2,2024-06-30 20:20:00,Bo3,LEVIATÁN vs 100 Thieves,2 - 0,2,Patch 9.0,100T ban Sunset; LEV ban Split; 100T pick Bind; LEV pick Haven; 100T ban Lotus; LEV ban Ascent; Icebox remains
353186,NRG vs G2 Esports,Champions Tour 2024: Americas Stage 2,2024-07-01 17:00:00,Bo3,NRG vs G2 Esports,0 - 2,2,Patch 9.0,NRG ban Lotus; G2 ban Sunset; NRG pick Haven; G2 pick Bind; NRG ban Split; G2 ban Icebox; Ascent remains
353187,Sentinels vs Cloud9,Champions Tour 2024: Americas Stage 2,2024-07-01 19:25:00,Bo3,Sentinels vs Cloud9,2 - 0,2,Patch 9.0,C9 ban Bind; SEN ban Icebox; C9 pick Haven; SEN pick Split; C9 ban Sunset; SEN ban Ascent; Lotus remains
353188,Evil Geniuses vs LEVIATÁN,Champions Tour 2024: Americas Stage 2,2024-07-02 17:00:00,Bo3,Evil Geniuses vs LEVIATÁN,0 - 2,2,Patch 9.0,LEV ban Split; EG ban Haven; LEV pick Icebox; EG pick Sunset; LEV ban Lotus; EG ban Ascent; Bind remains
353189,LOUD vs FURIA,Champions Tour 2024: Americas Stage 2,2024-07-02 19:15:00,Bo3,LOUD vs FURIA,1 - 2,3,Patch 9.0,LOUD ban Split; FUR ban Lotus; LOUD pick Haven; FUR pick Icebox; LOUD ban Ascent; FUR ban Sunset; Bind remains
353190,MIBR vs 100 Thieves,Champions Tour 2024: Americas Stage 2,2024-07-03 17:00:00,Bo3,MIBR vs 100 Thieves,0 - 2,2,Patch 9.0,100T ban Sunset; MIBR ban Bind; 100T pick Icebox; MIBR pick Split; 100T ban Haven; MIBR ban Ascent; Lotus remains
353191,NRG vs KRÜ Esports,Champions Tour 2024: Americas Stage 2,2024-07-03 19:05:00,Bo3,NRG vs KRÜ Esports,2 - 1,3,Patch 9.0,KRÜ ban Bind; NRG ban Lotus; KRÜ pick Split; NRG pick Ascent; KRÜ ban Haven; NRG ban Icebox; Sunset remains
353192,G2 Esports vs KRÜ Esports,Champions Tour 2024: Americas Stage 2,2024-07-06 17:00:00,Bo3,G2 Esports vs KRÜ Esports,2 - 1,3,Patch 9.0,KRÜ ban Bind; G2 ban Sunset; KRÜ pick Lotus; G2 pick Ascent; KRÜ ban Haven; G2 ban Icebox; Split remains
353193,LOUD vs LEVIATÁN,Champions Tour 2024: Americas Stage 2,2024-07-06 20:35:00,Bo3,LOUD vs LEVIATÁN,0 - 2,2,Patch 9.0,LOUD ban Split; LEV ban Ascent; LOUD pick Lotus; LEV pick Icebox; LOUD ban Bind; LEV ban Sunset; Haven remains
353194,MIBR vs FURIA,Champions Tour 2024: Americas Stage 2,2024-07-07 17:00:00,Bo3,MIBR vs FURIA,0 - 2,2,Patch 9.0,MIBR ban Haven; FUR ban Lotus; MIBR pick Sunset; FUR pick Icebox; MIBR ban Split; FUR ban Ascent; Bind remains
353195,NRG vs Cloud9,Champions Tour 2024: Americas Stage 2,2024-07-07 19:15:00,Bo3,NRG vs Cloud9,1 - 2,3,Patch 9.0,NRG ban Lotus; C9 ban Bind; NRG pick Ascent; C9 pick Icebox; NRG ban Haven; C9 ban Split; Sunset remains
353196,Evil Geniuses vs 100 Thieves,Champions Tour 2024: Americas Stage 2,2024-07-08 17:00:00,Bo3,Evil Geniuses vs 100 Thieves,1 - 2,3,Patch 9.0,EG ban Haven; 100T ban Sunset; EG pick Lotus; 100T pick Bind; EG ban Icebox; 100T ban Split; Ascent remains
353197,Cloud9 vs KRÜ Esports,Champions Tour 2024: Americas Stage 2,2024-07-12 20:00:00,Bo3,Cloud9 vs KRÜ Esports,0 - 2,2,Patch 9.0,C9 ban Ascent; KRÜ ban Bind; C9 pick Icebox; KRÜ pick Split; C9 ban Lotus; KRÜ ban Haven; Sunset remains
353198,Evil Geniuses vs MIBR,Champions Tour 2024: Americas Stage 2,2024-07-13 17:00:00,Bo3,Evil Geniuses vs MIBR,0 - 2,2,Patch 9.0,EG ban Haven; MIBR ban Icebox; EG pick Bind; MIBR pick Lotus; EG ban Ascent; MIBR ban Split; Sunset remains
353199,LEVIATÁN vs FURIA,Champions Tour 2024: Americas Stage 2,2024-07-13 19:10:00,Bo3,LEVIATÁN vs FURIA,2 - 0,2,Patch 9.0,LEV ban Split; FUR ban Lotus; LEV pick Sunset; FUR pick Icebox; LEV ban Ascent; FUR ban Haven; Bind remains
353200,LOUD vs 100 Thieves,Champions Tour 2024: Americas Stage 2,2024-07-14 17:00:00,Bo3,LOUD vs 100 Thieves,2 - 1,3,Patch 9.0,LOUD ban Split; 100T ban Sunset; LOUD pick Ascent; 100T pick Bind; LOUD ban Icebox; 100T ban Haven; Lotus remains
353201,Sentinels vs G2 Esports,Champions Tour 2024: Americas Stage 2,2024-07-14 20:00:00,Bo3,Sentinels vs G2 Esports,0 - 2,2,Patch 9.0,G2 ban Sunset; SEN ban Icebox; G2 pick Bind; SEN pick Lotus; G2 ban Split; SEN ban Haven; Ascent remains
371266,KRÜ Esports vs Cloud9,Champions Tour 2024: Americas Stage 2,2024-07-17 17:00:00,Bo3,KRÜ Esports vs Cloud9,2 - 1,3,Patch 9.0,C9 ban Ascent; KRÜ ban Bind; C9 pick Abyss; KRÜ pick Lotus; C9 ban Sunset; KRÜ ban Icebox; Haven remains
371267,Sentinels vs 100 Thieves,Champions Tour 2024: Americas Stage 2,2024-07-17 20:30:00,Bo3,Sentinels vs 100 Thieves,0 - 2,2,Patch 9.0,SEN ban Icebox; 100T ban Sunset; SEN pick Haven; 100T pick Ascent; SEN ban Bind; 100T ban Lotus; Abyss remains
371268,LEVIATÁN vs KRÜ Esports,Champions Tour 2024: Americas Stage 2,2024-07-18 17:00:00,Bo3,LEVIATÁN vs KRÜ Esports,2 - 0,2,Patch 9.0,LEV ban Lotus; KRÜ ban Bind; LEV pick Icebox; KRÜ pick Sunset; LEV ban Abyss; KRÜ ban Ascent; Haven remains
371269,G2 Esports vs 100 Thieves,Champions Tour 2024: Americas Stage 2,2024-07-18 18:55:00,Bo3,G2 Esports vs 100 Thieves,2 - 0,2,Patch 9.0,G2 ban Ascent; 100T ban Bind; G2 pick Lotus; 100T pick Abyss; G2 ban Icebox; 100T ban Sunset; Haven remains
371270,LEVIATÁN vs G2 Esports,Champions Tour 2024: Americas Stage 2,2024-07-19 17:00:00,Bo3,LEVIATÁN vs G2 Esports,0 - 2,2,Patch 9.0,LEV ban Lotus; G2 ban Sunset; LEV pick Icebox; G2 pick Bind; LEV ban Abyss; G2 ban Ascent; Haven remains
371272,KRÜ Esports vs 100 Thieves,Champions Tour 2024: Americas Stage 2,2024-07-19 19:10:00,Bo3,KRÜ Esports vs 100 Thieves,2 - 1,3,Patch 9.0,100T ban Sunset; KRÜ ban Bind; 100T pick Icebox; KRÜ pick Lotus; 100T ban Haven; KRÜ ban Abyss; Ascent remains
371273,LEVIATÁN vs KRÜ Esports,Champions Tour 2024: Americas Stage 2,2024-07-20 17:00:00,Bo5,LEVIATÁN vs KRÜ Esports,3 - 2,5,Patch 9.0,LEV ban Lotus; KRÜ ban Bind; LEV pick Icebox; KRÜ pick Haven; LEV pick Sunset; KRÜ pick Abyss; Ascent remains
371271,G2 Esports vs LEVIATÁN,Champions Tour 2024: Americas Stage 2,2024-07-21 17:00:00,Bo5,G2 Esports vs LEVIATÁN,1 - 3,4,Patch 9.0,G2 ban Icebox; G2 ban Sunset; G2 pick Lotus; LEV pick Haven; G2 pick Bind; LEV pick Ascent; Abyss remains
