Match ID,Map,Player,Team,Agent,2K,3K,4K,5K,1v1,1v2,1v3,1v4,1v5,ECON,PL,DE
353177,Ascent,ShahZaM,MIBR,Sova,3,0,0,0,0,0,0,0,0,49,0,0
353177,Ascent,liazzi,MIBR,Killjoy,2,1,0,0,0,0,0,0,0,55,1,0
353177,Ascent,artzin,MIBR,Yoru,3,1,0,0,0,0,0,0,0,49,2,1
353177,Ascent,mazin,MIBR,Omen,4,2,0,0,0,0,1,0,0,59,4,0
353177,Ascent,Pa1nt,MIBR,Iso,1,0,0,0,0,0,0,0,0,34,0,0
353177,Ascent,C0M,LEV,Sova,2,0,0,0,0,0,0,0,0,41,2,1
353177,Ascent,tex,LEV,Killjoy,3,2,1,0,1,0,0,0,0,75,0,0
353177,Ascent,Mazino,LEV,Kayo,4,3,0,0,0,0,0,0,0,66,5,0
353177,Ascent,aspas,LEV,Jett,2,1,0,0,0,0,0,0,0,47,0,0
353177,Ascent,kiNgg,LEV,Omen,2,1,0,0,0,0,0,0,0,54,1,0
353177,Icebox,ShahZaM,MIBR,Sova,2,0,0,0,1,0,0,0,0,55,1,1
353177,Icebox,liazzi,MIBR,Killjoy,0,0,1,0,0,0,0,0,0,33,0,0
353177,Icebox,artzin,MIBR,Gekko,4,0,1,0,0,0,0,0,0,59,5,0
353177,Icebox,mazin,MIBR,Viper,5,0,1,0,1,0,0,0,0,73,0,0
353177,Icebox,Pa1nt,MIBR,Jett,0,1,0,0,0,0,0,0,0,42,1,0
353177,Icebox,C0M,LEV,Sova,3,1,0,0,0,0,1,0,0,62,2,2
353177,Icebox,tex,LEV,Killjoy,2,0,0,0,0,0,0,0,0,39,0,1
353177,Icebox,Mazino,LEV,Harbor,0,0,0,0,0,0,0,0,0,49,2,0
353177,Icebox,aspas,LEV,Jett,5,0,1,0,1,0,0,0,0,72,0,1
353177,Icebox,kiNgg,LEV,Viper,3,2,1,0,0,0,0,0,0,91,1,0
353178,Lotus,TenZ,SEN,Omen,2,0,0,0,0,0,0,0,0,52,1,0
353178,Lotus,Sacy,SEN,Fade,4,1,0,0,0,0,0,0,0,91,2,0
353178,Lotus,Zellsis,SEN,Cypher,1,0,0,1,0,0,0,0,0,61,5,0
353178,Lotus,johnqt,SEN,Deadlock,2,1,0,0,0,0,0,0,0,47,2,2
353178,Lotus,zekken,SEN,Raze,5,1,1,0,0,0,0,0,0,89,1,0
353178,Lotus,crashies,NRG,Gekko,3,0,0,0,0,0,0,0,0,37,4,2
353178,Lotus,Victor,NRG,Neon,3,0,0,0,0,0,0,0,0,42,0,0
353178,Lotus,FiNESSE,NRG,Cypher,2,0,0,0,0,0,0,0,0,30,0,0
353178,Lotus,s0m,NRG,Clove,3,0,0,0,0,1,0,0,0,55,0,1
353178,Lotus,Ethan,NRG,Breach,2,1,0,0,0,0,0,0,0,51,2,0
353178,Sunset,TenZ,SEN,Omen,3,3,0,0,0,0,0,0,0,49,1,0
353178,Sunset,Sacy,SEN,Gekko,6,0,0,0,0,0,0,0,0,56,8,0
353178,Sunset,Zellsis,SEN,Breach,2,3,0,0,0,2,0,0,0,56,2,1
353178,Sunset,johnqt,SEN,Cypher,3,1,0,0,0,0,0,0,0,39,0,0
353178,Sunset,zekken,SEN,Raze,5,2,0,0,0,0,0,0,0,67,1,0
353178,Sunset,crashies,NRG,Sova,4,0,0,0,1,0,0,0,0,35,1,1
353178,Sunset,Victor,NRG,Neon,2,0,2,0,0,0,0,0,0,59,0,0
353178,Sunset,FiNESSE,NRG,Cypher,0,2,0,0,0,1,0,0,0,32,1,0
353178,Sunset,s0m,NRG,Omen,2,1,0,0,1,0,1,0,0,47,1,1
353178,Sunset,Ethan,NRG,Kayo,4,1,0,0,0,0,0,0,0,41,7,0
353179,Icebox,xand,FUR,Sage,4,0,0,0,0,0,0,0,0,32,4,1
353179,Icebox,nzr,FUR,Sova,3,3,0,0,0,1,0,0,0,61,2,0
353179,Icebox,mwzera,FUR,Jett,0,3,0,0,0,0,0,0,0,56,0,0
353179,Icebox,Khalil,FUR,Viper,3,1,1,0,1,0,0,0,0,54,2,1
353179,Icebox,havoc,FUR,Killjoy,5,0,0,0,0,0,0,0,0,56,0,0
353179,Icebox,Asuna,100T,Gekko,1,1,1,0,0,1,0,0,0,46,5,0
353179,Icebox,Boostio,100T,Killjoy,4,0,0,0,0,0,0,0,0,47,0,0
353179,Icebox,eeiu,100T,Sova,3,2,0,0,1,0,0,0,0,55,2,0
353179,Icebox,bang,100T,Viper,4,0,0,0,0,0,0,0,0,49,1,0
353179,Icebox,Cryocells,100T,Jett,3,2,0,1,0,0,0,0,0,42,0,1
353179,Haven,xand,FUR,Gekko,1,2,0,0,1,0,0,0,0,33,8,0
353179,Haven,nzr,FUR,Breach,5,1,1,0,0,0,0,0,0,55,3,2
353179,Haven,mwzera,FUR,Neon,3,1,0,0,0,0,0,0,0,38,0,0
353179,Haven,Khalil,FUR,Omen,7,2,1,0,1,0,0,0,0,61,1,1
353179,Haven,havoc,FUR,Killjoy,4,0,0,0,1,0,0,0,0,40,1,0
353179,Haven,Asuna,100T,Kayo,4,1,0,0,0,0,0,0,0,50,7,0
353179,Haven,Boostio,100T,Killjoy,7,0,0,0,0,1,0,0,0,48,1,0
353179,Haven,eeiu,100T,Sova,1,0,0,0,0,0,0,0,0,47,0,2
353179,Haven,bang,100T,Omen,5,0,0,0,0,0,0,0,0,38,0,0
353179,Haven,Cryocells,100T,Jett,5,0,0,0,0,0,0,0,0,47,2,0
353180,Lotus,pANcada,LOUD,Omen,0,1,0,0,0,0,0,0,0,36,0,0
353180,Lotus,saadhak,LOUD,Neon,6,1,0,0,0,0,0,0,0,76,0,1
353180,Lotus,tuyz,LOUD,Gekko,2,1,0,0,0,0,0,0,0,47,6,0
353180,Lotus,cauanzin,LOUD,Fade,3,2,0,0,0,0,0,0,0,55,0,0
353180,Lotus,Less,LOUD,Cypher,6,1,0,0,1,0,0,0,0,68,1,1
353180,Lotus,supamen,EG,Omen,5,1,0,0,0,0,0,0,0,67,2,0
353180,Lotus,Derrek,EG,Fade,1,0,0,0,0,0,0,0,0,30,5,0
353180,Lotus,jawgemo,EG,Iso,2,2,0,0,0,0,0,0,0,70,0,0
353180,Lotus,NaturE,EG,Breach,0,0,0,0,1,0,0,0,0,28,1,1
353180,Lotus,Apoth,EG,Cypher,2,0,0,0,0,0,0,0,0,31,0,0
353180,Sunset,pANcada,LOUD,Omen,4,0,0,0,0,0,0,0,0,58,0,0
353180,Sunset,saadhak,LOUD,Neon,1,1,0,0,0,0,0,0,0,46,0,0
353180,Sunset,tuyz,LOUD,Gekko,2,0,0,0,0,0,0,0,0,39,3,0
353180,Sunset,cauanzin,LOUD,Breach,1,1,0,0,0,0,0,0,0,68,0,1
353180,Sunset,Less,LOUD,Cypher,1,1,1,0,0,0,0,0,0,59,0,2
353180,Sunset,supamen,EG,Omen,3,0,0,0,3,0,0,0,0,37,1,1
353180,Sunset,Derrek,EG,Fade,5,0,0,0,0,0,0,0,0,48,2,1
353180,Sunset,jawgemo,EG,Neon,2,3,1,0,0,0,0,0,0,71,1,0
353180,Sunset,NaturE,EG,Breach,1,0,0,0,0,0,0,0,0,38,5,0
353180,Sunset,Apoth,EG,Cypher,4,0,0,0,0,0,0,0,0,50,0,1
353180,Icebox,pANcada,LOUD,Viper,1,0,0,0,0,0,0,0,0,50,0,0
353180,Icebox,saadhak,LOUD,Gekko,4,0,0,0,0,0,0,0,0,44,6,2
353180,Icebox,tuyz,LOUD,Omen,3,2,0,0,0,0,0,0,0,62,2,1
353180,Icebox,cauanzin,LOUD,Kayo,4,1,1,0,0,0,0,0,0,65,0,0
353180,Icebox,Less,LOUD,Killjoy,4,2,0,0,0,0,0,0,0,47,0,0
353180,Icebox,supamen,EG,Clove,1,3,0,0,0,0,1,0,0,48,0,1
353180,Icebox,Derrek,EG,Sova,4,1,0,0,0,0,0,0,0,60,7,0
353180,Icebox,jawgemo,EG,Iso,5,0,0,0,0,0,0,0,0,47,0,0
353180,Icebox,NaturE,EG,Killjoy,4,0,0,0,0,1,0,0,0,50,1,1
353180,Icebox,Apoth,EG,Harbor,1,0,0,0,0,0,0,0,0,30,1,1
353181,Ascent,valyn,G2,Omen,6,0,0,0,0,0,0,0,0,56,4,0
353181,Ascent,JonahP,G2,Kayo,2,1,0,0,0,0,0,0,0,38,0,0
353181,Ascent,leaf,G2,Killjoy,3,2,0,0,0,0,0,0,0,54,1,0
353181,Ascent,icy,G2,Neon,4,1,0,0,0,0,0,0,0,41,0,2
353181,Ascent,trent,G2,Sova,1,2,0,0,0,0,0,0,0,44,2,0
353181,Ascent,moose,C9,Killjoy,1,1,0,0,0,0,0,0,0,47,1,0
353181,Ascent,vanity,C9,Omen,1,1,0,0,0,0,0,0,0,36,0,0
353181,Ascent,Xeppaa,C9,Kayo,2,1,0,0,0,0,0,0,0,52,3,3
353181,Ascent,runi,C9,Sova,4,0,0,0,1,0,0,0,0,83,1,0
353181,Ascent,OXY,C9,Jett,3,1,1,0,0,0,0,0,0,53,0,0
353181,Icebox,valyn,G2,Harbor,4,1,0,0,0,0,0,0,0,67,1,0
353181,Icebox,JonahP,G2,Viper,1,2,0,0,0,0,0,0,0,41,0,0
353181,Icebox,leaf,G2,Killjoy,0,2,0,0,0,0,0,0,0,55,1,0
353181,Icebox,icy,G2,Gekko,1,0,0,0,0,0,0,0,0,41,4,1
353181,Icebox,trent,G2,Sova,0,0,0,1,0,0,0,0,0,50,0,0
353181,Icebox,moose,C9,Killjoy,2,1,0,0,0,1,0,0,0,70,0,0
353181,Icebox,vanity,C9,Viper,1,0,0,0,0,0,0,0,0,46,1,1
353181,Icebox,Xeppaa,C9,Gekko,3,2,0,0,0,0,0,0,0,65,6,1
353181,Icebox,runi,C9,Sova,5,0,0,0,1,0,0,0,0,74,2,1
353181,Icebox,OXY,C9,Reyna,2,0,0,0,0,0,0,0,0,44,1,0
353181,Lotus,valyn,G2,Omen,0,0,0,0,0,0,0,0,0,41,1,0
353181,Lotus,JonahP,G2,Viper,4,0,0,0,0,0,0,0,0,49,0,1
353181,Lotus,leaf,G2,Killjoy,5,2,0,0,0,1,0,0,0,86,0,3
353181,Lotus,icy,G2,Raze,4,1,0,0,0,0,0,0,0,45,2,1
353181,Lotus,trent,G2,Fade,1,1,0,0,0,0,0,0,0,54,4,0
353181,Lotus,moose,C9,Cypher,2,0,0,0,0,0,0,0,0,35,0,1
353181,Lotus,vanity,C9,Omen,3,0,2,0,0,0,0,0,0,65,2,0
353181,Lotus,Xeppaa,C9,Gekko,0,1,0,0,0,0,0,0,0,28,3,0
353181,Lotus,runi,C9,Breach,2,0,0,0,0,0,0,0,0,39,0,1
353181,Lotus,OXY,C9,Raze,1,3,0,0,0,1,0,0,0,63,0,1
353182,Bind,supamen,EG,Omen,4,2,1,0,0,1,0,0,0,104,0,0
353182,Bind,Derrek,EG,Gekko,3,0,0,0,0,0,0,0,0,52,6,2
353182,Bind,jawgemo,EG,Raze,3,2,0,0,0,0,0,0,0,83,1,0
353182,Bind,NaturE,EG,Skye,2,0,0,0,0,0,0,0,0,50,3,0
353182,Bind,Apoth,EG,Brimstone,2,1,1,0,0,0,0,0,0,76,2,0
353182,Bind,xand,FUR,Fade,0,1,0,0,0,1,0,0,0,38,1,0
353182,Bind,nzr,FUR,Gekko,4,0,0,0,0,0,0,0,0,77,2,1
353182,Bind,mwzera,FUR,Raze,2,0,0,0,1,0,0,0,0,33,0,0
353182,Bind,Khalil,FUR,Brimstone,1,1,0,0,0,0,0,0,0,44,1,0
353182,Bind,havoc,FUR,Viper,0,0,0,0,2,0,0,0,0,30,0,2
353182,Lotus,supamen,EG,Omen,3,0,0,0,1,0,0,0,0,51,1,1
353182,Lotus,Derrek,EG,Fade,2,1,0,0,0,0,0,0,0,76,2,1
353182,Lotus,jawgemo,EG,Neon,7,0,1,0,0,0,0,0,0,79,0,0
353182,Lotus,NaturE,EG,Breach,6,0,0,0,1,0,0,0,0,103,1,2
353182,Lotus,Apoth,EG,Cypher,3,0,0,0,0,0,0,0,0,39,0,1
353182,Lotus,xand,FUR,Kayo,0,0,0,0,0,0,0,0,0,17,0,0
353182,Lotus,nzr,FUR,Breach,3,0,0,0,0,0,0,0,0,58,2,1
353182,Lotus,mwzera,FUR,Neon,2,0,0,0,0,0,0,0,0,39,0,0
353182,Lotus,Khalil,FUR,Omen,3,0,0,0,0,0,0,0,0,49,2,0
353182,Lotus,havoc,FUR,Cypher,2,1,0,1,0,0,1,0,0,53,1,0
353183,Lotus,TenZ,SEN,Omen,3,1,0,1,0,0,0,0,0,63,1,0
353183,Lotus,Sacy,SEN,Fade,4,1,0,0,0,0,0,0,0,37,1,1
353183,Lotus,Zellsis,SEN,Breach,3,0,0,0,0,0,0,0,0,41,5,2
353183,Lotus,johnqt,SEN,Cypher,3,0,0,0,1,0,0,0,0,59,2,1
353183,Lotus,zekken,SEN,Raze,3,2,0,0,0,0,0,0,0,70,0,0
353183,Lotus,Melser,KRÜ,Omen,5,0,0,0,1,0,0,0,0,51,1,0
353183,Lotus,keznit,KRÜ,Raze,3,2,0,0,0,0,0,0,0,53,4,1
353183,Lotus,Klaus,KRÜ,Viper,1,0,0,0,0,0,0,0,0,39,2,0
353183,Lotus,heat,KRÜ,Fade,4,2,0,0,0,0,1,0,0,59,4,0
353183,Lotus,Shyy,KRÜ,Killjoy,2,0,0,0,1,0,0,0,0,29,0,0
353183,Split,TenZ,SEN,Omen,2,1,0,0,1,0,0,0,0,49,0,2
353183,Split,Sacy,SEN,Skye,0,2,0,0,0,0,0,0,0,73,4,0
353183,Split,Zellsis,SEN,Viper,1,1,0,0,0,0,0,0,0,53,2,0
353183,Split,johnqt,SEN,Cypher,0,1,0,0,0,0,0,0,0,48,0,0
353183,Split,zekken,SEN,Raze,5,2,0,0,0,0,0,0,0,67,4,0
353183,Split,Melser,KRÜ,Omen,2,0,0,0,1,0,0,0,0,51,1,1
353183,Split,keznit,KRÜ,Raze,6,0,0,0,0,0,0,0,0,58,1,1
353183,Split,Klaus,KRÜ,Cypher,0,1,0,0,0,0,0,0,0,38,1,0
353183,Split,heat,KRÜ,Skye,2,1,0,0,0,0,0,0,0,48,4,0
353183,Split,Shyy,KRÜ,Viper,3,1,0,0,0,0,0,0,0,42,1,0
353184,Ascent,pANcada,LOUD,Omen,3,1,0,0,0,0,1,0,0,53,0,1
353184,Ascent,saadhak,LOUD,Kayo,6,0,0,0,0,1,0,0,0,71,4,1
353184,Ascent,tuyz,LOUD,Jett,2,1,0,1,0,0,0,0,0,63,0,1
353184,Ascent,cauanzin,LOUD,Sova,2,1,0,0,0,0,0,0,0,51,1,1
353184,Ascent,Less,LOUD,Cypher,5,0,0,0,0,0,0,0,0,51,1,1
353184,Ascent,liazzi,MIBR,Kayo,1,2,0,0,1,0,0,0,0,46,3,1
353184,Ascent,artzin,MIBR,Killjoy,1,0,0,0,0,0,0,0,0,53,1,0
353184,Ascent,mazin,MIBR,Omen,3,1,0,0,1,1,0,0,0,64,3,1
353184,Ascent,rich,MIBR,Sova,0,1,0,0,0,0,0,0,0,51,2,0
353184,Ascent,Palla,MIBR,Jett,2,0,0,0,0,0,0,0,0,33,0,0
353184,Lotus,pANcada,LOUD,Omen,2,1,0,0,2,0,0,0,0,52,1,1
353184,Lotus,saadhak,LOUD,Neon,2,0,0,0,0,0,0,0,0,31,0,0
353184,Lotus,tuyz,LOUD,Gekko,3,0,0,0,0,0,0,0,0,30,8,1
353184,Lotus,cauanzin,LOUD,Fade,3,2,1,0,0,0,0,0,0,64,1,1
353184,Lotus,Less,LOUD,Cypher,4,1,0,0,0,0,0,0,0,58,0,1
353184,Lotus,liazzi,MIBR,Killjoy,5,0,0,0,0,0,0,0,0,61,3,1
353184,Lotus,artzin,MIBR,Viper,2,2,1,0,0,0,0,0,0,71,1,2
353184,Lotus,mazin,MIBR,Omen,4,0,0,0,1,0,0,0,0,47,3,1
353184,Lotus,rich,MIBR,Fade,2,1,0,0,0,0,0,0,0,63,4,0
353184,Lotus,Palla,MIBR,Raze,3,1,0,0,0,0,0,0,0,54,0,0
353184,Sunset,pANcada,LOUD,Omen,1,0,0,0,0,0,0,0,0,39,0,0
353184,Sunset,saadhak,LOUD,Neon,2,0,0,0,1,0,0,0,0,38,0,1
353184,Sunset,tuyz,LOUD,Gekko,3,1,1,0,1,0,0,0,0,66,8,2
353184,Sunset,cauanzin,LOUD,Breach,2,1,0,0,0,0,0,0,0,59,0,1
353184,Sunset,Less,LOUD,Cypher,6,1,0,0,0,0,0,0,0,72,0,0
353184,Sunset,liazzi,MIBR,Breach,4,1,0,0,0,0,0,0,0,67,0,1
353184,Sunset,artzin,MIBR,Cypher,2,3,0,0,0,0,0,0,0,49,1,0
353184,Sunset,mazin,MIBR,Omen,2,0,0,0,0,0,0,0,0,43,1,0
353184,Sunset,rich,MIBR,Gekko,0,1,0,0,1,0,0,0,0,41,7,0
353184,Sunset,Palla,MIBR,Raze,3,1,1,0,0,0,0,0,0,50,0,0
353185,Bind,C0M,LEV,Fade,3,0,0,0,1,0,0,0,0,27,0,0
353185,Bind,tex,LEV,Gekko,3,1,0,0,0,0,0,0,0,52,8,0
353185,Bind,Mazino,LEV,Brimstone,3,2,0,0,0,0,0,0,0,55,0,1
353185,Bind,aspas,LEV,Raze,2,1,2,0,0,0,0,0,0,49,0,0
353185,Bind,kiNgg,LEV,Viper,3,1,0,0,1,0,0,0,0,79,0,0
353185,Bind,Asuna,100T,Raze,3,1,0,0,0,0,0,0,0,55,0,0
353185,Bind,Boostio,100T,Gekko,6,0,0,0,1,0,0,0,0,68,4,2
353185,Bind,eeiu,100T,Fade,3,0,0,0,1,0,0,0,0,40,0,2
353185,Bind,bang,100T,Viper,2,1,0,0,1,0,0,0,0,29,1,1
353185,Bind,Cryocells,100T,Brimstone,5,0,0,0,0,0,0,0,0,47,0,0
353185,Haven,C0M,LEV,Sova,0,0,0,0,0,0,0,0,0,46,1,0
353185,Haven,tex,LEV,Cypher,3,1,0,0,0,0,0,0,0,45,0,0
353185,Haven,Mazino,LEV,Breach,3,2,0,0,0,0,0,0,0,69,2,0
353185,Haven,aspas,LEV,Neon,3,2,0,0,0,0,0,0,0,59,0,2
353185,Haven,kiNgg,LEV,Omen,4,0,0,0,1,0,0,0,0,75,0,1
353185,Haven,Asuna,100T,Kayo,2,0,0,0,0,0,0,0,0,56,2,0
353185,Haven,Boostio,100T,Killjoy,1,1,0,0,0,0,0,0,0,37,0,0
353185,Haven,eeiu,100T,Sova,3,0,0,0,0,0,0,0,0,55,0,1
353185,Haven,bang,100T,Omen,5,0,0,0,0,0,0,0,0,47,2,0
353185,Haven,Cryocells,100T,Jett,1,0,1,0,0,0,0,0,0,36,1,0
353186,Haven,crashies,NRG,Fade,2,0,0,0,0,1,0,0,0,34,1,2
353186,Haven,Victor,NRG,Clove,3,1,0,0,0,1,0,0,0,53,1,1
353186,Haven,FiNESSE,NRG,Deadlock,0,0,0,0,0,0,0,0,0,15,3,0
353186,Haven,s0m,NRG,Omen,4,0,0,0,0,0,0,0,0,60,0,0
353186,Haven,Ethan,NRG,Yoru,4,1,1,0,0,0,0,0,0,60,0,0
353186,Haven,valyn,G2,Omen,2,1,0,0,1,0,0,0,0,44,4,0
353186,Haven,JonahP,G2,Breach,2,0,0,0,0,0,0,0,0,31,3,0
353186,Haven,leaf,G2,Killjoy,3,5,0,0,1,0,0,0,0,102,1,0
353186,Haven,icy,G2,Jett,2,1,0,0,0,0,0,0,0,60,0,1
353186,Haven,trent,G2,Sova,5,1,0,0,0,0,0,0,0,71,3,1
353186,Bind,crashies,NRG,Skye,1,1,0,0,0,0,0,0,0,57,0,0
353186,Bind,Victor,NRG,Raze,4,0,0,0,0,0,0,0,0,59,1,1
353186,Bind,FiNESSE,NRG,Viper,3,0,0,0,0,0,0,0,0,34,0,0
353186,Bind,s0m,NRG,Brimstone,3,0,0,0,1,0,0,0,0,41,1,0
353186,Bind,Ethan,NRG,Sage,0,3,0,0,0,0,0,0,0,61,5,0
353186,Bind,valyn,G2,Brimstone,1,0,1,0,2,0,0,0,0,56,3,1
353186,Bind,JonahP,G2,Skye,4,1,0,0,1,0,0,0,0,61,0,1
353186,Bind,leaf,G2,Viper,3,0,1,0,0,0,0,0,0,56,0,0
353186,Bind,icy,G2,Raze,0,1,0,0,0,0,0,0,0,51,0,0
353186,Bind,trent,G2,Gekko,4,1,0,0,0,0,0,0,0,64,7,0
353187,Haven,TenZ,SEN,Omen,0,0,1,0,0,0,0,0,0,58,1,0
353187,Haven,Sacy,SEN,Sova,1,0,0,0,0,0,0,0,0,39,1,1
353187,Haven,Zellsis,SEN,Breach,3,1,0,0,0,1,0,0,0,64,5,0
353187,Haven,johnqt,SEN,Killjoy,2,1,0,0,0,0,0,0,0,60,2,0
353187,Haven,zekken,SEN,Jett,5,1,0,0,0,0,1,0,0,72,0,1
353187,Haven,moose,C9,Killjoy,1,0,0,0,1,0,0,0,0,33,0,1
353187,Haven,vanity,C9,Omen,0,0,1,0,0,0,0,0,0,29,1,0
353187,Haven,Xeppaa,C9,Gekko,1,0,0,0,0,0,0,0,0,50,1,0
353187,Haven,runi,C9,Breach,1,0,0,0,0,0,0,0,0,42,0,1
353187,Haven,OXY,C9,Jett,2,0,1,0,0,0,0,0,0,48,0,0
353187,Split,TenZ,SEN,Omen,3,0,0,0,0,0,0,0,0,45,2,0
353187,Split,Sacy,SEN,Skye,3,0,0,0,0,0,0,0,0,43,3,0
353187,Split,Zellsis,SEN,Viper,3,2,0,0,0,0,0,0,0,72,0,0
353187,Split,johnqt,SEN,Cypher,3,0,0,0,1,0,0,0,0,42,2,2
353187,Split,zekken,SEN,Raze,4,2,0,0,0,0,0,0,0,73,2,0
353187,Split,moose,C9,Cypher,1,1,0,0,0,1,0,0,0,36,0,2
353187,Split,vanity,C9,Omen,3,1,0,0,0,0,0,0,0,56,3,0
353187,Split,Xeppaa,C9,Skye,5,1,0,0,0,0,0,0,0,59,1,1
353187,Split,runi,C9,Viper,1,0,0,0,0,0,0,0,0,42,0,0
353187,Split,OXY,C9,Raze,0,0,0,0,0,0,0,0,0,30,0,0
353188,Icebox,supamen,EG,Clove,2,0,0,0,0,0,0,0,0,38,0,0
353188,Icebox,Derrek,EG,Sova,1,0,0,0,0,0,0,0,0,34,6,0
353188,Icebox,jawgemo,EG,Sage,1,0,0,1,0,1,0,0,0,41,0,0
353188,Icebox,NaturE,EG,Killjoy,0,0,0,0,0,0,0,0,0,25,2,0
353188,Icebox,Apoth,EG,Harbor,2,2,0,0,0,0,0,0,0,55,0,0
353188,Icebox,C0M,LEV,Sova,4,1,0,0,0,0,0,0,0,75,2,2
353188,Icebox,tex,LEV,Killjoy,0,1,0,0,0,0,0,0,0,37,0,1
353188,Icebox,Mazino,LEV,Harbor,4,1,1,0,0,0,0,0,0,81,4,0
353188,Icebox,aspas,LEV,Jett,4,3,0,0,0,0,0,0,0,86,0,0
353188,Icebox,kiNgg,LEV,Viper,3,2,0,0,0,0,0,0,0,80,0,1
353188,Sunset,supamen,EG,Omen,5,1,0,0,0,0,0,0,0,60,2,0
353188,Sunset,Derrek,EG,Fade,7,0,0,0,1,0,0,0,0,81,3,1
353188,Sunset,jawgemo,EG,Neon,5,0,0,0,0,0,0,0,0,52,0,1
353188,Sunset,NaturE,EG,Breach,3,0,0,0,0,0,0,0,0,39,3,1
353188,Sunset,Apoth,EG,Cypher,0,1,0,0,0,1,0,0,0,46,0,0
353188,Sunset,C0M,LEV,Sova,2,0,0,0,0,0,0,0,0,46,2,0
353188,Sunset,tex,LEV,Cypher,3,1,0,0,0,0,0,0,0,40,0,0
353188,Sunset,Mazino,LEV,Breach,4,2,0,0,0,1,0,0,0,61,7,2
353188,Sunset,aspas,LEV,Neon,2,3,0,0,0,0,0,0,0,69,0,0
353188,Sunset,kiNgg,LEV,Omen,2,1,0,0,1,0,0,0,0,55,1,1
353189,Haven,pANcada,LOUD,Viper,3,2,2,0,0,0,0,1,0,87,0,0
353189,Haven,saadhak,LOUD,Neon,3,2,0,0,0,0,0,0,0,55,3,1
353189,Haven,tuyz,LOUD,Omen,3,0,0,0,0,0,0,0,0,38,1,1
353189,Haven,cauanzin,LOUD,Skye,4,1,0,0,0,1,0,0,0,59,4,0
353189,Haven,Less,LOUD,Cypher,1,0,0,0,0,0,0,0,0,39,0,0
353189,Haven,xand,FUR,Gekko,2,0,0,0,0,0,0,0,0,29,5,1
353189,Haven,nzr,FUR,Breach,2,0,1,0,0,0,1,1,0,46,3,1
353189,Haven,mwzera,FUR,Neon,6,2,0,0,0,0,0,0,0,65,0,0
353189,Haven,Khalil,FUR,Omen,2,2,0,0,0,0,0,1,0,62,1,0
353189,Haven,havoc,FUR,Killjoy,3,0,0,0,0,0,0,0,0,49,0,0
353189,Icebox,pANcada,LOUD,Omen,1,2,0,0,0,1,0,0,0,68,0,0
353189,Icebox,saadhak,LOUD,Gekko,4,0,0,0,0,0,0,0,0,39,8,1
353189,Icebox,tuyz,LOUD,Harbor,1,0,1,0,0,0,0,0,0,47,1,0
353189,Icebox,cauanzin,LOUD,Kayo,5,2,1,0,0,1,0,0,0,69,1,2
353189,Icebox,Less,LOUD,Killjoy,3,1,0,0,0,0,0,0,0,62,0,0
353189,Icebox,xand,FUR,Sage,2,2,0,0,0,0,0,0,0,39,6,1
353189,Icebox,nzr,FUR,Sova,4,2,0,0,0,0,0,0,0,72,1,3
353189,Icebox,mwzera,FUR,Jett,3,1,0,0,0,0,0,0,0,52,0,0
353189,Icebox,Khalil,FUR,Viper,3,0,0,0,1,0,0,0,0,40,0,2
353189,Icebox,havoc,FUR,Killjoy,3,1,1,0,0,0,0,0,0,80,2,0
353189,Bind,pANcada,LOUD,Brimstone,2,0,0,0,0,1,0,0,0,33,0,0
353189,Bind,saadhak,LOUD,Neon,0,2,0,0,1,0,0,0,0,60,1,0
353189,Bind,tuyz,LOUD,Gekko,2,1,1,0,0,0,0,0,0,57,5,1
353189,Bind,cauanzin,LOUD,Skye,1,1,0,0,0,0,0,0,0,35,0,0
353189,Bind,Less,LOUD,Omen,3,1,0,0,0,0,0,0,0,45,0,1
353189,Bind,xand,FUR,Sage,0,0,0,0,0,0,0,0,0,25,4,0
353189,Bind,nzr,FUR,Skye,1,0,0,0,0,0,0,0,0,39,1,0
353189,Bind,mwzera,FUR,Raze,3,5,0,0,0,0,0,0,0,104,0,1
353189,Bind,Khalil,FUR,Brimstone,2,2,1,0,0,0,0,0,0,73,2,2
353189,Bind,havoc,FUR,Viper,2,1,0,0,0,0,0,0,0,63,1,0
353190,Icebox,liazzi,MIBR,Gekko,1,0,0,0,0,0,0,0,0,29,2,1
353190,Icebox,artzin,MIBR,Killjoy,0,0,0,0,0,0,0,0,0,27,0,0
353190,Icebox,mazin,MIBR,Viper,1,0,0,0,0,1,0,0,0,38,1,0
353190,Icebox,rich,MIBR,Sova,3,1,0,0,1,0,0,0,0,66,3,0
353190,Icebox,Palla,MIBR,Jett,4,0,0,0,0,0,0,0,0,68,0,0
353190,Icebox,Asuna,100T,Gekko,2,0,0,0,0,0,0,0,0,82,5,1
353190,Icebox,Boostio,100T,Killjoy,5,1,0,0,0,1,0,0,0,83,0,1
353190,Icebox,eeiu,100T,Sova,5,0,0,0,0,0,0,0,0,71,0,1
353190,Icebox,bang,100T,Viper,3,1,0,0,0,0,0,0,0,52,0,0
353190,Icebox,Cryocells,100T,Jett,2,1,0,0,0,0,0,0,0,57,0,0
353190,Split,liazzi,MIBR,Raze,3,0,0,0,0,0,0,0,0,51,1,0
353190,Split,artzin,MIBR,Viper,1,1,0,0,1,0,0,0,0,44,0,3
353190,Split,mazin,MIBR,Omen,1,1,0,0,1,0,0,0,0,32,1,0
353190,Split,rich,MIBR,Skye,1,0,0,0,0,0,0,0,0,28,2,1
353190,Split,Palla,MIBR,Jett,2,1,0,0,0,0,0,0,0,59,0,0
353190,Split,Asuna,100T,Raze,4,0,0,0,0,0,0,0,0,49,1,0
353190,Split,Boostio,100T,Breach,2,1,0,0,0,0,0,0,0,53,6,1
353190,Split,eeiu,100T,Fade,3,3,1,0,3,0,0,0,0,116,0,1
353190,Split,bang,100T,Viper,2,1,1,0,0,0,0,0,0,61,0,0
353190,Split,Cryocells,100T,Astra,3,0,0,0,0,0,0,0,0,49,0,0
353191,Split,crashies,NRG,Breach,1,1,0,0,0,0,0,0,0,47,4,0
353191,Split,Victor,NRG,Neon,4,1,1,0,0,0,0,0,0,58,0,0
353191,Split,FiNESSE,NRG,Cypher,0,0,0,0,0,0,0,0,0,30,0,0
353191,Split,s0m,NRG,Omen,3,2,0,0,1,0,0,0,0,54,2,1
353191,Split,Ethan,NRG,Yoru,4,2,0,0,0,0,0,0,0,67,1,1
353191,Split,Melser,KRÜ,Omen,6,1,0,0,0,0,0,0,0,67,1,0
353191,Split,keznit,KRÜ,Raze,4,1,0,0,0,0,0,0,0,64,3,1
353191,Split,heat,KRÜ,Skye,2,0,1,0,1,0,0,0,0,48,4,1
353191,Split,Shyy,KRÜ,Viper,2,2,0,0,3,0,0,0,0,45,0,2
353191,Split,mta,KRÜ,Cypher,1,1,0,0,0,1,0,0,0,31,1,0
353191,Ascent,crashies,NRG,Sova,4,0,0,0,1,0,0,0,0,56,3,1
353191,Ascent,Victor,NRG,Jett,2,1,0,0,0,0,0,0,0,61,0,0
353191,Ascent,FiNESSE,NRG,Cypher,3,2,0,0,0,0,0,0,0,59,0,0
353191,Ascent,s0m,NRG,Omen,3,2,0,0,0,0,0,0,0,70,4,0
353191,Ascent,Ethan,NRG,Kayo,3,0,0,0,0,0,0,0,0,48,1,0
353191,Ascent,Melser,KRÜ,Omen,3,1,0,0,0,0,0,0,0,58,1,0
353191,Ascent,keznit,KRÜ,Jett,2,0,0,0,0,0,0,0,0,29,0,0
353191,Ascent,heat,KRÜ,Kayo,4,2,0,0,0,0,0,0,0,50,1,0
353191,Ascent,Shyy,KRÜ,Killjoy,2,1,0,0,0,0,0,0,0,56,2,1
353191,Ascent,mta,KRÜ,Sova,3,0,0,0,0,0,0,0,0,44,0,0
353191,Sunset,crashies,NRG,Fade,3,0,0,0,0,1,0,0,0,76,1,1
353191,Sunset,Victor,NRG,Neon,7,0,0,0,0,0,0,0,0,61,0,0
353191,Sunset,FiNESSE,NRG,Cypher,3,0,0,0,2,0,0,0,0,43,0,0
353191,Sunset,s0m,NRG,Omen,2,2,0,0,0,0,0,0,0,48,1,0
353191,Sunset,Ethan,NRG,Breach,2,0,0,0,1,0,0,0,0,43,8,1
353191,Sunset,Melser,KRÜ,Omen,2,0,0,0,0,0,0,0,0,37,1,0
353191,Sunset,keznit,KRÜ,Raze,4,1,1,0,0,0,0,0,0,79,2,1
353191,Sunset,heat,KRÜ,Kayo,4,1,0,0,0,0,0,0,0,53,0,0
353191,Sunset,Shyy,KRÜ,Cypher,3,0,0,0,0,0,0,0,0,62,1,0
353191,Sunset,mta,KRÜ,Sova,0,0,0,0,0,0,0,0,0,22,2,0
353192,Lotus,valyn,G2,Omen,4,0,0,0,1,0,0,0,0,45,0,1
353192,Lotus,JonahP,G2,Viper,1,0,0,0,0,0,0,0,0,45,0,0
353192,Lotus,leaf,G2,Killjoy,1,0,0,0,0,0,0,0,0,47,0,0
353192,Lotus,icy,G2,Raze,3,0,0,0,0,0,0,0,0,49,1,1
353192,Lotus,trent,G2,Fade,2,0,0,0,1,0,0,0,0,29,1,1
353192,Lotus,Melser,KRÜ,Omen,5,2,0,0,1,0,0,0,0,81,4,0
353192,Lotus,keznit,KRÜ,Raze,6,1,1,0,0,0,0,0,0,91,0,0
353192,Lotus,heat,KRÜ,Fade,2,1,0,0,1,0,0,0,0,44,5,1
353192,Lotus,Shyy,KRÜ,Killjoy,1,0,1,0,0,0,0,0,0,49,0,0
353192,Lotus,mta,KRÜ,Viper,2,0,0,0,0,0,0,0,0,48,3,0
353192,Ascent,valyn,G2,Omen,2,1,0,0,1,0,0,0,0,41,1,0
353192,Ascent,JonahP,G2,Kayo,1,4,0,0,1,1,0,0,0,45,2,3
353192,Ascent,leaf,G2,Killjoy,5,1,0,0,0,0,0,0,0,49,2,0
353192,Ascent,icy,G2,Jett,4,2,0,0,0,0,0,0,0,50,0,1
353192,Ascent,trent,G2,Sova,3,0,1,0,1,0,0,0,0,52,6,3
353192,Ascent,Melser,KRÜ,Omen,5,1,0,0,1,0,0,0,0,47,1,1
353192,Ascent,keznit,KRÜ,Jett,5,2,0,0,0,0,0,0,0,53,1,1
353192,Ascent,heat,KRÜ,Kayo,5,0,0,0,0,0,0,0,0,35,3,0
353192,Ascent,Shyy,KRÜ,Killjoy,10,0,0,0,0,0,0,0,0,49,3,1
353192,Ascent,mta,KRÜ,Sova,2,1,0,0,0,0,0,0,0,36,6,0
353192,Split,valyn,G2,Omen,2,3,0,0,0,1,0,0,0,69,3,0
353192,Split,JonahP,G2,Breach,4,0,1,0,1,1,0,0,0,61,1,1
353192,Split,leaf,G2,Viper,3,1,0,0,1,0,0,0,0,54,0,0
353192,Split,icy,G2,Raze,5,0,0,0,0,0,0,0,0,52,2,0
353192,Split,trent,G2,Fade,2,1,0,0,0,1,0,0,0,35,3,0
353192,Split,Melser,KRÜ,Omen,2,2,0,0,0,1,0,0,0,62,1,1
353192,Split,keznit,KRÜ,Raze,1,1,0,0,0,0,0,0,0,57,1,0
353192,Split,heat,KRÜ,Skye,0,1,0,0,0,0,0,0,0,33,1,0
353192,Split,Shyy,KRÜ,Viper,2,2,0,0,0,0,0,0,0,72,0,0
353192,Split,mta,KRÜ,Cypher,1,1,0,0,0,0,0,0,0,39,0,0
353193,Lotus,pANcada,LOUD,Omen,3,1,0,0,1,0,1,0,0,67,0,2
353193,Lotus,saadhak,LOUD,Breach,1,1,0,0,0,0,0,0,0,30,6,1
353193,Lotus,tuyz,LOUD,Raze,2,1,0,0,0,0,0,0,0,37,0,0
353193,Lotus,cauanzin,LOUD,Fade,2,3,0,0,0,0,0,0,0,54,1,0
353193,Lotus,Less,LOUD,Cypher,2,1,0,0,0,0,0,0,0,38,0,0
353193,Lotus,C0M,LEV,Fade,3,3,0,0,0,0,0,0,0,60,1,1
353193,Lotus,tex,LEV,Cypher,5,2,0,0,0,0,0,0,0,61,1,0
353193,Lotus,Mazino,LEV,Breach,5,0,0,0,0,0,0,0,0,53,4,2
353193,Lotus,aspas,LEV,Neon,3,0,0,0,0,0,0,0,0,39,0,1
353193,Lotus,kiNgg,LEV,Omen,4,1,0,0,0,0,0,0,0,50,1,0
353193,Icebox,pANcada,LOUD,Omen,1,1,0,0,0,0,0,0,0,31,0,0
353193,Icebox,saadhak,LOUD,Kayo,1,0,0,0,0,0,0,0,0,38,5,0
353193,Icebox,tuyz,LOUD,Harbor,1,1,0,0,0,0,0,0,0,37,2,0
353193,Icebox,cauanzin,LOUD,Sova,1,3,0,0,0,0,0,0,0,85,1,1
353193,Icebox,Less,LOUD,Killjoy,2,0,0,0,0,0,0,0,0,50,1,0
353193,Icebox,C0M,LEV,Sova,2,0,0,0,0,1,0,0,0,29,0,1
353193,Icebox,tex,LEV,Killjoy,5,0,1,0,1,0,0,0,0,60,0,1
353193,Icebox,Mazino,LEV,Harbor,3,0,0,0,0,0,0,0,0,60,6,2
353193,Icebox,aspas,LEV,Jett,4,2,2,0,0,0,0,0,0,95,0,0
353193,Icebox,kiNgg,LEV,Viper,2,2,0,0,0,1,0,0,0,65,0,1
353194,Sunset,liazzi,MIBR,Breach,4,0,0,0,1,0,0,0,0,45,0,0
353194,Sunset,artzin,MIBR,Cypher,3,5,0,0,0,1,0,0,0,73,0,0
353194,Sunset,mazin,MIBR,Omen,1,0,0,0,1,0,0,0,0,30,0,1
353194,Sunset,rich,MIBR,Gekko,2,0,1,0,0,0,0,0,0,48,9,0
353194,Sunset,Palla,MIBR,Raze,4,0,0,0,0,0,0,0,0,48,0,0
353194,Sunset,xand,FUR,Kayo,5,0,0,0,0,0,0,0,0,46,1,2
353194,Sunset,nzr,FUR,Sova,2,0,0,0,1,0,0,0,0,34,3,2
353194,Sunset,mwzera,FUR,Jett,5,0,0,0,0,0,0,0,0,52,0,0
353194,Sunset,Khalil,FUR,Omen,1,4,1,0,0,0,0,0,0,79,3,0
353194,Sunset,havoc,FUR,Cypher,2,3,1,0,0,0,0,0,0,86,1,0
353194,Icebox,liazzi,MIBR,Gekko,1,0,0,0,0,0,0,0,0,25,6,1
353194,Icebox,artzin,MIBR,Killjoy,4,2,0,0,0,1,0,0,0,62,0,0
353194,Icebox,mazin,MIBR,Viper,0,1,0,0,0,0,0,0,0,34,1,0
353194,Icebox,rich,MIBR,Sova,4,0,0,0,1,0,0,0,0,50,0,0
353194,Icebox,Palla,MIBR,Jett,2,0,1,0,1,0,0,0,0,49,0,1
353194,Icebox,xand,FUR,Sage,2,0,0,0,0,0,0,0,0,40,5,0
353194,Icebox,nzr,FUR,Sova,4,0,0,0,0,0,0,0,0,68,0,0
353194,Icebox,mwzera,FUR,Jett,1,3,0,0,0,0,0,0,0,73,0,1
353194,Icebox,Khalil,FUR,Viper,5,3,0,0,0,0,0,0,0,105,1,0
353194,Icebox,havoc,FUR,Killjoy,1,1,0,0,1,0,0,0,0,61,0,3
353195,Ascent,crashies,NRG,Sova,2,0,0,0,0,0,0,0,0,54,2,1
353195,Ascent,Victor,NRG,Jett,4,1,0,0,0,0,0,0,0,63,1,0
353195,Ascent,FiNESSE,NRG,Cypher,3,1,0,0,0,0,0,0,0,41,0,0
353195,Ascent,s0m,NRG,Omen,0,2,1,0,0,0,0,0,0,62,1,1
353195,Ascent,Ethan,NRG,Kayo,4,0,1,0,0,0,0,0,0,48,6,0
353195,Ascent,moose,C9,Killjoy,0,0,0,0,0,0,0,0,0,33,0,1
353195,Ascent,vanity,C9,Omen,1,0,0,0,0,0,0,0,0,56,1,0
353195,Ascent,Xeppaa,C9,Kayo,1,0,0,0,0,0,0,0,0,70,1,0
353195,Ascent,runi,C9,Sova,0,1,0,0,0,0,0,0,0,43,0,0
353195,Ascent,OXY,C9,Jett,2,0,0,0,0,0,0,0,0,46,0,0
353195,Icebox,crashies,NRG,Sova,1,1,0,0,0,0,0,0,0,43,1,1
353195,Icebox,Victor,NRG,Jett,3,0,0,0,0,0,0,0,0,41,0,0
353195,Icebox,FiNESSE,NRG,Killjoy,2,1,0,0,0,0,0,0,0,68,1,0
353195,Icebox,s0m,NRG,Viper,5,2,0,0,0,0,1,0,0,56,1,0
353195,Icebox,Ethan,NRG,Kayo,1,0,0,0,0,1,0,0,0,46,5,0
353195,Icebox,moose,C9,Killjoy,0,2,0,0,0,1,0,0,0,46,2,0
353195,Icebox,vanity,C9,Viper,3,1,1,0,1,1,0,0,0,51,2,0
353195,Icebox,Xeppaa,C9,Gekko,2,2,0,0,1,0,0,0,0,51,3,0
353195,Icebox,runi,C9,Sova,1,0,0,0,0,0,0,0,0,34,1,1
353195,Icebox,OXY,C9,Reyna,5,3,1,0,0,0,0,0,0,76,0,0
353195,Sunset,crashies,NRG,Fade,3,1,1,0,0,0,0,0,0,39,0,0
353195,Sunset,Victor,NRG,Neon,3,2,0,0,0,0,0,0,0,44,0,0
353195,Sunset,FiNESSE,NRG,Cypher,1,2,0,0,0,0,0,0,0,40,0,1
353195,Sunset,s0m,NRG,Omen,2,3,0,0,0,0,0,0,0,60,0,1
353195,Sunset,Ethan,NRG,Breach,4,0,1,0,0,0,1,0,0,44,11,0
353195,Sunset,moose,C9,Cypher,2,2,0,0,1,0,0,0,0,54,1,0
353195,Sunset,vanity,C9,Omen,5,1,0,0,0,0,0,0,0,51,3,0
353195,Sunset,Xeppaa,C9,Skye,1,0,0,0,0,0,0,0,0,25,4,0
353195,Sunset,runi,C9,Clove,5,1,0,0,0,0,0,0,0,50,2,3
353195,Sunset,OXY,C9,Raze,4,0,1,0,0,0,0,0,0,57,0,2
353196,Lotus,supamen,EG,Omen,5,1,0,0,0,0,0,0,0,52,1,1
353196,Lotus,Derrek,EG,Fade,0,1,0,0,0,0,0,0,0,41,6,0
353196,Lotus,jawgemo,EG,Neon,3,1,2,0,0,0,0,0,0,58,1,0
353196,Lotus,NaturE,EG,Breach,1,0,0,0,0,0,0,0,0,38,0,0
353196,Lotus,Apoth,EG,Cypher,2,0,0,0,1,1,0,0,0,40,0,2
353196,Lotus,Asuna,100T,Raze,5,1,0,0,0,1,0,0,0,66,3,1
353196,Lotus,Boostio,100T,Killjoy,0,2,0,0,0,0,0,0,0,48,0,0
353196,Lotus,eeiu,100T,Fade,4,1,0,0,1,0,0,0,0,60,3,0
353196,Lotus,bang,100T,Viper,3,0,0,0,0,0,0,0,0,48,1,1
353196,Lotus,Cryocells,100T,Omen,5,1,0,0,0,0,0,0,0,44,3,0
353196,Bind,supamen,EG,Omen,5,1,0,0,0,0,0,0,0,83,0,0
353196,Bind,Derrek,EG,Gekko,2,0,0,0,0,0,0,0,0,52,7,1
353196,Bind,jawgemo,EG,Raze,2,1,0,0,0,0,0,0,0,53,0,1
353196,Bind,NaturE,EG,Skye,5,1,0,0,0,1,0,0,0,56,1,3
353196,Bind,Apoth,EG,Brimstone,4,1,0,0,1,0,0,0,0,47,1,0
353196,Bind,Asuna,100T,Raze,4,0,0,0,0,0,0,0,0,43,0,0
353196,Bind,Boostio,100T,Gekko,1,1,0,0,0,0,0,0,0,32,9,0
353196,Bind,eeiu,100T,Fade,5,1,0,0,0,0,0,0,0,65,1,0
353196,Bind,bang,100T,Viper,4,3,0,0,0,0,0,0,0,63,0,0
353196,Bind,Cryocells,100T,Brimstone,3,1,0,0,1,1,0,0,0,36,1,1
353196,Ascent,supamen,EG,Omen,4,1,1,0,0,0,0,0,0,53,0,0
353196,Ascent,Derrek,EG,Sova,4,2,0,0,1,0,0,0,0,67,4,1
353196,Ascent,jawgemo,EG,Jett,0,0,0,0,0,0,0,0,0,36,0,0
353196,Ascent,NaturE,EG,Kayo,3,0,0,0,0,0,0,0,0,53,0,0
353196,Ascent,Apoth,EG,Cypher,2,0,0,0,0,0,0,0,0,40,0,0
353196,Ascent,Asuna,100T,Kayo,2,2,0,0,0,1,0,0,0,58,7,0
353196,Ascent,Boostio,100T,Killjoy,0,0,0,0,0,0,0,0,0,52,2,0
353196,Ascent,eeiu,100T,Sova,6,0,0,0,0,0,0,0,0,67,1,0
353196,Ascent,bang,100T,Omen,4,0,0,0,0,0,0,0,0,54,0,0
353196,Ascent,Cryocells,100T,Jett,4,2,1,0,0,0,0,0,0,88,0,0
353197,Icebox,moose,C9,Killjoy,2,1,0,0,0,0,0,0,0,47,0,1
353197,Icebox,vanity,C9,Viper,2,0,0,0,0,1,0,0,0,61,0,1
353197,Icebox,Xeppaa,C9,Gekko,1,0,0,0,0,1,0,0,0,54,4,1
353197,Icebox,runi,C9,Sova,0,0,0,0,0,0,0,0,0,22,0,1
353197,Icebox,OXY,C9,Reyna,5,1,0,0,0,0,1,0,0,63,0,1
353197,Icebox,Melser,KRÜ,Viper,2,0,0,0,0,1,0,0,0,34,1,0
353197,Icebox,keznit,KRÜ,Jett,4,2,0,0,1,0,0,0,0,73,0,2
353197,Icebox,heat,KRÜ,Kayo,3,1,0,0,0,0,0,0,0,64,2,0
353197,Icebox,Shyy,KRÜ,Killjoy,2,3,0,0,0,0,0,0,0,71,1,0
353197,Icebox,mta,KRÜ,Sova,3,0,0,0,0,0,0,0,0,45,8,0
353197,Split,moose,C9,Cypher,4,1,0,0,1,0,0,0,0,57,1,1
353197,Split,vanity,C9,Omen,2,0,1,0,0,0,0,0,0,37,1,0
353197,Split,Xeppaa,C9,Skye,1,0,0,0,0,0,0,0,0,45,3,0
353197,Split,runi,C9,Viper,1,0,0,0,0,0,0,0,0,39,2,0
353197,Split,OXY,C9,Raze,4,2,0,0,0,0,0,0,0,54,1,0
353197,Split,Melser,KRÜ,Omen,4,1,0,0,0,0,0,0,0,60,0,0
353197,Split,keznit,KRÜ,Raze,6,0,0,0,0,0,0,0,0,69,1,1
353197,Split,heat,KRÜ,Skye,2,1,0,0,0,0,0,0,0,37,5,0
353197,Split,Shyy,KRÜ,Viper,3,0,0,0,1,0,0,0,0,39,0,2
353197,Split,mta,KRÜ,Cypher,4,2,0,0,0,0,0,0,0,73,2,0
353198,Bind,supamen,EG,Omen,2,0,1,0,0,0,0,0,0,51,0,0
353198,Bind,Derrek,EG,Gekko,4,0,1,0,0,1,0,0,0,73,8,0
353198,Bind,jawgemo,EG,Raze,6,0,0,0,0,0,0,0,0,59,0,0
353198,Bind,NaturE,EG,Skye,2,0,0,0,0,0,0,0,0,37,1,0
353198,Bind,Apoth,EG,Brimstone,1,0,0,0,0,0,0,0,0,25,0,1
353198,Bind,liazzi,MIBR,Deadlock,5,0,1,0,1,0,0,0,0,73,2,1
353198,Bind,artzin,MIBR,Cypher,3,0,0,0,0,0,0,0,0,60,1,1
353198,Bind,mazin,MIBR,Brimstone,3,0,0,0,0,0,0,0,0,41,1,1
353198,Bind,rich,MIBR,Skye,1,1,0,0,0,0,0,0,0,54,4,2
353198,Bind,Palla,MIBR,Raze,4,0,0,0,0,0,0,0,0,41,0,0
353198,Lotus,supamen,EG,Omen,1,0,0,0,0,0,0,0,0,61,0,1
353198,Lotus,Derrek,EG,Fade,2,0,0,0,0,0,0,0,0,46,1,0
353198,Lotus,jawgemo,EG,Neon,0,1,0,0,0,0,0,0,0,51,0,0
353198,Lotus,NaturE,EG,Breach,2,0,0,0,1,0,0,0,0,48,1,1
353198,Lotus,Apoth,EG,Cypher,1,0,0,0,0,0,0,0,0,17,0,0
353198,Lotus,liazzi,MIBR,Killjoy,3,0,0,0,0,0,0,0,0,54,0,0
353198,Lotus,artzin,MIBR,Viper,3,1,0,0,0,0,0,0,0,76,4,0
353198,Lotus,mazin,MIBR,Omen,3,1,0,0,1,0,0,0,0,71,3,0
353198,Lotus,rich,MIBR,Fade,3,0,0,0,0,0,0,0,0,65,4,1
353198,Lotus,Palla,MIBR,Raze,6,0,0,0,0,1,0,0,0,62,0,1
353199,Sunset,C0M,LEV,Sova,0,1,1,0,0,0,1,0,0,55,3,0
353199,Sunset,tex,LEV,Cypher,2,1,1,0,0,0,1,0,0,49,2,0
353199,Sunset,Mazino,LEV,Breach,2,0,0,0,0,0,0,0,0,33,5,0
353199,Sunset,aspas,LEV,Neon,2,2,3,0,1,0,0,0,0,103,1,0
353199,Sunset,kiNgg,LEV,Omen,2,0,0,0,0,0,0,0,0,62,0,0
353199,Sunset,xand,FUR,Kayo,0,1,0,0,0,0,0,0,0,37,1,0
353199,Sunset,nzr,FUR,Sova,1,2,0,0,0,2,0,0,0,76,0,3
353199,Sunset,mwzera,FUR,Jett,4,1,0,0,0,0,0,0,0,61,0,0
353199,Sunset,Khalil,FUR,Omen,2,0,0,0,0,0,0,0,0,21,1,0
353199,Sunset,havoc,FUR,Cypher,0,1,0,0,0,0,0,0,0,32,0,0
353199,Icebox,C0M,LEV,Sova,3,2,0,0,0,0,0,0,0,80,1,1
353199,Icebox,tex,LEV,Killjoy,2,1,0,0,0,0,0,0,0,54,0,0
353199,Icebox,Mazino,LEV,Harbor,2,1,0,0,0,0,0,0,0,61,4,1
353199,Icebox,aspas,LEV,Jett,4,0,0,0,0,0,0,0,0,62,0,0
353199,Icebox,kiNgg,LEV,Viper,3,1,0,0,1,0,0,0,0,55,1,1
353199,Icebox,xand,FUR,Sage,1,0,0,0,0,0,0,0,0,46,5,0
353199,Icebox,nzr,FUR,Sova,1,0,0,0,1,0,0,0,0,50,0,0
353199,Icebox,mwzera,FUR,Jett,2,1,0,0,0,0,0,0,0,59,1,0
353199,Icebox,Khalil,FUR,Viper,0,0,0,0,0,0,0,0,0,37,1,0
353199,Icebox,havoc,FUR,Killjoy,2,1,0,0,0,0,0,0,0,55,1,0
353200,Ascent,pANcada,LOUD,Omen,1,0,0,0,0,0,0,0,0,43,1,0
353200,Ascent,saadhak,LOUD,Kayo,1,2,0,0,1,0,0,0,0,51,0,0
353200,Ascent,tuyz,LOUD,Jett,0,0,0,0,0,0,0,0,0,7,0,0
353200,Ascent,cauanzin,LOUD,Sova,1,0,0,0,0,0,0,0,0,49,0,0
353200,Ascent,Less,LOUD,Cypher,0,0,0,0,0,0,0,0,0,10,0,0
353200,Ascent,Asuna,100T,Kayo,2,1,0,0,0,0,0,0,0,103,1,0
353200,Ascent,Boostio,100T,Killjoy,3,0,0,0,0,0,0,0,0,70,0,0
353200,Ascent,eeiu,100T,Sova,2,0,0,0,0,0,0,0,0,40,0,0
353200,Ascent,bang,100T,Omen,2,0,0,0,0,0,0,0,0,53,0,0
353200,Ascent,Cryocells,100T,Jett,3,4,1,0,0,0,0,0,0,121,0,0
353200,Bind,pANcada,LOUD,Brimstone,3,0,0,0,0,1,0,0,0,46,0,1
353200,Bind,saadhak,LOUD,Gekko,3,2,0,0,0,1,0,0,0,54,5,1
353200,Bind,tuyz,LOUD,Raze,2,1,0,0,1,0,0,0,0,49,0,0
353200,Bind,cauanzin,LOUD,Skye,5,0,0,0,0,0,0,0,0,53,1,0
353200,Bind,Less,LOUD,Omen,4,1,0,0,0,1,0,0,0,81,1,0
353200,Bind,Asuna,100T,Raze,5,2,0,0,0,0,0,0,0,65,0,0
353200,Bind,Boostio,100T,Gekko,1,0,0,0,0,0,0,0,0,25,4,0
353200,Bind,eeiu,100T,Fade,2,1,0,0,0,0,0,0,0,75,0,0
353200,Bind,bang,100T,Viper,0,2,1,0,0,0,0,0,0,46,0,1
353200,Bind,Cryocells,100T,Brimstone,2,0,0,0,0,0,0,0,0,45,0,0
353200,Lotus,pANcada,LOUD,Omen,5,2,0,0,0,0,0,0,0,90,1,0
353200,Lotus,saadhak,LOUD,Breach,4,1,0,0,0,0,0,0,0,75,5,1
353200,Lotus,tuyz,LOUD,Raze,2,1,0,0,0,0,0,0,0,48,0,1
353200,Lotus,cauanzin,LOUD,Fade,3,0,0,0,0,0,0,0,0,44,1,1
353200,Lotus,Less,LOUD,Cypher,1,3,0,0,0,0,0,0,0,46,0,0
353200,Lotus,Asuna,100T,Raze,1,0,1,0,0,0,0,0,0,39,1,0
353200,Lotus,Boostio,100T,Killjoy,0,2,0,0,0,0,0,0,0,50,2,1
353200,Lotus,eeiu,100T,Fade,5,0,0,0,0,0,0,0,0,46,1,0
353200,Lotus,bang,100T,Viper,1,1,0,0,0,1,0,0,0,42,2,0
353200,Lotus,Cryocells,100T,Omen,2,2,0,0,1,0,0,0,0,37,2,1
353201,Bind,TenZ,SEN,Gekko,1,0,0,0,0,0,0,0,0,28,7,0
353201,Bind,Sacy,SEN,Fade,2,0,0,0,0,0,0,0,0,31,0,0
353201,Bind,Zellsis,SEN,Brimstone,1,1,1,0,0,0,0,0,1,53,1,0
353201,Bind,johnqt,SEN,Deadlock,0,1,0,0,0,0,0,1,0,44,3,0
353201,Bind,zekken,SEN,Raze,2,1,1,0,0,0,0,0,0,64,1,0
353201,Bind,valyn,G2,Brimstone,6,0,0,0,0,0,0,0,0,54,0,2
353201,Bind,JonahP,G2,Skye,2,1,0,0,0,1,0,0,0,54,0,1
353201,Bind,leaf,G2,Viper,4,0,0,0,0,0,0,0,0,66,0,1
353201,Bind,icy,G2,Raze,3,1,1,0,0,0,0,0,0,68,0,1
353201,Bind,trent,G2,Gekko,1,1,0,0,0,0,0,0,0,48,7,1
353201,Lotus,TenZ,SEN,Omen,4,1,0,0,0,0,0,0,0,63,1,0
353201,Lotus,Sacy,SEN,Fade,1,0,0,0,0,0,0,0,0,53,4,3
353201,Lotus,Zellsis,SEN,Cypher,2,1,1,0,0,0,0,0,0,33,0,0
353201,Lotus,johnqt,SEN,Deadlock,1,2,0,1,0,0,0,0,0,61,4,1
353201,Lotus,zekken,SEN,Raze,1,0,0,0,0,0,0,0,0,38,1,0
353201,Lotus,valyn,G2,Omen,2,0,0,0,0,0,0,0,0,31,1,1
353201,Lotus,JonahP,G2,Viper,3,0,0,0,0,1,0,0,0,54,1,1
353201,Lotus,leaf,G2,Killjoy,1,1,0,0,0,0,0,0,0,46,1,1
353201,Lotus,icy,G2,Raze,6,1,0,0,0,0,0,0,0,68,0,1
353201,Lotus,trent,G2,Fade,0,2,1,0,1,0,1,0,0,68,6,2
371266,Abyss,Melser,KRÜ,Omen,4,1,0,0,0,0,0,0,0,45,0,2
371266,Abyss,keznit,KRÜ,Jett,1,1,1,0,0,0,0,0,0,54,1,0
371266,Abyss,heat,KRÜ,Kayo,8,1,1,0,1,0,0,0,0,87,3,1
371266,Abyss,Shyy,KRÜ,Cypher,4,0,0,0,0,0,0,0,0,47,1,0
371266,Abyss,mta,KRÜ,Sova,4,0,0,0,0,0,0,0,0,35,6,0
371266,Abyss,moose,C9,Killjoy,4,1,0,0,2,0,0,0,0,55,0,3
371266,Abyss,vanity,C9,Omen,3,1,1,0,0,1,0,0,0,48,2,1
371266,Abyss,Xeppaa,C9,Kayo,4,0,0,0,0,0,0,0,0,62,5,0
371266,Abyss,runi,C9,Sova,0,1,0,0,0,0,0,0,0,28,1,0
371266,Abyss,OXY,C9,Jett,1,3,0,0,0,0,0,0,0,47,0,1
371266,Lotus,Melser,KRÜ,Omen,3,1,0,0,0,0,0,0,0,58,2,0
371266,Lotus,keznit,KRÜ,Raze,3,0,2,0,0,1,0,0,0,65,3,0
371266,Lotus,heat,KRÜ,Fade,2,2,0,0,0,1,0,0,0,73,5,0
371266,Lotus,Shyy,KRÜ,Killjoy,3,0,0,0,0,0,0,0,0,44,0,0
371266,Lotus,mta,KRÜ,Viper,3,0,0,0,0,0,0,0,0,32,0,0
371266,Lotus,moose,C9,Killjoy,5,0,0,0,0,0,0,0,0,43,1,0
371266,Lotus,vanity,C9,Omen,3,0,0,0,0,0,0,0,0,40,2,0
371266,Lotus,Xeppaa,C9,Gekko,3,2,0,0,2,0,0,0,0,64,7,0
371266,Lotus,runi,C9,Clove,5,1,0,0,2,0,0,0,0,57,1,0
371266,Lotus,OXY,C9,Raze,2,4,0,0,0,0,0,0,0,59,0,0
371266,Haven,Melser,KRÜ,Omen,2,0,0,0,0,0,0,0,0,57,5,0
371266,Haven,keznit,KRÜ,Neon,4,1,0,0,0,0,0,0,0,66,0,1
371266,Haven,heat,KRÜ,Breach,3,0,0,0,1,0,0,0,0,62,0,2
371266,Haven,Shyy,KRÜ,Cypher,2,1,0,0,0,0,0,0,0,69,0,1
371266,Haven,mta,KRÜ,Sova,5,1,0,0,0,0,0,0,0,83,1,1
371266,Haven,moose,C9,Killjoy,2,1,0,0,0,0,0,0,0,65,0,1
371266,Haven,vanity,C9,Omen,0,0,0,0,0,0,0,0,0,18,0,1
371266,Haven,Xeppaa,C9,Breach,2,0,0,0,1,0,0,0,0,37,6,0
371266,Haven,runi,C9,Sova,1,2,0,0,0,0,0,0,0,63,2,0
371266,Haven,OXY,C9,Jett,2,0,0,0,0,0,0,0,0,48,0,0
371267,Haven,TenZ,SEN,Omen,4,0,0,0,0,0,0,0,0,66,0,0
371267,Haven,Sacy,SEN,Sova,3,0,0,0,0,0,0,0,0,44,3,0
371267,Haven,Zellsis,SEN,Breach,1,1,0,0,0,0,0,0,0,35,2,1
371267,Haven,johnqt,SEN,Killjoy,1,1,1,0,0,0,0,0,0,53,0,2
371267,Haven,zekken,SEN,Jett,2,1,0,0,0,0,0,0,0,40,0,0
371267,Haven,Asuna,100T,Yoru,4,2,1,0,0,0,0,0,0,72,6,0
371267,Haven,Boostio,100T,Cypher,3,1,0,0,0,1,0,0,0,56,0,1
371267,Haven,eeiu,100T,Sova,2,0,0,0,1,0,0,0,0,67,2,0
371267,Haven,bang,100T,Omen,2,0,0,0,0,0,0,0,0,52,4,0
371267,Haven,Cryocells,100T,Iso,5,0,0,0,0,0,0,0,0,57,0,0
371267,Ascent,TenZ,SEN,Omen,2,2,0,0,0,0,0,0,0,52,1,0
371267,Ascent,Sacy,SEN,Sova,1,1,0,0,1,0,0,0,0,61,4,0
371267,Ascent,Zellsis,SEN,Cypher,2,0,0,0,1,0,0,0,0,50,0,0
371267,Ascent,johnqt,SEN,Deadlock,1,0,0,0,0,0,0,0,0,39,4,0
371267,Ascent,zekken,SEN,Jett,1,7,0,0,0,0,0,0,0,83,0,0
371267,Ascent,Asuna,100T,Kayo,2,1,0,0,0,0,0,0,0,41,3,1
371267,Ascent,Boostio,100T,Killjoy,1,0,0,0,0,0,0,0,0,25,1,0
371267,Ascent,eeiu,100T,Sova,3,0,0,0,0,0,0,0,0,35,1,0
371267,Ascent,bang,100T,Omen,4,4,1,0,3,0,0,0,0,84,2,1
371267,Ascent,Cryocells,100T,Jett,4,0,0,1,0,1,0,0,0,60,0,1
371268,Icebox,C0M,LEV,Sova,2,0,0,0,0,0,0,0,0,38,1,0
371268,Icebox,tex,LEV,Killjoy,2,4,0,0,1,0,0,0,0,90,0,2
371268,Icebox,Mazino,LEV,Harbor,2,0,0,0,0,0,0,0,0,52,2,1
371268,Icebox,aspas,LEV,Jett,6,1,1,0,0,1,0,0,0,91,0,1
371268,Icebox,kiNgg,LEV,Viper,1,1,0,0,1,0,0,0,0,69,0,1
371268,Icebox,Melser,KRÜ,Viper,0,0,1,0,0,0,0,0,0,38,3,0
371268,Icebox,keznit,KRÜ,Jett,1,1,0,0,0,0,0,0,0,44,0,0
371268,Icebox,heat,KRÜ,Kayo,0,0,0,0,0,0,0,0,0,17,0,0
371268,Icebox,Shyy,KRÜ,Killjoy,1,1,0,0,0,0,0,0,0,52,1,0
371268,Icebox,mta,KRÜ,Sova,1,0,0,0,0,0,0,0,0,27,3,0
371268,Sunset,C0M,LEV,Sova,2,0,0,0,0,0,0,0,0,77,1,0
371268,Sunset,tex,LEV,Cypher,4,1,0,0,1,0,0,0,0,81,0,1
371268,Sunset,Mazino,LEV,Breach,2,0,0,0,0,0,0,0,0,55,1,1
371268,Sunset,aspas,LEV,Neon,5,1,0,0,0,0,0,0,0,66,0,0
371268,Sunset,kiNgg,LEV,Omen,4,1,0,0,0,0,0,0,0,82,0,0
371268,Sunset,Melser,KRÜ,Omen,1,0,0,0,1,0,0,0,0,49,0,0
371268,Sunset,keznit,KRÜ,Neon,3,1,0,0,0,0,0,0,0,60,1,0
371268,Sunset,heat,KRÜ,Breach,0,0,0,0,0,0,0,0,0,29,0,0
371268,Sunset,Shyy,KRÜ,Cypher,2,0,0,0,0,0,0,0,0,44,1,0
371268,Sunset,mta,KRÜ,Sova,1,0,0,0,0,0,0,0,0,31,2,0
371269,Lotus,valyn,G2,Omen,3,1,0,0,0,0,0,0,0,57,1,0
371269,Lotus,JonahP,G2,Viper,2,3,1,0,0,0,0,0,0,151,0,1
371269,Lotus,leaf,G2,Killjoy,3,1,0,0,0,0,0,0,0,72,0,0
371269,Lotus,icy,G2,Raze,1,0,0,0,0,0,0,0,0,31,2,0
371269,Lotus,trent,G2,Fade,3,1,0,0,0,0,0,0,0,70,2,2
371269,Lotus,Asuna,100T,Raze,1,0,0,0,0,0,0,0,0,24,2,0
371269,Lotus,Boostio,100T,Killjoy,2,1,1,0,0,1,0,0,0,69,1,0
371269,Lotus,eeiu,100T,Fade,2,0,0,0,0,0,0,0,0,31,1,0
371269,Lotus,bang,100T,Viper,2,1,0,0,0,1,0,0,0,51,1,0
371269,Lotus,Cryocells,100T,Omen,2,0,0,0,0,0,0,0,0,38,3,0
371269,Abyss,valyn,G2,Astra,6,1,0,0,0,0,0,0,0,71,1,1
371269,Abyss,JonahP,G2,Viper,3,1,0,0,0,0,0,0,0,33,0,0
371269,Abyss,leaf,G2,Killjoy,4,1,0,0,0,0,0,0,0,55,0,2
371269,Abyss,icy,G2,Yoru,3,1,0,0,0,0,0,0,0,41,0,0
371269,Abyss,trent,G2,Sova,4,1,1,0,0,1,0,0,0,64,8,3
371269,Abyss,Asuna,100T,Gekko,3,0,0,0,0,0,0,0,0,53,9,0
371269,Abyss,Boostio,100T,Cypher,3,0,0,0,0,0,0,0,0,32,0,2
371269,Abyss,eeiu,100T,Sova,1,0,1,0,0,2,0,0,0,42,1,1
371269,Abyss,bang,100T,Omen,3,2,0,0,0,1,0,0,0,55,0,0
371269,Abyss,Cryocells,100T,Jett,2,5,0,0,1,0,0,0,0,66,1,0
371270,Icebox,C0M,LEV,Sova,2,2,0,0,0,0,0,0,0,45,0,1
371270,Icebox,tex,LEV,Killjoy,3,0,1,0,0,0,0,0,0,62,0,0
371270,Icebox,Mazino,LEV,Harbor,3,1,0,0,0,0,0,0,0,39,7,0
371270,Icebox,aspas,LEV,Jett,1,2,0,0,0,0,0,0,0,61,0,0
371270,Icebox,kiNgg,LEV,Viper,5,0,0,0,1,0,0,0,0,57,0,0
371270,Icebox,valyn,G2,Harbor,4,1,0,0,0,0,0,0,0,37,3,0
371270,Icebox,JonahP,G2,Viper,2,4,0,0,1,0,0,0,0,75,1,0
371270,Icebox,leaf,G2,Killjoy,3,1,0,0,0,0,0,0,0,50,0,0
371270,Icebox,icy,G2,Gekko,3,1,0,0,0,1,0,0,0,44,7,0
371270,Icebox,trent,G2,Sova,2,0,0,0,1,0,0,0,0,53,0,1
371270,Bind,C0M,LEV,Fade,0,0,0,0,0,0,0,0,0,26,0,0
371270,Bind,tex,LEV,Gekko,2,0,0,0,0,0,0,0,0,28,3,0
371270,Bind,Mazino,LEV,Brimstone,2,0,0,0,0,0,0,0,0,46,0,0
371270,Bind,aspas,LEV,Raze,5,3,0,0,0,0,0,0,0,67,0,1
371270,Bind,kiNgg,LEV,Viper,5,1,1,0,0,0,0,0,0,90,1,0
371270,Bind,valyn,G2,Brimstone,4,0,1,0,1,1,0,0,0,61,1,1
371270,Bind,JonahP,G2,Skye,3,0,1,0,1,0,0,0,0,46,0,0
371270,Bind,leaf,G2,Viper,2,0,0,0,1,0,0,0,0,59,2,0
371270,Bind,icy,G2,Raze,4,0,0,0,0,0,0,0,0,61,1,0
371270,Bind,trent,G2,Gekko,3,0,0,0,0,0,0,0,0,34,5,1
371272,Icebox,Melser,KRÜ,Viper,2,2,0,0,0,1,0,0,0,71,1,2
371272,Icebox,keznit,KRÜ,Jett,4,1,0,0,0,0,0,0,0,57,0,1
371272,Icebox,heat,KRÜ,Kayo,2,0,0,0,0,0,0,0,0,42,1,0
371272,Icebox,Shyy,KRÜ,Killjoy,2,1,0,0,1,0,0,0,0,60,0,1
371272,Icebox,mta,KRÜ,Sova,1,0,0,0,0,0,0,0,0,36,1,0
371272,Icebox,Asuna,100T,Gekko,4,1,0,0,0,1,0,0,0,67,6,0
371272,Icebox,Boostio,100T,Killjoy,3,0,0,0,0,0,0,0,0,60,1,0
371272,Icebox,eeiu,100T,Sova,4,2,0,0,0,1,0,0,0,46,2,0
371272,Icebox,bang,100T,Viper,2,0,0,0,0,0,0,0,0,39,0,0
371272,Icebox,Cryocells,100T,Jett,6,1,1,0,0,0,0,0,0,70,1,0
371272,Lotus,Melser,KRÜ,Omen,1,0,0,0,0,0,0,0,0,36,2,1
371272,Lotus,keznit,KRÜ,Raze,4,0,0,0,0,0,0,0,0,55,3,0
371272,Lotus,heat,KRÜ,Fade,4,2,0,0,0,0,0,0,0,52,2,1
371272,Lotus,Shyy,KRÜ,Killjoy,3,2,1,0,0,0,0,0,0,72,0,1
371272,Lotus,mta,KRÜ,Viper,4,1,0,0,0,0,0,0,0,47,1,0
371272,Lotus,Asuna,100T,Raze,0,0,0,0,0,0,0,0,0,42,3,0
371272,Lotus,Boostio,100T,Killjoy,4,2,0,0,0,0,0,0,0,62,1,0
371272,Lotus,eeiu,100T,Fade,0,3,0,0,1,1,0,0,0,37,1,0
371272,Lotus,bang,100T,Viper,6,0,0,0,0,0,0,0,0,62,1,0
371272,Lotus,Cryocells,100T,Omen,4,1,0,0,0,1,0,0,0,54,3,1
371272,Ascent,Melser,KRÜ,Omen,2,2,0,0,0,0,0,0,0,60,0,1
371272,Ascent,keznit,KRÜ,Jett,4,0,0,0,1,0,0,0,0,48,0,1
371272,Ascent,heat,KRÜ,Kayo,1,1,0,0,0,0,0,0,0,42,2,0
371272,Ascent,Shyy,KRÜ,Killjoy,2,1,0,0,1,0,0,0,0,52,2,2
371272,Ascent,mta,KRÜ,Sova,3,1,1,0,0,1,0,0,0,52,3,1
371272,Ascent,Asuna,100T,Kayo,4,1,0,0,0,0,0,0,0,59,3,0
371272,Ascent,Boostio,100T,Killjoy,4,0,0,0,0,0,0,0,0,41,2,0
371272,Ascent,eeiu,100T,Sova,3,2,0,0,0,0,1,0,0,56,1,2
371272,Ascent,bang,100T,Omen,5,1,0,0,0,0,0,0,0,48,2,0
371272,Ascent,Cryocells,100T,Jett,4,2,0,0,0,0,0,0,0,43,0,0
371273,Icebox,C0M,LEV,Sova,1,0,0,0,0,0,0,0,0,78,4,1
371273,Icebox,tex,LEV,Killjoy,2,1,1,0,0,0,0,0,0,103,0,0
371273,Icebox,Mazino,LEV,Harbor,4,1,0,0,0,0,0,0,0,64,6,1
371273,Icebox,aspas,LEV,Jett,2,4,0,0,0,0,0,0,0,106,0,0
371273,Icebox,kiNgg,LEV,Viper,1,1,0,0,0,0,0,0,0,65,1,0
371273,Icebox,Melser,KRÜ,Viper,1,0,0,0,1,0,0,0,0,27,0,0
371273,Icebox,keznit,KRÜ,Reyna,1,0,0,0,0,0,0,0,0,35,0,0
371273,Icebox,heat,KRÜ,Gekko,0,1,0,0,0,0,0,0,0,27,4,0
371273,Icebox,Shyy,KRÜ,Killjoy,2,1,0,0,0,0,0,0,0,38,0,0
371273,Icebox,mta,KRÜ,Sova,1,0,0,0,0,0,0,0,0,39,0,0
371273,Haven,C0M,LEV,Sova,4,0,1,0,0,0,0,0,0,72,2,1
371273,Haven,tex,LEV,Cypher,3,0,0,0,0,0,0,0,0,44,0,0
371273,Haven,Mazino,LEV,Breach,2,1,1,0,0,0,0,0,0,64,2,0
371273,Haven,aspas,LEV,Neon,3,1,0,0,1,1,0,0,0,46,1,1
371273,Haven,kiNgg,LEV,Omen,4,0,0,0,0,0,0,0,0,46,4,1
371273,Haven,Melser,KRÜ,Omen,1,1,0,0,1,1,0,0,0,35,3,1
371273,Haven,keznit,KRÜ,Neon,3,1,2,0,0,0,0,0,0,71,1,0
371273,Haven,heat,KRÜ,Breach,5,0,0,0,0,0,0,0,0,50,0,3
371273,Haven,Shyy,KRÜ,Cypher,2,2,0,0,2,0,0,0,0,66,0,2
371273,Haven,mta,KRÜ,Sova,2,1,0,0,0,0,0,0,0,47,3,0
371273,Sunset,C0M,LEV,Sova,3,1,0,0,1,0,0,0,0,53,2,0
371273,Sunset,tex,LEV,Cypher,1,1,0,0,1,0,0,0,0,39,0,1
371273,Sunset,Mazino,LEV,Breach,5,1,0,0,0,0,0,0,0,61,3,0
371273,Sunset,aspas,LEV,Neon,0,0,0,0,0,0,0,0,0,34,0,0
371273,Sunset,kiNgg,LEV,Omen,0,1,0,0,0,0,0,0,0,46,0,0
371273,Sunset,Melser,KRÜ,Omen,2,1,0,0,1,0,0,0,0,41,1,0
371273,Sunset,keznit,KRÜ,Neon,2,2,0,0,0,0,0,0,0,68,1,0
371273,Sunset,heat,KRÜ,Breach,6,1,0,0,1,0,0,0,0,75,3,0
371273,Sunset,Shyy,KRÜ,Cypher,3,1,0,0,1,0,0,0,0,67,2,0
371273,Sunset,mta,KRÜ,Sova,1,0,1,0,0,0,0,0,0,49,3,1
371273,Abyss,C0M,LEV,Sova,1,0,1,0,1,0,0,0,0,49,3,1
371273,Abyss,tex,LEV,Cypher,4,0,1,0,0,0,0,0,0,47,0,0
371273,Abyss,Mazino,LEV,Harbor,6,0,1,0,1,0,0,0,0,69,7,1
371273,Abyss,aspas,LEV,Jett,4,1,2,0,0,0,0,0,0,72,0,0
371273,Abyss,kiNgg,LEV,Omen,3,0,0,0,0,0,0,0,0,45,0,1
371273,Abyss,Melser,KRÜ,Omen,0,0,0,0,0,0,0,0,0,32,4,1
371273,Abyss,keznit,KRÜ,Jett,2,0,0,0,0,0,0,0,0,44,0,0
371273,Abyss,heat,KRÜ,Kayo,1,0,0,0,1,0,0,0,0,40,1,1
371273,Abyss,Shyy,KRÜ,Cypher,3,3,0,0,1,1,0,0,0,63,2,2
371273,Abyss,mta,KRÜ,Sova,3,2,1,0,0,0,1,0,0,64,0,1
371273,Ascent,C0M,LEV,Sova,2,1,0,0,0,0,0,0,0,50,3,1
371273,Ascent,tex,LEV,Cypher,1,1,0,1,0,0,0,0,0,49,3,0
371273,Ascent,Mazino,LEV,Deadlock,2,2,0,0,0,0,0,0,0,57,3,0
371273,Ascent,aspas,LEV,Jett,3,5,0,0,0,0,0,0,0,86,0,0
371273,Ascent,kiNgg,LEV,Omen,5,0,0,0,0,0,0,0,0,53,0,0
371273,Ascent,Melser,KRÜ,Omen,1,2,0,0,1,1,0,0,0,43,2,2
371273,Ascent,keznit,KRÜ,Jett,2,2,0,0,0,1,0,0,0,49,2,0
371273,Ascent,heat,KRÜ,Kayo,5,0,0,0,0,0,0,0,0,38,1,0
371273,Ascent,Shyy,KRÜ,Killjoy,4,1,0,0,0,0,0,0,0,56,0,0
371273,Ascent,mta,KRÜ,Sova,2,0,0,0,0,0,0,0,0,35,2,0
371271,Lotus,valyn,G2,Omen,4,4,0,0,1,0,0,0,0,49,2,0
371271,Lotus,JonahP,G2,Viper,4,0,0,0,0,0,0,0,0,31,1,0
371271,Lotus,leaf,G2,Killjoy,4,0,0,0,1,2,0,0,0,51,1,1
371271,Lotus,icy,G2,Raze,1,0,1,0,0,0,0,0,0,43,0,0
371271,Lotus,trent,G2,Fade,2,0,0,0,0,1,0,0,0,33,4,0
371271,Lotus,C0M,LEV,Fade,3,1,0,0,0,0,0,0,0,38,0,0
371271,Lotus,tex,LEV,Cypher,1,1,1,0,0,0,0,0,0,49,0,0
371271,Lotus,Mazino,LEV,Breach,5,4,1,0,0,0,0,0,0,77,7,1
371271,Lotus,aspas,LEV,Neon,5,2,0,0,0,0,0,0,0,68,0,1
371271,Lotus,kiNgg,LEV,Omen,2,0,0,0,0,0,0,0,0,35,1,0
371271,Haven,valyn,G2,Omen,4,0,0,0,0,0,0,0,0,25,3,1
371271,Haven,JonahP,G2,Breach,8,0,0,0,0,0,0,0,0,48,1,4
371271,Haven,leaf,G2,Killjoy,4,0,1,0,1,0,0,0,0,46,1,0
371271,Haven,icy,G2,Jett,2,1,0,0,0,0,0,0,0,43,0,0
371271,Haven,trent,G2,Sova,5,0,0,0,1,0,0,0,0,44,7,1
371271,Haven,C0M,LEV,Sova,3,3,0,0,0,0,0,0,0,65,1,2
371271,Haven,tex,LEV,Cypher,3,1,1,0,1,0,0,0,0,50,0,1
371271,Haven,Mazino,LEV,Breach,2,3,0,0,0,0,0,0,0,53,10,0
371271,Haven,aspas,LEV,Neon,0,3,0,0,0,0,0,0,0,36,0,0
371271,Haven,kiNgg,LEV,Omen,3,1,0,0,1,0,0,0,0,35,2,3
371271,Bind,valyn,G2,Brimstone,2,0,0,0,0,0,0,0,0,35,1,0
371271,Bind,JonahP,G2,Skye,5,1,0,0,0,0,0,0,0,64,1,2
371271,Bind,leaf,G2,Viper,6,1,0,0,0,0,1,0,0,96,0,0
371271,Bind,icy,G2,Raze,6,0,0,0,1,0,0,0,0,53,1,3
371271,Bind,trent,G2,Gekko,1,0,0,0,1,0,0,0,0,37,8,2
371271,Bind,C0M,LEV,Fade,2,1,0,0,1,1,0,0,0,60,0,2
371271,Bind,tex,LEV,Gekko,3,0,0,0,0,0,0,0,0,46,4,1
371271,Bind,Mazino,LEV,Brimstone,1,1,1,0,0,0,0,0,0,70,4,2
371271,Bind,aspas,LEV,Raze,0,2,0,0,1,0,0,0,0,33,0,2
371271,Bind,kiNgg,LEV,Viper,4,1,0,0,0,0,0,0,0,39,0,0
371271,Ascent,valyn,G2,Omen,3,1,0,0,0,0,0,0,0,65,0,1
371271,Ascent,JonahP,G2,Kayo,2,0,0,0,0,0,0,0,0,31,0,0
371271,Ascent,leaf,G2,Killjoy,1,0,0,0,0,1,0,0,0,16,1,1
371271,Ascent,icy,G2,Jett,2,0,0,0,1,0,0,0,0,28,0,1
371271,Ascent,trent,G2,Sova,0,0,0,0,0,0,0,0,0,42,0,0
371271,Ascent,C0M,LEV,Sova,2,1,0,0,0,0,0,0,0,51,2,0
371271,Ascent,tex,LEV,Cypher,4,0,0,0,0,0,0,0,0,62,1,0
371271,Ascent,Mazino,LEV,Deadlock,2,1,1,0,0,0,0,0,0,57,6,0
371271,Ascent,aspas,LEV,Jett,4,2,0,0,0,0,0,0,0,87,0,1
371271,Ascent,kiNgg,LEV,Omen,1,2,0,0,0,0,0,0,0,75,1,0
